combo,dataset_id,beta_python,se_python,score_residual_sum,beta_r,se_r,abs_beta_difference,abs_se_difference
0,0,0.015607538016877266,0.03950550442306801,7.607248164731573e-13,0.0156075380168764,0.0395055044230678,8.656270145124267e-16,2.0816681711721685e-16
0,1,0.004613436410227271,0.03991175136263851,-5.773159728050814e-13,0.0046134364102222,0.0399117513626385,5.070596720280207e-15,1.3877787807814457e-17
0,2,0.011573430055966463,0.04021642663368239,1.4477308241112041e-12,0.0115734300559692,0.0402164266336824,2.7373936450914016e-15,6.938893903907228e-18
0,3,0.06778985011384563,0.03985988774891387,-1.3162804179955856e-12,0.0677898501132373,0.0398598877489137,6.083328285555467e-13,1.734723475976807e-16
0,4,0.11562167127653031,0.03994085527907203,7.087663789206999e-13,0.115621671093677,0.0399408552789945,1.8285330194434124e-10,7.752826158835546e-14
0,5,-0.005169658525392223,0.03998461683831391,1.2541079286165768e-12,-0.0051696585253926,0.039984616838314,3.7643499428696714e-16,9.020562075079397e-17
0,6,0.014565450283623911,0.03997474739805392,-5.826450433232822e-13,0.0145654502836212,0.0399747473980538,2.7113727929517495e-15,1.1796119636642288e-16
0,7,-0.021818464019422296,0.04057068433501813,1.2561063300609021e-12,-0.0218184640194202,0.0405706843350182,2.095545958979983e-15,7.632783294297951e-17
0,8,-0.009146111474818806,0.03989423426858074,1.9699797348948778e-12,-0.0091461114748151,0.0398942342685807,3.70536934468646e-15,4.163336342344337e-17
0,9,-0.05776979980146307,0.040009887902332925,1.226574397605873e-12,-0.0577697998013777,0.0400098879023328,8.537615059367454e-14,1.249000902703301e-16
0,10,0.005204841245632574,0.04001345675611873,1.680877659282487e-13,0.0052048412456327,0.0400134567561186,1.2576745200831851e-16,1.3183898417423734e-16
0,11,0.02954277535279442,0.03951902601481461,-1.2922996006636822e-12,0.029542775352788,0.0395190260148147,6.418476861114186e-15,9.020562075079397e-17
0,12,0.02118674890719477,0.04006018619611098,1.3749001936957939e-12,0.0211867489071985,0.040060186196111,3.729655473350135e-15,2.0816681711721685e-17
0,13,0.021678083392952227,0.03945628300749862,-4.973799150320701e-14,0.0216780833929455,0.0394562830074985,6.727257639838058e-15,1.249000902703301e-16
0,14,0.053940641429589445,0.03965025376687815,-9.396927680427325e-13,0.0539408115353869,0.0396502560912347,1.7010579745485588e-07,2.324356554450624e-09
0,15,-0.028423210412036527,0.03955328437017634,-7.460698725481052e-14,-0.0284232104120257,0.0395532843701762,1.082814393704723e-14,1.3877787807814457e-16
0,16,0.05752141292754318,0.03949560596740677,-1.4952483695651608e-12,0.0575214129250684,0.0394956059674066,2.4747842664041286e-12,1.6653345369377348e-16
0,17,-0.011413218514293963,0.03969760570572939,-3.694822225952521e-13,-0.0114132185142988,0.0396976057057292,4.838143774499315e-15,1.8735013540549517e-16
0,18,0.009899491915504032,0.04008868150448372,-1.2096990076315706e-12,0.0098994919152719,0.0400886815044964,2.3213202193783644e-13,1.2677359162438506e-14
0,19,0.0434885444006289,0.03994934794153702,8.006928453596629e-13,0.0434885443941292,0.0399493479415355,6.499703553153324e-12,1.519617764955683e-15
0,20,0.024745068641891892,0.039927753550316074,1.184385922670117e-12,0.0247450686418898,0.0399277535503161,2.0920765120280294e-15,2.7755575615628914e-17
0,21,0.04584626732809229,0.03982214129200166,-9.654499422140361e-13,0.0458464237980324,0.0398221374655233,1.5646994010881654e-07,3.8264783563946025e-09
0,22,-0.01035518798741901,0.039750485182683475,-9.476863738200336e-13,-0.0103555218711796,0.0397504892746547,3.338837605906808e-07,4.091971227138114e-09
0,23,-0.03754017458086148,0.0398332447125248,-1.1723955140041653e-13,-0.0375401745807922,0.0398332447125251,6.927791673660977e-14,2.983724378680108e-16
0,24,0.07356674258288154,0.03947298736655471,2.2382096176443156e-13,0.0735671970037288,0.0394729933958121,4.5442084725677567e-07,6.029257391959586e-09
0,25,-0.029640634502411896,0.03946165541681075,2.227107387398064e-13,-0.0296406345024002,0.0394616554168108,1.1695505675035633e-14,4.85722573273506e-17
0,26,-0.023917230669979687,0.03941437056030909,-3.4416913763379853e-13,-0.0239172306702915,0.0394143705603093,3.118130753598791e-13,2.1510571102112408e-16
0,27,-0.010216307030625333,0.039735061206237224,-9.157119507108291e-13,-0.0102163070306216,0.0397350612062371,3.733124920302089e-15,1.249000902703301e-16
0,28,-0.05890731416626183,0.040640266304529306,-5.542233338928781e-13,-0.0589063991227272,0.0406402693725128,9.15043534631399e-07,3.067983492255344e-09
0,29,6.217451704306388e-06,0.03980924560814395,1.3438139490062895e-12,6.21745149327908e-06,0.0398092456081442,2.1102730836646683e-13,2.498001805406602e-16
0,30,-0.01042025741343645,0.040111924366299546,1.270095140171179e-13,-0.0104202574134361,0.0401119243662996,3.5041414214731503e-16,5.551115123125783e-17
0,31,-0.05704182153442164,0.039616294122077095,-1.7208456881689926e-13,-0.0570418215334628,0.0396162941220756,9.588371763236125e-13,1.4918621893400541e-15
0,32,-0.0266180532385678,0.0405489321672969,1.8394175071989594e-12,-0.0266184262194862,0.0405489270627662,3.7298091840054504e-07,5.104530700905663e-09
0,33,-0.05607892949798468,0.03949325779353676,1.5099033134902129e-12,-0.0560789294975287,0.0394932577935358,4.559824740013596e-13,9.575673587391975e-16
0,34,-0.0005192639567483353,0.03939616418279302,3.0953017926549364e-13,-0.0005192639567489,0.0393961641827928,5.646524914304507e-16,2.220446049250313e-16
0,35,-0.05176591014847975,0.039897090884761906,-1.461053500406706e-13,-0.0517659101480675,0.0398970908847608,4.1224662572503235e-13,1.1032841307212493e-15
0,36,-0.06489169378617854,0.03971612754143825,1.5631940186722204e-13,-0.0648916937853544,0.0397161275414361,8.241324289670615e-13,2.1510571102112408e-15
0,37,-0.034582022922815245,0.040017413626124,6.67021993194794e-13,-0.0345820229227768,0.040017413626124,3.8441472227646045e-14,0.0
0,38,-0.03656708753853431,0.040190353256576335,3.963496197911809e-13,-0.036567087538524,0.0401903532565762,1.0311196341206141e-14,1.3183898417423734e-16
0,39,-0.019486411488320282,0.03989760360156599,-3.810285420513537e-13,-0.0194858716020692,0.0398975985645562,5.398862510837266e-07,5.037009788433355e-09
0,40,0.006767770020678844,0.03981192902913979,-5.373479439185758e-13,0.0067677700206771,0.0398119290291397,1.7442644550946795e-15,9.020562075079397e-17
0,41,0.06973645115789717,0.03969596849368415,-1.2043699371133698e-12,0.0697364511525618,0.0396959684936844,5.335371033865499e-12,2.498001805406602e-16
0,42,0.07347982104742261,0.039991324693361904,1.3322676295501878e-13,0.0734800486442836,0.0399913218490558,2.2759686099660392e-07,2.844306103144678e-09
0,43,0.009088384431187356,0.04040472824126388,8.704148513061227e-14,0.0090883844311987,0.0404047282412635,1.1343356809412342e-14,3.7470027081099033e-16
0,44,-0.028304668482000406,0.040005515696640494,3.1441516057384433e-13,-0.0283046684813622,0.0400055156966394,6.382047668118673e-13,1.096345236817342e-15
0,45,0.019953364859186577,0.03944816571374004,-7.602807272633072e-13,0.019953364859044,0.0394481657137401,1.4257692249053378e-13,6.245004513516506e-17
0,46,0.04997921700312076,0.039599146878166604,2.589928271845565e-12,0.0499792170026193,0.0395991468781668,5.014599846475676e-13,1.942890293094024e-16
0,47,0.03401402266602559,0.03889846093389557,4.618527782440651e-14,0.0340140226652545,0.0388984609338957,7.710845850716908e-13,1.3183898417423734e-16
0,48,0.13629248159060656,0.03976918167183642,-4.1033842990145786e-13,0.136293073527297,0.0397691704404191,5.919366904416634e-07,1.1231417323953607e-08
0,49,0.005036297041617709,0.04037793172076059,8.22453216642316e-13,0.0050362970416249,0.0403779317207607,7.191296169661854e-15,1.1102230246251565e-16
1,0,-0.13839999912745787,0.04091833119046285,-5.517808432387028e-13,-0.138399998860479,0.0409183311897928,2.669788834452902e-10,6.700473509368976e-13
1,1,-0.14547109713034234,0.041155537246174705,1.2470025012589758e-12,-0.145471097130339,0.0411555372461749,3.3306690738754696e-15,1.942890293094024e-16
1,2,-0.13074926532382417,0.04060426077054298,1.3664624987086427e-12,-0.130749265248396,0.0406042607703405,7.542816371497452e-11,2.0247692411601292e-13
1,3,-0.1963450581647962,0.04059730856135368,2.859934511434403e-13,-0.196345058164798,0.0405973085613536,1.8041124150158794e-15,7.632783294297951e-17
1,4,-0.20855089398220736,0.04039289161919853,-2.69340105774063e-13,-0.208550893982207,0.0403928916191984,3.608224830031759e-16,1.3183898417423734e-16
1,5,-0.2051007189615471,0.040652465182724265,-9.636735853746359e-13,-0.205100718961546,0.0406524651827241,1.1102230246251565e-15,1.6653345369377348e-16
1,6,-0.17005795148110103,0.04063477346666705,-1.8607337892717624e-13,-0.170057951481101,0.0406347734666668,2.7755575615628914e-17,2.498001805406602e-16
1,7,-0.15327678144706336,0.04108497894883481,-2.3092638912203256e-13,-0.153276891290626,0.0410849805903266,1.0984356263454842e-07,1.6414917897167314e-09
1,8,-0.12409838081983973,0.04046697695739088,-3.2152058793144533e-13,-0.124098380575981,0.0404669769566599,2.4385873875765185e-10,7.30977778307107e-13
1,9,-0.13329646407292173,0.04044271434974492,-1.2922996006636822e-12,-0.133296464072922,0.0404427143497446,2.7755575615628914e-16,3.191891195797325e-16
1,10,-0.1722789584729774,0.04010812904927802,-5.373479439185758e-13,-0.17227895847298,0.040108129049278,2.609024107869118e-15,2.0816681711721685e-17
1,11,-0.13683499966956622,0.040776156518769174,9.339196083146817e-13,-0.136834999552652,0.040776156518442,1.1691422829862574e-10,3.271757864631297e-13
1,12,-0.23804194916046653,0.041237411500657524,5.204725539442734e-13,-0.238042245833236,0.0412374136852665,2.9667276946199195e-07,2.1846089728883022e-09
1,13,-0.16401935386319727,0.040479025823684685,1.0578204978628492e-12,-0.164019353138929,0.0404790258218604,7.242682564800873e-10,1.8242837795945377e-12
1,14,-0.15703262986091748,0.04081739167156381,1.0380585280245214e-12,-0.157032629176342,0.0408173916696716,6.845754796369619e-10,1.8922155509137895e-12
1,15,-0.20624972339068554,0.040664355549480204,-7.895906151134113e-13,-0.206249518696366,0.0406643604870208,2.0469431952219175e-07,4.937540598604073e-09
1,16,-0.1993019127429113,0.040598972851143694,2.4868995751603507e-14,-0.199302281233963,0.040598977424503,3.6849105169989294e-07,4.573359302373348e-09
1,17,-0.22686160989138182,0.041344473343374405,-1.0302869668521453e-13,-0.226861609891385,0.0413444733433745,3.191891195797325e-15,9.71445146547012e-17
1,18,-0.1029142148402081,0.040849205208561334,3.8413716652030416e-13,-0.102914798417769,0.0408492124346108,5.83577560900328e-07,7.226049467123907e-09
1,19,-0.14883053175543765,0.04051632857867769,5.03597163969971e-13,-0.148830531672462,0.0405163285783931,8.297565412540564e-11,2.8459179457485106e-13
1,20,-0.23436188140417447,0.04078333847084134,2.4424906541753444e-13,-0.234361881404171,0.0407833384708412,3.469446951953614e-15,1.3877787807814457e-16
1,21,-0.22949552135061868,0.04123067177186186,-8.952838470577262e-13,-0.229495521350619,0.041230671771862,3.0531133177191805e-16,1.3877787807814457e-16
1,22,-0.09970296003940542,0.04040411936762596,-1.7907897387203775e-12,-0.0997029272494876,0.040404121443579,3.2789917822628745e-08,2.075953041413836e-09
1,23,-0.1507391928962284,0.04123726757652563,7.105427357601002e-15,-0.150739192728189,0.041237267575881,1.6803938795995066e-10,6.446301825668854e-13
1,24,-0.18935519443961552,0.04065193452028933,3.468336728928989e-13,-0.189355193518454,0.0406519345166768,9.211615081827773e-10,3.612533883146085e-12
1,25,-0.12978020881658958,0.04049382929655642,-7.924771949774367e-13,-0.129780208630508,0.040493829296123,1.8608159457755846e-10,4.334171910258533e-13
1,26,-0.13239923013489344,0.04153715961069654,6.412648190234904e-13,-0.13239922998032,0.0415371596102072,1.545734373831209e-10,4.893377369974417e-13
1,27,-0.19312707351897043,0.04058590045145668,-5.861977570020827e-13,-0.193127073315788,0.0405859004507982,2.031824430925866e-10,6.584802147990843e-13
1,28,-0.16989416933353688,0.04110545171132182,2.611244553918368e-13,-0.169894169215095,0.0411054517109191,1.1844186742493434e-10,4.027195243949677e-13
1,29,-0.11986827729762049,0.04121069213297744,-3.361755318564974e-13,-0.119868277192297,0.0412106921327043,1.0532349992153911e-10,2.7314261963340414e-13
1,30,-0.18442174782159879,0.04108660074161909,2.2382096176443156e-13,-0.184421746702576,0.0410866007375469,1.1190227910962136e-09,4.0721939709165156e-12
1,31,-0.09543032394925348,0.041341458211979515,5.231370892033738e-13,-0.0954303239418791,0.0413414582119605,7.374378885316446e-12,1.9012569296705806e-14
1,32,-0.22637012210703733,0.04080620486496937,2.5845992013273644e-13,-0.226370122107034,0.0408062048649695,3.3306690738754696e-15,1.249000902703301e-16
1,33,-0.10382298597136877,0.04018832362367436,2.233324636335965e-12,-0.103822985923629,0.0401883236235682,4.773977047012323e-11,1.0615813783587669e-13
1,34,-0.18538755546879357,0.040693528130081924,-5.631051180898794e-13,-0.185387555468795,0.0406935281300822,1.4432899320127035e-15,2.7755575615628914e-16
1,35,-0.171710757600549,0.040236737896812994,-1.2168044349891716e-12,-0.171710651309878,0.0402367365151904,1.0629067098699707e-07,1.3816225941098992e-09
1,36,-0.12312629311806138,0.040199506551181985,-2.3518964553659316e-12,-0.123126292838406,0.04019950655079,2.796553821848846e-10,3.9198505552562324e-13
1,37,-0.17081360741106008,0.040526827769984265,-1.4788170688007085e-12,-0.170813607386729,0.0405268277698897,2.4331092696172618e-11,9.456324612244771e-14
1,38,-0.1812687987533991,0.040935568715892566,8.22453216642316e-13,-0.181268898276626,0.040935570135793,9.952322690964799e-08,1.4199004333415033e-09
1,39,-0.189575262709124,0.040910315796740676,-8.01136934569513e-13,-0.189575262709126,0.0409103157967406,1.9984014443252818e-15,7.632783294297951e-17
1,40,-0.11173937899259304,0.04091972377178415,7.389644451905042e-13,-0.11173915524653,0.0409197288866875,2.2374606303832145e-07,5.114903348091282e-09
1,41,-0.22126563909231814,0.040859745288834175,1.8474111129762605e-13,-0.221265639092319,0.0408597452888341,8.604228440844963e-16,7.632783294297951e-17
1,42,-0.18763026411680453,0.04052785922160444,-6.572520305780927e-14,-0.187630272866089,0.0405278596293843,8.74928446359391e-09,4.0777985849116405e-10
1,43,-0.15698521762412973,0.040494339187591995,-1.4512835377900046e-12,-0.156985217201293,0.0404943391860647,4.2283673784559994e-10,1.5272921816134044e-12
1,44,-0.14281168031754715,0.03997345700865165,-4.192202140984591e-13,-0.142811680229945,0.0399734570084021,8.760214775804798e-11,2.4955038036011956e-13
1,45,-0.10925339287997213,0.04076412589408007,4.418687638008123e-13,-0.109253392876013,0.0407641258940695,3.959124694752347e-12,1.0574874309554616e-14
1,46,-0.1330879956580194,0.04094237906176362,1.3713474800169934e-12,-0.133088214371438,0.0409423746748721,2.1871341859824867e-07,4.386891523655567e-09
1,47,-0.1305547346320703,0.04046245288115576,-9.769962616701378e-13,-0.130554734231949,0.0404624528798629,4.001212972060131e-10,1.2928616510698987e-12
1,48,-0.16856875146107803,0.040935173153464434,3.6770586575585185e-13,-0.168568751461076,0.0409351731534644,2.0261570199409107e-15,3.469446951953614e-17
1,49,-0.20405297082116758,0.040559371971710244,-9.068301665138279e-13,-0.204052970821169,0.0405593719717098,1.4155343563970746e-15,4.440892098500626e-16
2,0,-0.08262558650131435,0.040167382466628015,-5.506706202140776e-13,-0.0826255864910196,0.0401673824666033,1.0294751162653881e-11,2.4716340085717547e-14
2,1,-0.15867486363170544,0.040029317497731254,-1.794120407794253e-13,-0.158674863631708,0.0400293174977313,2.55351295663786e-15,4.85722573273506e-17
2,2,-0.15929895953881032,0.03950784576042892,3.064215547965432e-13,-0.15929895953881,0.039507845760429,3.3306690738754696e-16,7.632783294297951e-17
2,3,-0.1184353163920242,0.0399121182066764,1.1661782650662644e-12,-0.118435316392021,0.0399121182066763,3.2057689836051395e-15,1.0408340855860843e-16
2,4,-0.098286133608178,0.04011601045594286,8.597567102697212e-13,-0.0982861360548629,0.0401160106096167,2.4466848963511367e-09,1.5367383754405495e-10
2,5,-0.05961545265465299,0.03959282677523374,1.1781686737322161e-12,-0.0596154526842727,0.0395928267752682,2.961970946291359e-11,3.4458547126803296e-14
2,6,-0.0751973698823425,0.03967545508341747,-4.6629367034256575e-14,-0.0751979583522476,0.0396754614629757,5.884699050967557e-07,6.379558228908344e-09
2,7,-0.10517098309373814,0.040341563022118665,-8.171241461241152e-14,-0.105170986325808,0.0403415631835828,3.2320698617471777e-09,1.614641337299716e-10
2,8,-0.13003770243340912,0.04035504071203578,-1.2292389328649733e-12,-0.130037702433412,0.0403550407120358,2.886579864025407e-15,2.0816681711721685e-17
2,9,-0.08719812195815949,0.03993381379015793,-6.741274205523951e-13,-0.08719812228578,0.0399338137907213,3.2762051405121895e-10,5.633687960582279e-13
2,10,-0.0626302447887352,0.039906112505636734,-3.1308289294429414e-13,-0.0626302447918376,0.0399061125056408,3.1023933422247296e-12,4.066191827689636e-15
2,11,-0.08882153773793865,0.04008935596297727,1.227462576025573e-12,-0.0888215377538253,0.0400893559630152,1.588665310414683e-11,3.793493297266082e-14
2,12,-0.13888294972487975,0.039561111676038506,2.575717417130363e-13,-0.138882949724876,0.0395611116760385,3.747002708109903e-15,6.938893903907228e-18
2,13,-0.07767103224968268,0.04055034183721057,6.465938895416912e-13,-0.0776710322558339,0.040550341837222,6.1512184235112954e-12,1.1428358259735205e-14
2,14,-0.09787512741229214,0.040088479225414905,7.94031507211912e-13,-0.0978751273738629,0.0400884792253385,3.842923201879955e-11,7.640416077592249e-14
2,15,-0.03850227216657028,0.0395806071561289,-4.991562718714704e-13,-0.038502272168526,0.0395806071561322,1.9557203079223484e-12,3.3029134982598407e-15
2,16,-0.09976576944385518,0.04060274324976228,2.4780177909633494e-12,-0.0997657697419508,0.0406027432504014,2.9809561763460835e-10,6.391207008071831e-13
2,17,-0.09549130350457531,0.0401896188785467,-5.81312775693732e-13,-0.0954913034743737,0.0401896188784808,3.020160510569525e-11,6.589867540540695e-14
2,18,-0.1975119053408165,0.0407061094335487,1.2256862191861728e-13,-0.197511905340818,0.0407061094335488,1.4988010832439613e-15,9.71445146547012e-17
2,19,-0.10200198555422854,0.04023444011133781,1.4850343177386094e-12,-0.102001985554223,0.0402344401113378,5.537237335317968e-15,6.938893903907228e-18
2,20,-0.09345909623260104,0.04027753177937872,-8.810729923425242e-13,-0.0934590962112389,0.0402775317793356,2.1362134283720025e-11,4.311828671887952e-14
2,21,-0.0984551233093451,0.04070204426824171,8.473222123939195e-13,-0.0984551232648946,0.0407020442681221,4.4450498837278474e-11,1.196126531155528e-13
2,22,-0.06172833494302958,0.03965756120380718,-3.352873534367973e-13,-0.0617283349899563,0.0396575612038684,4.692671945472071e-11,6.122186091417348e-14
2,23,-0.12332750315138423,0.04017005784926911,7.460698725481052e-13,-0.123327502884056,0.0401700578483256,2.673282289977763e-10,9.435091596898815e-13
2,24,-0.1263246536268463,0.04052437389080669,-1.9251267247000214e-13,-0.126324653626846,0.0405243738908066,3.0531133177191805e-16,9.020562075079397e-17
2,25,-0.12412061829830547,0.040563316790217845,2.682298827494378e-13,-0.124120618298304,0.0405633167902176,1.4710455076283324e-15,2.42861286636753e-16
2,26,-0.16342230776029884,0.04018376427861325,-2.913225216616411e-13,-0.163422000562207,0.0401837721694111,3.071980918534223e-07,7.890797855403253e-09
2,27,-0.1564163717978717,0.040454889458064414,1.2354561818028742e-12,-0.156416371797869,0.0404548894580643,2.7200464103316335e-15,1.1102230246251565e-16
2,28,-0.11476803931814666,0.04033082609331418,1.0951239914902544e-12,-0.114768039144572,0.0403308260928828,1.7357466852718773e-10,4.313840951120085e-13
2,29,-0.11281641525879738,0.03981234457606017,8.872902412804251e-13,-0.112816415258798,0.0398123445760602,6.245004513516506e-16,2.7755575615628914e-17
2,30,-0.19344180042719722,0.03940345153151931,4.085620730620576e-13,-0.193441800427195,0.0394034515315194,2.220446049250313e-15,9.020562075079397e-17
2,31,-0.10405765040025382,0.040780482466782286,-2.0516921495072893e-13,-0.104057650316782,0.0407804824665937,8.347181279511062e-11,1.8858525852039065e-13
2,32,-0.12210232709195716,0.03959170014619038,-3.4283687000424834e-13,-0.122102327191846,0.0395917001516914,9.98888333159087e-11,5.5010232480334764e-12
2,33,-0.13315924453846023,0.040327809322054015,-1.8385293287792592e-13,-0.133159244538461,0.040327809322054,7.771561172376096e-16,1.3877787807814457e-17
2,34,-0.13860432559363417,0.04009759595021815,-5.933031843596837e-13,-0.138604330820718,0.0400975962264167,5.227083821335299e-09,2.761985501420483e-10
2,35,-0.15262545299258298,0.04014472692792593,-1.9539925233402755e-14,-0.152625692843389,0.0401447228459233,2.398508060219573e-07,4.082002631744519e-09
2,36,-0.1395751182438161,0.04002036836368153,5.666578317686799e-13,-0.139575118243815,0.0400203683636815,1.1102230246251565e-15,2.7755575615628914e-17
2,37,-0.04355856430747215,0.04065186891400138,4.2876813211023546e-13,-0.0435583844957517,0.0406518720264268,1.798117204507288e-07,3.112425414619757e-09
2,38,-0.08040142026893445,0.03985216589886386,-2.6414426201881724e-12,-0.0804014202709378,0.0398521658988675,2.0033558145726715e-12,3.642919299551295e-15
2,39,-0.10668014545999889,0.040209918978726944,-2.984279490192421e-13,-0.106680145476622,0.0402099189787553,1.662310566974412e-11,2.8359259385268842e-14
2,40,-0.14686297921162744,0.0402158079890446,-2.2115642650533118e-13,-0.146862979211624,0.0402158079890446,3.4416913763379853e-15,0.0
2,41,-0.15679781954950694,0.03983727509355955,-1.2505552149377763e-12,-0.156797819549508,0.0398372750935597,1.0547118733938987e-15,1.5265566588595902e-16
2,42,-0.07430084790587523,0.03981449305717767,-2.9243274468626623e-13,-0.0743008479536181,0.0398144930572541,4.7742879094592183e-11,7.642497745763421e-14
2,43,-0.18662114719642386,0.04030095508444177,-5.426770144367765e-13,-0.186621161462813,0.0403009559389457,1.4266389125605627e-08,8.545039259511e-10
2,44,-0.06272540314263127,0.04069770145948362,-2.1809221095736575e-12,-0.0627250296253742,0.0406977062404112,3.735172570684675e-07,4.780927577441307e-09
2,45,-0.14490812764866207,0.04042573681519282,-1.000088900582341e-12,-0.144908127230785,0.0404257368138745,4.178770662832676e-10,1.3183204528033343e-12
2,46,-0.16316653132878883,0.0398453839839016,-1.9628743075372768e-13,-0.163166531328787,0.0398453839839018,1.8318679906315083e-15,2.0122792321330962e-16
2,47,-0.08802577572443805,0.04003858184125086,-4.841682610390308e-13,-0.0880257757405014,0.0400385818412763,1.6063345098515924e-11,2.5444923945627806e-14
2,48,-0.1540596662319573,0.040203065712345755,6.894484982922222e-13,-0.154059666231959,0.0402030657123456,1.6930901125533637e-15,1.5265566588595902e-16
2,49,-0.10957825754184326,0.04059300770201533,-1.3677947663381929e-13,-0.109578469408849,0.0405930112717731,2.11867005731059e-07,3.569757774102289e-09
3,0,-0.2975894496628337,0.04178225027054364,3.135269821541442e-13,-0.297589475137889,0.0417822512221318,2.5475055343004982e-08,9.51588155495564e-10
3,1,-0.2127741831270116,0.04142565040832627,-6.759037773917953e-13,-0.212774183127012,0.0414256504083259,3.885780586188048e-16,3.677613769070831e-16
3,2,-0.2793399050468281,0.0410073205612268,1.900701818158268e-13,-0.279339912974242,0.0410073209262287,7.927413891994917e-09,3.6500189676269557e-10
3,3,-0.2709055566781386,0.040876483159158386,4.654054919228656e-13,-0.270905403517805,0.0408764861783835,1.531603335824805e-07,3.019225112976809e-09
3,4,-0.27653174532438923,0.0406022136387696,-1.5365486660812167e-13,-0.276532078273204,0.0406022096765579,3.329488147407744e-07,3.962211697627893e-09
3,5,-0.34332137400563223,0.041302856207848154,-5.044853423896711e-13,-0.343321566793423,0.0413028594146012,1.9278779078701902e-07,3.206753043660804e-09
3,6,-0.2925340897958857,0.04163412046383895,8.881784197001252e-15,-0.292533257017266,0.0416341283073672,8.32778619674901e-07,7.843528250506271e-09
3,7,-0.3173270488101765,0.04172788894343876,5.666578317686799e-13,-0.317327048810173,0.0417278889434386,3.497202527569243e-15,1.5959455978986625e-16
3,8,-0.3059319607154479,0.04151811580833326,4.68070027181966e-13,-0.305932550115949,0.0415181094655485,5.894005010720349e-07,6.342784762691789e-09
3,9,-0.2250459336777017,0.041080484258879814,-1.0347278589506459e-12,-0.225045933677703,0.0410804842588801,1.304512053934559e-15,2.8449465006019636e-16
3,10,-0.2809817225327374,0.04173408683477911,7.815970093361102e-13,-0.280981722532742,0.041734086834779,4.6074255521944e-15,1.1102230246251565e-16
3,11,-0.2799536970454893,0.04152565856897345,1.2221335055073723e-12,-0.279953697045487,0.0415256585689735,2.275957200481571e-15,4.85722573273506e-17
3,12,-0.2591701245196887,0.04164686614825745,-1.0658141036401503e-14,-0.259170124519688,0.0416468661482575,6.661338147750939e-16,4.85722573273506e-17
3,13,-0.18877417196659227,0.040953143308684076,-3.3573144264664734e-13,-0.188774171966597,0.040953143308684,4.718447854656915e-15,7.632783294297951e-17
3,14,-0.2588246697896991,0.04089658878891149,-1.652011860642233e-13,-0.2588246697897,0.0408965887889116,8.881784197001252e-16,1.1102230246251565e-16
3,15,-0.25796678570756365,0.04139098384266178,5.337952302397753e-13,-0.257966785707564,0.0413909838426617,3.3306690738754696e-16,8.326672684688674e-17
3,16,-0.29051205385241125,0.0406955643347785,9.530154443382344e-13,-0.290512053852409,0.0406955643347782,2.220446049250313e-15,2.983724378680108e-16
3,17,-0.15920795457851392,0.0410791174532077,6.483702463810914e-14,-0.15920795457851,0.0410791174532078,3.913536161803677e-15,1.0408340855860843e-16
3,18,-0.36956145438614685,0.04124775380605741,3.1086244689504383e-13,-0.369561454386144,0.0412477538060574,2.831068712794149e-15,1.3877787807814457e-17
3,19,-0.32177086835036767,0.042028932068528535,9.50350909079134e-14,-0.321770868350368,0.0420289320685285,3.3306690738754696e-16,3.469446951953614e-17
3,20,-0.3021975764896327,0.04123844694254747,4.192202140984591e-13,-0.302197576489632,0.0412384469425473,6.661338147750939e-16,1.6653345369377348e-16
3,21,-0.2908908587584915,0.04112789265034175,-1.0385026172343714e-12,-0.290890858758491,0.0411278926503417,4.996003610813204e-16,4.85722573273506e-17
3,22,-0.25670790581512853,0.04103876816449184,4.085620730620576e-13,-0.256707905815123,0.0410387681644915,5.551115123125783e-15,3.400058012914542e-16
3,23,-0.2522792307057408,0.04125387306665103,-6.927791673660977e-13,-0.252279230705738,0.0412538730666508,2.831068712794149e-15,2.2898349882893854e-16
3,24,-0.30851719237505804,0.041163580541646226,-2.1174173525650986e-12,-0.308517353216742,0.0411635825246883,1.6084168397156873e-07,1.983042070829999e-09
3,25,-0.29313295680895257,0.04151915593467183,1.3598011605608917e-12,-0.293132956808949,0.0415191559346719,3.552713678800501e-15,6.938893903907228e-17
3,26,-0.31892916098770285,0.041874460298151166,7.829292769656604e-13,-0.3189291609877,0.041874460298151,2.831068712794149e-15,1.6653345369377348e-16
3,27,-0.2883325118381757,0.04156951909247977,-1.1439738045737613e-12,-0.288332511838179,0.0415695190924799,3.2751579226442118e-15,1.249000902703301e-16
3,28,-0.28050538498517796,0.04126171358558777,4.600764214046649e-13,-0.280505384985179,0.041261713585588,1.0547118733938987e-15,2.2898349882893854e-16
3,29,-0.22525413818185988,0.04086746437782768,-5.335731856348502e-13,-0.225254138181857,0.0408674643778276,2.886579864025407e-15,7.632783294297951e-17
3,30,-0.3283872296912877,0.041020856459669595,-1.5116796703296131e-12,-0.32838722969129,0.0410208564596697,2.275957200481571e-15,1.0408340855860843e-16
3,31,-0.29066436574703736,0.041544626889424965,5.426770144367765e-13,-0.290664842987478,0.0415446232135744,4.772404406661046e-07,3.6758505683742726e-09
3,32,-0.29491390507392284,0.04125752854608869,1.8829382497642655e-13,-0.29491390507392,0.0412575285460885,2.831068712794149e-15,1.8735013540549517e-16
3,33,-0.18098200990858931,0.04035274015524991,-3.574918139293004e-13,-0.180982009908589,0.0403527401552497,3.0531133177191805e-16,2.0816681711721685e-16
3,34,-0.25245188390957235,0.0415556616845353,6.750155989720952e-14,-0.252451901853803,0.0415556627534838,1.794423065692996e-08,1.0689485060999537e-09
3,35,-0.2555975834708551,0.04118486916802276,-8.943956686380261e-13,-0.255597583470856,0.041184869168023,8.881784197001252e-16,2.3592239273284576e-16
3,36,-0.27082783920040737,0.04120018658857229,-8.029132914089132e-13,-0.270827839200409,0.0412001865885725,1.609823385706477e-15,2.1510571102112408e-16
3,37,-0.23200776628851094,0.04165158265793466,-1.0680345496894006e-13,-0.232007766288512,0.0416515826579346,1.0547118733938987e-15,5.551115123125783e-17
3,38,-0.24884789374636668,0.04141389448287415,2.3456792064280307e-12,-0.248847893746363,0.0414138944828743,3.6637359812630166e-15,1.5265566588595902e-16
3,39,-0.2379280445310495,0.04127431531581816,-9.889866703360894e-13,-0.237928044531051,0.041274315315818,1.4988010832439613e-15,1.5959455978986625e-16
3,40,-0.23748409950430105,0.04097186051816756,-1.2994050280212832e-12,-0.237485740706908,0.0409718675705934,1.6412026069556607e-06,7.0524258377613336e-09
3,41,-0.24116114041778633,0.04112603308836688,8.393286066166183e-13,-0.241161140417783,0.0411260330883669,3.3306690738754696e-15,2.0816681711721685e-17
3,42,-0.23523158180268947,0.041157563524518874,-1.9539925233402755e-14,-0.235231581802688,0.041157563524519,1.4710455076283324e-15,1.249000902703301e-16
3,43,-0.19880074062765862,0.040834408617078335,-3.894662370385049e-13,-0.198800740627659,0.0408344086170784,3.885780586188048e-16,6.245004513516506e-17
3,44,-0.260993431086437,0.04175440252601977,4.218847493575595e-13,-0.260993431086437,0.0417544025260198,0.0,2.7755575615628914e-17
3,45,-0.26021901551592524,0.04093603732827399,-1.687538997430238e-14,-0.260219222565613,0.0409360403310698,2.070496877282224e-07,3.002795810613801e-09
3,46,-0.3381188018702327,0.04134877468451954,-2.3092638912203256e-13,-0.338118800893477,0.0413487748013983,9.767556763407015e-10,1.1687875667298897e-10
3,47,-0.32315037048208717,0.04096700918926702,5.400124791776761e-13,-0.323150370482086,0.040967009189267,1.1657341758564144e-15,2.0816681711721685e-17
3,48,-0.20418880684531168,0.04134869608969099,-5.808686864838819e-13,-0.204188806845311,0.0413486960896908,6.938893903907228e-16,1.8735013540549517e-16
3,49,-0.25614336128016635,0.04186067475169547,-9.414691248821327e-14,-0.256143361280167,0.0418606747516955,6.661338147750939e-16,2.7755575615628914e-17
4,0,-0.1919102603050476,0.04061268813331686,-3.019806626980426e-13,-0.191910260305048,0.0406126881333169,4.163336342344337e-16,4.163336342344337e-17
4,1,-0.15413824590312178,0.04088949978442674,-2.708944180085382e-13,-0.154138058650784,0.0408894962807019,1.8725233777439065e-07,3.5037248449776293e-09
4,2,-0.1413572288474395,0.04091954275686467,5.17808018685173e-13,-0.141357228847441,0.0409195427568646,1.4988010832439613e-15,6.938893903907228e-17
4,3,-0.1310439068082604,0.040542930354448406,-3.801403636316536e-13,-0.131043906808261,0.0405429303544485,6.106226635438361e-16,9.71445146547012e-17
4,4,-0.22109702467177494,0.041250565255810535,-1.170619157164765e-12,-0.221097024671777,0.0412505652558106,2.0539125955565396e-15,6.245004513516506e-17
4,5,-0.1430079620704423,0.04058858354951765,1.283639861071606e-12,-0.14300796207044,0.0405885835495176,2.3037127760972e-15,4.85722573273506e-17
4,6,-0.236271523638343,0.04080875381518478,-8.313350008393172e-13,-0.236271523638347,0.0408087538151846,3.9968028886505635e-15,1.8041124150158794e-16
4,7,-0.1683976832169343,0.0406578020011827,-5.737632591262809e-13,-0.168397683216934,0.0406578020011825,3.0531133177191805e-16,2.0122792321330962e-16
4,8,-0.1466001396186684,0.04083158741471846,-4.156675004196586e-13,-0.146600139618668,0.0408315874147185,4.163336342344337e-16,4.163336342344337e-17
4,9,-0.16404889846767828,0.04026374244198967,-1.573852159708622e-12,-0.164048898467683,0.0402637424419897,4.718447854656915e-15,2.7755575615628914e-17
4,10,-0.15712892826186486,0.04079026705450108,-6.679101716144942e-13,-0.157128928261868,0.0407902670545008,3.1363800445660672e-15,2.8449465006019636e-16
4,11,-0.22977784239855287,0.04103917655512548,1.1297629498585593e-12,-0.229777986812041,0.0410391784038589,1.444134881400938e-07,1.8487334232930586e-09
4,12,-0.1478888592422193,0.040095618711780814,-1.3375967000683886e-12,-0.147888561150855,0.0400956257682689,2.9809136431468986e-07,7.056488088297286e-09
4,13,-0.18889760121959276,0.04109158306766809,6.110667527536862e-13,-0.188897601219594,0.0410915830676683,1.2490009027033011e-15,2.1510571102112408e-16
4,14,-0.1368030493546775,0.04068846033406544,-1.3251622021925868e-12,-0.136803049354681,0.0406884603340652,3.497202527569243e-15,2.3592239273284576e-16
4,15,-0.1750405694887203,0.04026566002918893,-2.007283228522283e-12,-0.1750405772724,0.0402656604740837,7.78367970077909e-09,4.448947668600489e-10
4,16,-0.23086103752742362,0.04000305995129804,-4.2099657093785936e-13,-0.230861037527425,0.0400030599512981,1.3877787807814457e-15,6.245004513516506e-17
4,17,-0.25067885889433833,0.04114760395954321,-1.1457501614131615e-12,-0.250678858971534,0.0411476039634361,7.7195694281329e-11,3.892892952439553e-12
4,18,-0.23078569951712613,0.04108216118775914,-1.0746958878371515e-12,-0.230785699517127,0.0410821611877592,8.604228440844963e-16,6.245004513516506e-17
4,19,-0.14762104863171607,0.040461600975394356,-1.3375967000683886e-12,-0.14762080811647,0.0404615974072801,2.40515246080486e-07,3.568114255447785e-09
4,20,-0.177473470329083,0.04017101332199448,4.725109192804666e-13,-0.17747347032908,0.0401710133219945,2.9976021664879227e-15,2.0816681711721685e-17
4,21,-0.13714927193733142,0.0407120770781344,1.7408297026122455e-13,-0.137149267768897,0.040712077394586,4.1684344309622645e-09,3.1645160103455083e-10
4,22,-0.23563590975093748,0.04046877675501884,1.922018100231071e-12,-0.235635909750937,0.0404687767550188,4.718447854656915e-16,3.469446951953614e-17
4,23,-0.25079722334253907,0.041219541742177214,-1.6608936448392342e-13,-0.250797223342541,0.0412195417421771,1.942890293094024e-15,1.1102230246251565e-16
4,24,-0.14965938956411748,0.04073071246668467,-2.8066438062523957e-13,-0.149659389564118,0.0407307124666845,5.273559366969494e-16,1.734723475976807e-16
4,25,-0.21395740347791153,0.04059026717299781,2.8688162956314045e-13,-0.213957403477912,0.0405902671729977,4.718447854656915e-16,1.1102230246251565e-16
4,26,-0.2717197389527085,0.040165682293064296,9.841016890277388e-13,-0.271719738952708,0.0401656822930642,4.996003610813204e-16,9.71445146547012e-17
4,27,-0.15791963598601877,0.040790711907707645,-5.435651928564766e-13,-0.157919635986014,0.0407907119077076,4.773959005888173e-15,4.85722573273506e-17
4,28,-0.18545431247015046,0.041887916891571314,1.4495071809506044e-12,-0.185454312470147,0.0418879168915712,3.469446951953614e-15,1.1102230246251565e-16
4,29,-0.16650495881331304,0.040742961319066046,-4.440892098500626e-14,-0.16650495881331,0.0407429613190657,3.0253577421035516e-15,3.469446951953614e-16
4,30,-0.16848254537562113,0.040767562647380996,-6.585842982076429e-13,-0.168482545375622,0.0407675626473808,8.604228440844963e-16,1.942890293094024e-16
4,31,-0.10564493541954456,0.0408342393420811,3.410605131648481e-13,-0.105644935419543,0.0408342393420809,1.5543122344752192e-15,2.0122792321330962e-16
4,32,-0.18526889870956467,0.04043753816141624,-7.576161920042068e-13,-0.185268898709566,0.0404375381614164,1.3322676295501878e-15,1.6653345369377348e-16
4,33,-0.16613721782828914,0.04021284881467355,-1.993072373807081e-12,-0.166137217828292,0.0402128488146736,2.858824288409778e-15,4.85722573273506e-17
4,34,-0.15623773479067637,0.04063579576918327,1.2434497875801753e-13,-0.156237734790676,0.040635795769183,3.885780586188048e-16,2.706168622523819e-16
4,35,-0.17513950561216177,0.040860124113312996,-4.929390229335695e-13,-0.175139505612166,0.0408601241133134,4.246603069191224e-15,4.0245584642661925e-16
4,36,-0.13789473711996952,0.04081309745132582,4.933831121434196e-13,-0.137894737119971,0.0408130974513259,1.4710455076283324e-15,8.326672684688674e-17
4,37,-0.1494301778286445,0.0400560974680204,-5.1514348342607263e-14,-0.149430177828645,0.0400560974680203,4.996003610813204e-16,9.71445146547012e-17
4,38,-0.21413671934673087,0.040849920527305426,-2.1316282072803006e-13,-0.21413671934673,0.0408499205273055,8.604228440844963e-16,7.632783294297951e-17
4,39,-0.1964303817560155,0.04045597071927668,-1.2256862191861728e-13,-0.196430381756013,0.0404559707192767,2.4980018054066022e-15,2.0816681711721685e-17
4,40,-0.1744961955783128,0.040295685540888686,5.240252676230739e-13,-0.174496195578313,0.0402956855408886,1.942890293094024e-16,8.326672684688674e-17
4,41,-0.1312996668680826,0.040702944506358765,-5.488942633746774e-13,-0.131299666868084,0.0407029445063586,1.4155343563970746e-15,1.6653345369377348e-16
4,42,-0.23808581640729592,0.040759786687510555,-9.07718344933528e-13,-0.2380858164073,0.0407597866875106,4.08006961549745e-15,4.85722573273506e-17
4,43,-0.11996279990531886,0.04060643619504186,1.9628743075372768e-13,-0.119962799905318,0.0406064361950417,8.604228440844963e-16,1.5959455978986625e-16
4,44,-0.17280206951497318,0.04111665753570388,-7.176481631177012e-13,-0.172801822629704,0.0411166531633647,2.4688526917282516e-07,4.372339178215778e-09
4,45,-0.19836069163764494,0.04059687021276303,-1.0800249583553523e-12,-0.198360691637649,0.040596870212763,4.052314039881821e-15,2.7755575615628914e-17
4,46,-0.09811734294451847,0.04064387140421053,1.270095140171179e-13,-0.0981173433539439,0.040643871404928,4.0942542411936955e-10,7.174677518761996e-13
4,47,-0.1775286263740818,0.04069120608560805,-3.4861002973229915e-13,-0.177528626374078,0.040691206085608,3.774758283725532e-15,4.85722573273506e-17
4,48,-0.2067755130454926,0.040854040092130325,-5.933031843596837e-13,-0.206775513045494,0.0408540400921302,1.3877787807814457e-15,1.249000902703301e-16
4,49,-0.18777292294207018,0.04073862149906399,-7.016609515630989e-13,-0.187772922942071,0.0407386214990642,8.326672684688674e-16,2.1510571102112408e-16
5,0,-0.2671289307189445,0.041404017496814674,1.2603251775544777e-12,-0.267128930718946,0.0414040174968148,1.4988010832439613e-15,1.249000902703301e-16
5,1,-0.3557896003698901,0.04214082278909315,-1.0036416142611415e-12,-0.355789600369887,0.0421408227890931,3.1086244689504383e-15,5.551115123125783e-17
5,2,-0.2842516144493146,0.04152380717486763,-2.078337502098293e-13,-0.284251614449315,0.0415238071748677,3.885780586188048e-16,6.938893903907228e-17
5,3,-0.3152987585556723,0.04188494477958881,-9.9298347322474e-13,-0.315298758555671,0.0418849447795888,1.27675647831893e-15,1.3877787807814457e-17
5,4,-0.27615451031765953,0.041668125365950305,-3.6637359812630166e-13,-0.276154505903519,0.0416681256938901,4.414140553077317e-09,3.2793979337641943e-10
5,5,-0.2549223861340351,0.04156040486364179,2.255973186038318e-13,-0.254922386134035,0.0415604048636416,1.1102230246251565e-16,1.942890293094024e-16
5,6,-0.28589677589601503,0.04203284926742216,3.872457909892546e-13,-0.285896775896015,0.042032849267422,5.551115123125783e-17,1.5959455978986625e-16
5,7,-0.33314056234897593,0.04168076217143498,-2.0019541580040823e-12,-0.333140562348974,0.041680762171435,1.942890293094024e-15,2.0816681711721685e-17
5,8,-0.3109910021666239,0.04159388724371839,3.552713678800501e-15,-0.31099100216662,0.0415938872437183,3.885780586188048e-15,9.020562075079397e-17
5,9,-0.244271659427221,0.04206106716302222,-1.0658141036401503e-14,-0.244271659427224,0.0420610671630222,2.9976021664879227e-15,2.0816681711721685e-17
5,10,-0.24681452413460486,0.040800897057271863,-7.398526236102043e-13,-0.246814524134606,0.0408008970572719,1.1379786002407855e-15,3.469446951953614e-17
5,11,-0.3660480189136295,0.04221939993905353,-1.4575007867279055e-12,-0.366048018913626,0.0422193999390533,3.497202527569243e-15,2.2898349882893854e-16
5,12,-0.3363332369125632,0.041942015931655106,-4.1744385725905886e-13,-0.336333249338753,0.0419420164596002,1.2426189799352727e-08,5.279450904227545e-10
5,13,-0.30485509221276363,0.04143214391448052,-2.0605739337042905e-13,-0.304855254428543,0.0414321456324095,1.6221577936459397e-07,1.7179289865665304e-09
5,14,-0.34826284972564625,0.04179567290964102,6.679101716144942e-13,-0.348262849725644,0.041795672909641,2.275957200481571e-15,2.0816681711721685e-17
5,15,-0.3045713872108155,0.04170016406596234,1.2327916465437738e-12,-0.304571387210808,0.0417001640659622,7.494005416219807e-15,1.3877787807814457e-16
5,16,-0.3660878319503289,0.041602228808777314,5.151434834260726e-13,-0.366087831950318,0.0416022288087773,1.0880185641326534e-14,1.3877787807814457e-17
5,17,-0.2774449012126307,0.04094575638945997,1.9539925233402755e-14,-0.277444901212633,0.0409457563894599,2.275957200481571e-15,6.938893903907228e-17
5,18,-0.31345365477248754,0.041371927297018676,5.46229728115577e-13,-0.313453654772487,0.0413719272970186,5.551115123125783e-16,7.632783294297951e-17
5,19,-0.3172305562420127,0.04169421759859031,1.3145040611561853e-12,-0.317230556242012,0.0416942175985905,6.661338147750939e-16,1.942890293094024e-16
5,20,-0.24650838430325941,0.04151874595788546,-1.1723955140041653e-13,-0.246508384303264,0.0415187459578855,4.579669976578771e-15,4.163336342344337e-17
5,21,-0.3383558420634628,0.04170275182553251,1.7630341631047486e-13,-0.338355842063464,0.0417027518255324,1.1657341758564144e-15,1.0408340855860843e-16
5,22,-0.31808563986416455,0.04181876497515403,-2.5135449277513544e-13,-0.318085639864165,0.0418187649751541,4.440892098500626e-16,6.938893903907228e-17
5,23,-0.34001925039100156,0.041686841613257565,-8.348877145181177e-14,-0.340019250390998,0.0416868416132573,3.552713678800501e-15,2.636779683484747e-16
5,24,-0.25766002698168644,0.040796463694564904,2.007283228522283e-13,-0.257660026981685,0.0407964636945649,1.4432899320127035e-15,6.938893903907228e-18
5,25,-0.35592253455748496,0.04213959678334607,-5.044853423896711e-13,-0.355922534557482,0.042139596783346,2.942091015256665e-15,6.938893903907228e-17
5,26,-0.262035892215076,0.04142975433956302,4.121147867408581e-13,-0.262035892215078,0.041429754339563,1.9984014443252818e-15,2.0816681711721685e-17
5,27,-0.3307670238472637,0.04179452545561148,1.2576606422953773e-12,-0.330766698100235,0.0417945210616474,3.2574702868437555e-07,4.3939640814727454e-09
5,28,-0.24932755223477507,0.04173655590015201,-5.506706202140776e-13,-0.249327552234779,0.041736555900152,3.941291737419306e-15,6.938893903907228e-18
5,29,-0.36220838599401917,0.042158770860127585,-2.717825964282383e-13,-0.362208385994016,0.0421587708601276,3.164135620181696e-15,1.3877787807814457e-17
5,30,-0.3248789256804044,0.042572082064663445,1.389999226830696e-13,-0.324878925680406,0.0425720820646634,1.609823385706477e-15,4.85722573273506e-17
5,31,-0.3667796681029934,0.04148836598490783,1.0942358130705543e-12,-0.366778948840408,0.0414883713625349,7.192625853802426e-07,5.3776270728111975e-09
5,32,-0.3429009057051011,0.04142620319078403,-2.948752353404416e-13,-0.342901093280156,0.0414262054733132,1.875750548774313e-07,2.2825291726147334e-09
5,33,-0.26426599182812,0.04151409724529692,1.3025136524902337e-12,-0.264265991828115,0.0415140972452971,4.9960036108132044e-15,1.8041124150158794e-16
5,34,-0.2721083497182694,0.0419868307536089,6.998845947236987e-13,-0.272108349718267,0.0419868307536089,2.4424906541753444e-15,0.0
5,35,-0.31441545631532203,0.04168650944736036,1.758593271006248e-13,-0.314415456315319,0.0416865094473602,3.0531133177191805e-15,1.5959455978986625e-16
5,36,-0.2722973014084096,0.04149259559810275,1.1830536550405668e-12,-0.272297301408409,0.0414925955981024,5.551115123125783e-16,3.469446951953614e-16
5,37,-0.2975395552156145,0.041829086614760314,-1.4903633882568101e-12,-0.297539555215619,0.0418290866147605,4.496403249731884e-15,1.8735013540549517e-16
5,38,-0.33342322861056944,0.04231268682785291,-9.299228054260311e-13,-0.333423228610571,0.0423126868278528,1.5543122344752192e-15,1.1102230246251565e-16
5,39,-0.3151537356313685,0.041943589682778115,-9.556799795973347e-13,-0.315153903593538,0.0419435863228068,1.6796216950609733e-07,3.3599713150644916e-09
5,40,-0.2439513946938994,0.04160017555888855,-9.512390874988341e-13,-0.243951394693902,0.0416001755588885,2.609024107869118e-15,4.85722573273506e-17
5,41,-0.27115431245015154,0.04185516969861117,3.9968028886505635e-13,-0.271154312450147,0.041855169698611,4.551914400963142e-15,1.6653345369377348e-16
5,42,-0.23056178459880639,0.04162808454729926,-2.2470914018413168e-13,-0.230561784598807,0.0416280845472991,6.106226635438361e-16,1.5959455978986625e-16
5,43,-0.2750554240564328,0.04201064790323674,-2.0028423364237824e-13,-0.275055612639746,0.0420106446853071,1.885833131876069e-07,3.2179296380330236e-09
5,44,-0.3511003812726255,0.04125063418366341,-2.4868995751603507e-13,-0.351100381272618,0.0412506341836634,7.494005416219807e-15,1.3877787807814457e-17
5,45,-0.3246317053163318,0.041710581034090935,-1.616484723854228e-13,-0.324631705316332,0.0417105810340908,2.220446049250313e-16,1.3183898417423734e-16
5,46,-0.4315593575144269,0.04187404574877834,-7.682743330406083e-14,-0.431559357514377,0.041874045748778,4.9904524956900786e-14,3.400058012914542e-16
5,47,-0.32630174954344343,0.04104463172730408,9.103828801926284e-13,-0.326301749543443,0.0410446317273041,4.440892098500626e-16,1.3877787807814457e-17
5,48,-0.2995783575198898,0.041609444816029365,-1.687538997430238e-13,-0.299578354465194,0.0416094451054049,3.054695829618481e-09,2.8937553742114375e-10
5,49,-0.28575448072169857,0.042257650961827015,-2.717825964282383e-13,-0.285754480721697,0.042257650961827,1.5543122344752192e-15,1.3877787807814457e-17
6,0,0.019167431611092214,0.03913109142622938,1.6278089987054045e-12,0.0191674316110836,0.0391310914262294,8.614636781700824e-15,2.0816681711721685e-17
6,1,-0.07610340259994348,0.03956279250076951,-1.3073986337985843e-12,-0.0761034025959227,0.039562792500762,4.020783705982467e-12,7.507883204027621e-15
6,2,0.07847754471899675,0.03939428687677975,-3.623767952376511e-13,0.0784775447143046,0.0393942868767788,4.692149446761107e-12,9.43689570931383e-16
6,3,0.059816759538653515,0.039556948902496274,-4.858335955759685e-13,0.0598167595368122,0.0395569489024962,1.841311825234726e-12,7.632783294297951e-17
6,4,-0.07363552934108654,0.03947990449989726,4.0234482412415673e-13,-0.0736355293331978,0.0394799044998854,7.888745212625281e-12,1.1858569681777453e-14
6,5,0.0659853362450373,0.03903549226451704,-1.2967404927621828e-13,0.0659853362438712,0.0390354922645178,1.1660949983394175e-12,7.632783294297951e-16
6,6,-0.017078947586633204,0.03910945197085304,1.1075584893660562e-12,-0.0170789475866321,0.0391094519708531,1.1032841307212493e-15,6.245004513516506e-17
6,7,-0.00438787832374817,0.03944777787825586,-1.20614629395277e-12,-0.0043878713869131,0.0394477779940906,6.9368350699011705e-09,1.1583473763510099e-10
6,8,0.029174497029367773,0.03957979342840033,2.26929586233382e-13,0.0291744970293143,0.0395797934284001,5.34711164235091e-14,2.2898349882893854e-16
6,9,-0.03010261489962571,0.03980317781995542,3.930189507173054e-13,-0.0301026148996102,0.0398031778199555,1.551189732218461e-14,8.326672684688674e-17
6,10,-0.007472710881584594,0.039596993884946155,2.0481394358284888e-12,-0.0074727108815822,0.0395969938849462,2.3939183968479938e-15,4.163336342344337e-17
6,11,-0.03624982670154703,0.03946422613512101,1.965094753586527e-13,-0.0362498267014475,0.039464226135121,9.952455526374138e-14,6.938893903907228e-18
6,12,0.06581222757991156,0.03892865153144785,-3.5349501104064984e-13,0.0658125342547062,0.0389286538897473,3.066747946423032e-07,2.3582994446158523e-09
6,13,0.06662807701195829,0.03943019584491806,-1.1857181902996672e-13,0.0666280770072496,0.0394301958449184,4.708691769828022e-12,3.400058012914542e-16
6,14,-0.023926445037256047,0.03989831745638119,4.4275694222051243e-13,-0.0239264450372499,0.0398983174563813,6.147859998861804e-15,1.1102230246251565e-16
6,15,-0.014129439371698459,0.039163442564172646,-5.009326287108706e-13,-0.0141294393716997,0.0391634425641727,1.240327285323417e-15,5.551115123125783e-17
6,16,-0.009652997751721036,0.03879566492183265,1.3375967000683886e-12,-0.0096529977517195,0.0387956649218324,1.5352302762394743e-15,2.498001805406602e-16
6,17,-0.01675155835596344,0.03951149424025016,-5.968558980384842e-13,-0.0167515578205878,0.0395114942888666,5.353756396542231e-10,4.8616437264836776e-11
6,18,-0.0014788731578184216,0.0391666295957781,1.4210854715202004e-14,-0.0014788739239292,0.0391666296449412,7.661107783319548e-10,4.9163097204374395e-11
6,19,-0.055043265887697104,0.039599272222825894,-2.042810365310288e-14,-0.0550432658868765,0.0395992722228246,8.206074708638766e-13,1.2975731600306517e-15
6,20,0.03421363807794555,0.03970766380745811,2.602362769721367e-13,0.0342138346518563,0.0397076669325398,1.9657391074623387e-07,3.1250816864836217e-09
6,21,-0.0007000442668640065,0.039469081144072035,1.4885870314174099e-12,-0.0007000442668631,0.0394690811440721,9.065014364151303e-16,6.245004513516506e-17
6,22,-0.061065958314997976,0.03892296166740348,-1.0382805726294464e-12,-0.0610659583128499,0.0389229616674003,2.1480733858325607e-12,3.1780134079895106e-15
6,23,0.0006141863284305612,0.038837174116116466,-1.652011860642233e-13,0.0006141863284349,0.0388371741161166,4.338760253852492e-15,1.3183898417423734e-16
6,24,0.010077335565695362,0.03936225422293097,1.7008616737257398e-13,0.0100773196850512,0.0393622546449723,1.588064416253865e-08,4.2204132549850115e-10
6,25,0.0545743010608875,0.0390743296926984,1.1253220577600587e-12,0.0545743010597416,0.0390743296926988,1.1459028170790475e-12,4.0245584642661925e-16
6,26,-0.01048129087142668,0.03937262814697024,-2.3092638912203256e-13,-0.0104812908714274,0.0393726281469705,7.199102425303749e-16,2.5673907444456745e-16
6,27,0.0008013275486340656,0.03896962828728764,-1.2461143228392757e-12,0.0008013276138967,0.0389696282936206,6.526263438087071e-11,6.3329619326424336e-12
6,28,0.08457777154737128,0.039537731147923326,3.015365734881925e-13,0.0845777715420841,0.0395377311479259,5.287187354596767e-12,2.5743296383495817e-15
6,29,0.01300990370254121,0.03904226733033913,1.446842645691504e-12,0.013009903702542,0.0390422673303392,7.892991815694472e-16,6.938893903907228e-17
6,30,-0.0408185875799363,0.03940765200520237,-1.2594369991347776e-12,-0.040818587579822,0.0394076520052026,1.1429746038515987e-13,2.2898349882893854e-16
6,31,-0.041049454282108544,0.03916880140280576,8.393286066166183e-13,-0.0410494542819771,0.0391688014028055,1.3144346722171463e-13,2.5673907444456745e-16
6,32,-0.023107179510143187,0.03975391580038711,-7.318590178329032e-13,-0.0231071795104247,0.0397539158003874,2.815143951284682e-13,2.914335439641036e-16
6,33,0.02403334614044788,0.03973991526639931,-1.1475265182525618e-12,0.0240333461404189,0.0397399152663993,2.898029038966854e-14,1.3877787807814457e-17
6,34,0.04931413268530617,0.039473640655378034,-1.34736666268509e-12,0.0493141326848533,0.0394736406553784,4.5286691063850526e-13,3.677613769070831e-16
6,35,-0.03856617241117334,0.03959962337542637,4.263256414560601e-14,-0.0385661724113541,0.0395996233754266,1.807581861967833e-13,2.2898349882893854e-16
6,36,0.024467851314241125,0.039472471680926054,1.2878587085651816e-14,0.0244678513142374,0.039472471680926,3.726186026398182e-15,5.551115123125783e-17
6,37,0.017179742607732883,0.03939789311498122,-4.725109192804666e-13,0.0171797426077337,0.0393978931149811,8.187894806610529e-16,1.249000902703301e-16
6,38,0.022747654782420308,0.039447832184543084,2.525091247207456e-12,0.0227476547823918,0.0394478321845431,2.850844560420285e-14,1.3877787807814457e-17
6,39,0.025690440563174516,0.03919358475151296,-1.694644424787839e-12,0.0256904405631736,0.0391935847515128,9.159339953157541e-16,1.5959455978986625e-16
6,40,-0.060801265517833714,0.03955109543907104,3.872457909892546e-13,-0.0608012655160872,0.0395510954390674,1.7465126567195455e-12,3.635980405647388e-15
6,41,0.013878367290314575,0.03960685252406147,-5.81756864903582e-13,0.0138783672903131,0.0396068525240618,1.474514954580286e-15,3.2612801348363973e-16
6,42,-0.09201271594058125,0.03921275684562647,4.987121826616203e-13,-0.0920127159280927,0.0392127568456036,1.248855185931319e-11,2.2870594307278225e-14
6,43,0.031928108496408425,0.03928044263743612,-1.7070789226636407e-12,0.0319281084957748,0.0392804426374365,6.336250968352886e-13,3.7470027081099033e-16
6,44,0.033800766082039954,0.039292333951246164,-5.702105454474804e-13,0.0338007660820312,0.0392923339512462,8.756884106730922e-15,3.469446951953614e-17
6,45,-0.015850195171489667,0.039086612694144075,4.831690603168681e-13,-0.0158501951714904,0.0390866126941441,7.320533068622126e-16,2.7755575615628914e-17
6,46,0.01384741537631646,0.039889870889478055,5.115907697472721e-13,0.0138474153763123,0.039889870889478,4.1598668953923834e-15,5.551115123125783e-17
6,47,0.009505582746861169,0.039315207912019305,-4.063416270128073e-13,0.0095055827468627,0.0393152079120193,1.5317608292875207e-15,6.938893903907228e-18
6,48,0.07710391981014991,0.03982456099100381,-4.769518113789672e-13,0.0771039198004794,0.0398245609909982,9.670514389270579e-12,5.6066262743570405e-15
6,49,0.0014890911662600761,0.03915093056542588,-1.4122036873231991e-12,0.00148909116626,0.039150930565426,7.611099250848241e-17,1.1796119636642288e-16
7,0,-0.14885468588608167,0.04041444670719412,-1.7634782523145986e-12,-0.148854685815522,0.0404144467119997,7.055966921853951e-11,4.805579545408278e-12
7,1,-0.10306933908902682,0.03924811762219685,7.638334409421077e-13,-0.103069359413626,0.0392481182598974,2.0324599170340463e-08,6.377005520863399e-10
7,2,-0.09992296393853499,0.04025638682234936,4.654054919228656e-13,-0.0999229638976512,0.0402563868222622,4.088378247057989e-11,8.71594463269787e-14
7,3,-0.11868759535807173,0.040450172152491845,-1.0476064460362977e-12,-0.118687595324483,0.0404501721524039,3.358872902037291e-11,8.794354133812021e-14
7,4,-0.10370903071860701,0.04021128679615252,1.3500311979441904e-13,-0.103709030709705,0.0402112867961344,8.902018011625046e-12,1.8117451983101773e-14
7,5,-0.06548893931261286,0.03978392880457633,-4.445332990599127e-13,-0.0654889393094941,0.0397839288045719,3.118755254050143e-12,4.433953204596719e-15
7,6,-0.08107047637215929,0.04043823669799482,2.0086154961518332e-12,-0.0810703901804115,0.0404382354589724,8.619174779456173e-08,1.2390224193858934e-09
7,7,-0.1051636228072193,0.04085429601450905,6.092903959142859e-13,-0.105163622767285,0.0408542960144106,3.9934305862132646e-11,9.844902670863576e-14
7,8,-0.16705484885523594,0.03979959164486471,-1.0229594948896192e-12,-0.167054848582966,0.0397995916526692,2.7226995658047315e-10,7.804486223950136e-12
7,9,-0.12517586609747203,0.03999543757495605,-9.525713551283843e-13,-0.125176497476435,0.0399954305781482,6.313789629730504e-07,6.996807848380637e-09
7,10,-0.11915878037822157,0.04006964957054421,-5.950795411990839e-14,-0.119158780337782,0.0400696495704392,4.0439568360639555e-11,1.0500628144782809e-13
7,11,-0.16939608201413558,0.04045274116604642,1.3100631690576847e-12,-0.169395912041444,0.0404527385731814,1.6997269158824935e-07,2.592865019912516e-09
7,12,-0.20839200858157994,0.04052652510518327,1.900701818158268e-12,-0.208392008581577,0.040526525105183,2.942091015256665e-15,2.706168622523819e-16
7,13,-0.1229911252128373,0.04047515394199676,-1.1102230246251565e-12,-0.122991125177525,0.0404751539419191,3.5312294754952234e-11,7.76601005725297e-14
7,14,-0.21177413635587877,0.040774015155122405,-4.956035581926699e-13,-0.211774134797137,0.040774015149823,1.558741774543293e-09,5.299406746761548e-12
7,15,-0.13350413892006496,0.04048139966544671,-1.3216094885137863e-12,-0.133503920434684,0.0404814036038994,2.1848538095392556e-07,3.938452688978522e-09
7,16,-0.06432243000044424,0.03946713983619309,2.9465319073551655e-12,-0.0643224300623452,0.039467139839697,6.190095658276107e-11,3.5039054990804175e-12
7,17,-0.10235604246621657,0.040219712131864184,-1.3251622021925868e-12,-0.102356042360638,0.0402197121387295,1.0557857366144674e-10,6.865313872950196e-12
7,18,-0.11627472161416558,0.04045204731942986,-4.685141163918161e-13,-0.116274721605275,0.040452047319408,8.890582714471407e-12,2.1864454691211677e-14
7,19,-0.1090562611235094,0.040275885767200974,9.556799795973347e-13,-0.109056002167298,0.0402758917128704,2.5895621140470393e-07,5.945669429019418e-09
7,20,-0.08594317204674075,0.04004980545051381,-1.084465850453853e-12,-0.0859436708747767,0.0400498076398304,4.988280359469188e-07,2.189316589129575e-09
7,21,-0.12749580260866858,0.040336796022587086,-1.0615952561465747e-12,-0.127495802282251,0.0403367960217246,3.264175874040376e-10,8.624836955739568e-13
7,22,-0.15468939725592495,0.0401433680827924,-1.2603251775544777e-12,-0.154689397124632,0.0401433680824008,1.3129294873515107e-10,3.9159647746700443e-13
7,23,-0.1237602895735666,0.040591202279956995,4.3787196091216174e-13,-0.123760289425623,0.0405912022795865,1.479436018136937e-10,3.7049530110522255e-13
7,24,-0.0927387341416447,0.03957819376496409,-4.831690603168681e-13,-0.0927387341059376,0.0395781937649021,3.570710394029675e-11,6.199207813750718e-14
7,25,-0.05563627807943262,0.03967806644041954,4.689582056016661e-13,-0.0556361336342919,0.0396780693911195,1.4444514071648706e-07,2.9506999621453645e-09
7,26,-0.14460761379419518,0.04043962853378786,8.411049634560186e-13,-0.144607613794193,0.0404396285337878,2.1649348980190553e-15,6.245004513516506e-17
7,27,-0.14028261866488004,0.040173453999397216,-4.631850458736153e-13,-0.140282618655914,0.0401734539993736,8.966050124570302e-12,2.3613055954996298e-14
7,28,-0.11585654479810463,0.040169246426366476,-7.069900220812997e-13,-0.115856785276393,0.0401692420988574,2.4047828836581964e-07,4.327509073309699e-09
7,29,-0.08097375682746208,0.04006017870713206,-1.5907275496829243e-12,-0.0809735145331201,0.0400601812603008,2.422943419788659e-07,2.553168738927969e-09
7,30,-0.13474108835905138,0.040297358363772004,7.558398351648066e-13,-0.134741087871982,0.0402973583626723,4.870693848246788e-10,1.0997036614668332e-12
7,31,-0.0909917863383408,0.040627091590965614,7.895906151134113e-13,-0.0909917863380107,0.040627091590965,3.301109385844825e-13,6.106226635438361e-16
7,32,-0.118527985994671,0.040466013227959355,6.31494856406789e-13,-0.118527985959095,0.0404660132278812,3.5576000478876324e-11,7.815276203970711e-14
7,33,-0.14440183244777027,0.03964912685763175,-4.636291350834654e-13,-0.144401832435332,0.0396491268575999,1.2438272634085479e-11,3.184952301893418e-14
7,34,-0.1724990020145139,0.04038842849956067,4.867217739956686e-13,-0.172499002014511,0.0403884284995609,2.914335439641036e-15,2.2898349882893854e-16
7,35,-0.1949041458876445,0.040706268957981365,2.291500322826323e-13,-0.194904145887641,0.0407062689579813,3.497202527569243e-15,6.245004513516506e-17
7,36,-0.062458316997875275,0.040151598555664865,1.9204637879965958e-12,-0.062458543192814,0.0401516032583811,2.261949387238893e-07,4.7027162372592635e-09
7,37,-0.17545058550805073,0.040516298738159616,8.564260411958458e-13,-0.175450585508048,0.0405162987381596,2.7200464103316335e-15,1.3877787807814457e-17
7,38,-0.15340170232407133,0.040213684329955465,2.8421709430404007e-13,-0.153401942591958,0.0402136877046174,2.4026788666975385e-07,3.3746619318431037e-09
7,39,-0.1453068559083949,0.03979690449257542,-9.983125437429408e-13,-0.145306855320507,0.0397969044915184,5.878879050236208e-10,1.057015586169996e-12
7,40,-0.11067393080576929,0.03996170869534429,-4.769518113789672e-13,-0.110673930687426,0.039961708695092,1.1834329349813544e-10,2.52284304558259e-13
7,41,-0.08990484001115673,0.03981794645963515,1.624478329631529e-12,-0.0899048425811486,0.0398179466141125,2.569991872092281e-09,1.544773475803396e-10
7,42,-0.17391901798829298,0.04052601977001563,-1.0871303857129533e-12,-0.17391901785401,0.0405260197696122,1.3428297362949593e-10,4.0343423046707017e-13
7,43,-0.17525242402736588,0.04032659233519119,-2.1715962361668062e-13,-0.175252423739083,0.0403265923343439,2.882828697980955e-10,8.472875179243999e-13
7,44,-0.14024370835281705,0.039880002718688606,-6.759037773917953e-13,-0.140243708792913,0.0398800027440509,4.4009595967509085e-10,2.536229559702008e-11
7,45,-0.14937495140412133,0.040171915795967315,1.3855583347321954e-13,-0.149374549153189,0.040171921337445,4.02250932313164e-07,5.541477686443752e-09
7,46,-0.10827354536713862,0.04007365627277293,4.547473508864641e-13,-0.108273545355596,0.0400736562727442,1.154262796454475e-11,2.8727020762175925e-14
7,47,-0.14230397901086914,0.03954194308704212,1.6084911180769268e-12,-0.142303978765877,0.0395419430864485,2.4499213768791606e-10,5.936223734792634e-13
7,48,-0.11888535732419968,0.04025606431892659,6.705747068735946e-13,-0.118885357124446,0.0402560643184844,1.9975367193669769e-10,4.4218795292039204e-13
7,49,-0.13159294914331918,0.040449880467043224,-8.673062268371723e-13,-0.131592949143327,0.040449880467043,7.827072323607354e-15,2.220446049250313e-16
8,0,-0.16557996348315976,0.039672863480690455,-1.0036416142611415e-13,-0.165579960565899,0.0396728636920086,2.9172607662886207e-09,2.1131814353925193e-10
8,1,-0.12972143564819008,0.03954328637312555,8.064660050877137e-13,-0.129721435319089,0.039543286372343,3.2910107972128344e-10,7.825476378009455e-13
8,2,-0.14011997930901984,0.04014837753255494,1.6759926779741363e-12,-0.140119979309014,0.040148377532555,5.856426454897701e-15,6.245004513516506e-17
8,3,-0.02245013899245982,0.03932451019741319,-4.707345624410664e-13,-0.0224503458571544,0.0393245132051413,2.0686469457895096e-07,3.0077281082396823e-09
8,4,-0.0646220064979635,0.03982971041607049,9.2192919964873e-13,-0.0646220138892278,0.0398297108783875,7.391264295053546e-09,4.6231701106291823e-10
8,5,-0.09356135624387094,0.03974747022347016,1.6040502259784262e-12,-0.0935613562661416,0.0397474702235177,2.2270657540346406e-11,4.753836213566842e-14
8,6,-0.10280010144075037,0.03915016410154787,7.183142969324763e-13,-0.102800101363077,0.0391501641014256,7.767336773767397e-11,1.2227024948074927e-13
8,7,-0.06153508424294944,0.03942357351568452,6.261657858885883e-14,-0.0615350842408726,0.0394235735156818,2.076838701015049e-12,2.7200464103316335e-15
8,8,-0.10175768381488585,0.04023720518298174,-1.5010215292932116e-12,-0.101757683790329,0.0402372051829232,2.4556856548230144e-11,5.853650897336138e-14
8,9,-0.08170090476858474,0.03989196618020245,3.1441516057384433e-13,-0.0817009047594249,0.0398919661801844,9.159839553518623e-12,1.80480630440627e-14
8,10,-0.08626593533230127,0.039837705300802204,1.4384049507043528e-12,-0.086265935308481,0.0398377053007603,2.3820265204754776e-11,4.190398028569575e-14
8,11,-0.09338459639458827,0.040156534121279015,4.3787196091216174e-13,-0.0933843668524703,0.0401565397840423,2.2954211796599733e-07,5.662763286062855e-09
8,12,-0.1304828100195177,0.03994931402697422,-7.425171588693047e-13,-0.130482810019516,0.0399493140269742,1.6930901125533637e-15,2.0816681711721685e-17
8,13,-0.03392769660593143,0.039351405123757316,1.035616037370346e-12,-0.0339276966068902,0.0393514051237594,9.587677873845735e-13,2.0816681711721685e-15
8,14,-0.01888803553612485,0.039820338442351166,-6.505906924303417e-13,-0.0188880355363422,0.039820338442351,2.1735044319903807e-13,1.6653345369377348e-16
8,15,-0.169325074033507,0.04027592469774738,5.728750807065808e-14,-0.169325252301863,0.0402759274764789,1.7826835599366042e-07,2.778731522656841e-09
8,16,-0.14421495776270313,0.04011284007360196,3.361755318564974e-13,-0.144214957220968,0.0401128400722749,5.417351289782601e-10,1.3270634591222574e-12
8,17,-0.1312034984463685,0.040119142682229623,-5.471179065352771e-13,-0.131203308711458,0.0401191393922933,1.897349105051127e-07,3.289936323369602e-09
8,18,-0.08887478986533462,0.03971588400921659,1.425526363618701e-13,-0.0888747895119943,0.0397158840356314,3.5334031533995613e-10,2.641480784104644e-11
8,19,-0.024812544026534687,0.03980088031840367,-2.184918912462308e-13,-0.0248119669252317,0.0398008768608109,5.77101302984967e-07,3.457592767652784e-09
8,20,-0.02885069445094688,0.03961310127984419,-6.17284001691587e-13,-0.0288506944551331,0.0396131012798499,4.186220814439423e-12,5.710709682915649e-15
8,21,-0.165294926082835,0.04029372300851848,-1.695532603207539e-12,-0.16529508529318,0.0402937257934081,1.5921034499100095e-07,2.784889617524211e-09
8,22,-0.11985010068195362,0.040287261426211474,1.0604850331219495e-12,-0.119850100451887,0.0402872614256803,2.3006661853397503e-10,5.311723283440983e-13
8,23,-0.10224655288050717,0.039741333115106185,-5.071498776487715e-13,-0.102246979761557,0.0397413299833562,4.268810498281317e-07,3.1317499843419583e-09
8,24,-0.1004676091589856,0.0394137387749917,-2.327027459614328e-13,-0.100467609090246,0.0394137387748853,6.873959734754465e-11,1.0640099912251344e-13
8,25,-0.06269918131113993,0.039408359488985155,1.2851941733060812e-12,-0.0626991813112138,0.0394083594889851,7.387146450099635e-14,5.551115123125783e-17
8,26,-0.10104144296930057,0.03954302598291681,-1.7212897773788427e-12,-0.101041639404834,0.039543029424549,1.96435533436623e-07,3.441632187572985e-09
8,27,-0.1125785880777531,0.040191878534456264,2.540190280342358e-13,-0.112578587928807,0.0401918785340536,1.489461054493546e-10,4.0266401324373646e-13
8,28,-0.08520599831974207,0.03995393436822281,-1.7998935675223038e-12,-0.0852059983137138,0.0399539343682133,6.028275101321867e-12,9.51322354225681e-15
8,29,-0.10731526941756055,0.03970824794907625,-4.75175454539567e-13,-0.107315269199176,0.0397082479565293,2.1838454655753736e-10,7.453052064398946e-12
8,30,-0.07976071022004272,0.03991408598802475,-9.627854069549358e-13,-0.0797607102087883,0.0399140859880044,1.1254414067352059e-11,2.0344836926255994e-14
8,31,-0.13961155299850872,0.04019577989980309,-7.673861546209082e-13,-0.139611552998509,0.0401957798998031,2.7755575615628914e-16,1.3877787807814457e-17
8,32,0.03608989004604927,0.040107313924859694,6.927791673660977e-13,0.0360898900460459,0.0401073139248601,3.3653635433950058e-15,4.0245584642661925e-16
8,33,-0.05584791087376672,0.03982690612540043,-8.806289031326742e-13,-0.0558479108841003,0.0398269061254141,1.0333581212940146e-11,1.366962099069724e-14
8,34,-0.09864666831578768,0.03972840546842227,-7.283063041541027e-14,-0.0986463130639411,0.0397284110192434,3.5525184657880793e-07,5.550821129129968e-09
8,35,-0.1637237757882014,0.03999588519485623,-1.1812772982011666e-12,-0.163723775788204,0.0399958851948563,2.581268532253489e-15,6.938893903907228e-17
8,36,-0.1705206215762552,0.04042088206055777,1.509903313490213e-13,-0.170520621576255,0.0404208820605576,1.942890293094024e-16,1.734723475976807e-16
8,37,-0.05311031909388632,0.040296237077516346,-7.642775301519578e-13,-0.053110319093076,0.0402962370775156,8.103170912043822e-13,7.494005416219807e-16
8,38,-0.12171769572806095,0.039741077903905825,-9.909850717804147e-13,-0.121717695728061,0.0397410779039058,5.551115123125783e-17,2.7755575615628914e-17
8,39,-0.06291895938789561,0.03987385379562943,-5.777600620149315e-13,-0.0629189593967793,0.0398738537956465,8.883685453930923e-12,1.7069679003611782e-14
8,40,-0.09629679242385784,0.0397531548028837,3.943512183468556e-13,-0.096296792431203,0.0397531548028912,7.345152264193189e-12,7.494005416219807e-15
8,41,-0.1205185488882348,0.03971088278683854,-8.562039965909207e-13,-0.120518548888233,0.0397108827868386,1.790234627208065e-15,5.551115123125783e-17
8,42,-0.042354209939116615,0.03920333963976758,-9.050538096744276e-13,-0.0423542099402098,0.0392033396397686,1.0931880400910643e-12,1.0200174038743626e-15
8,43,-0.04963770687351452,0.04024415534319656,-6.767919558114954e-13,-0.0496377068747915,0.0402441553431981,1.276978522923855e-12,1.5404344466674047e-15
8,44,-0.10770918243967804,0.03962340798657733,-3.0464519795714295e-13,-0.107709386043769,0.0396234115267475,2.0360409096198406e-07,3.540170163962575e-09
8,45,-0.15039767550077437,0.03992737412055893,1.730171561575844e-12,-0.15039807718717,0.0399273771279881,4.01686395617995e-07,3.007429166812514e-09
8,46,-0.09280121357806512,0.039479737731315565,-1.1519674103510624e-12,-0.092801214678536,0.0394797378041621,1.1004708810880004e-09,7.284653436023802e-11
8,47,-0.09299008263385268,0.03919682309989015,2.5357493882438575e-13,-0.0929900826071766,0.039196823099856,2.6676078013210258e-11,3.415323579503138e-14
8,48,-0.09380453258968445,0.03946243793347625,2.353672812205332e-13,-0.0938045325476794,0.0394624379333878,4.2005052214300065e-11,8.845008059310544e-14
8,49,-0.124853423680271,0.03965661131247484,3.339550858072471e-13,-0.124853423680267,0.0396566113124751,3.9968028886505635e-15,2.636779683484747e-16
9,0,-0.21781075646276427,0.040448894520042265,1.4743761767022079e-12,-0.21781075646276,0.0404488945200424,4.274358644806853e-15,1.3183898417423734e-16
9,1,-0.1985872772570276,0.04017688618159885,5.577760475716786e-13,-0.198587277257028,0.0401768861815991,3.885780586188048e-16,2.498001805406602e-16
9,2,-0.22197006358125707,0.04075160196585703,2.291500322826323e-13,-0.221970835317201,0.0407516092067911,7.717359439274318e-07,7.240934067620497e-09
9,3,-0.25834719460210775,0.04057490008294959,9.14823772291129e-14,-0.25834719460211,0.0405749000829495,2.220446049250313e-15,9.020562075079397e-17
9,4,-0.21107654046263022,0.0404049830651764,-8.486544800234697e-13,-0.211076540462632,0.0404049830651765,1.7763568394002505e-15,1.0408340855860843e-16
9,5,-0.2814250163709678,0.040479342839877044,4.312106227644108e-13,-0.281424768980167,0.0404793484452945,2.4739080078939324e-07,5.605417456588935e-09
9,6,-0.22446262306800865,0.04081949343840403,4.796163466380676e-13,-0.224462623068008,0.0408194934384041,6.661338147750939e-16,7.632783294297951e-17
9,7,-0.2066888619714175,0.040569409920711036,-8.72635297355373e-14,-0.206688861971417,0.0405694099207111,4.996003610813204e-16,6.245004513516506e-17
9,8,-0.26005410600575607,0.04127214042418721,5.169198402654729e-13,-0.260054106005756,0.0412721404241871,5.551115123125783e-17,1.1102230246251565e-16
9,9,-0.2637011672897273,0.040703143561219776,8.695266728864226e-13,-0.263701167289726,0.0407031435612197,1.3322676295501878e-15,7.632783294297951e-17
9,10,-0.24541583903688075,0.04041947410002317,8.375522497772181e-13,-0.245415839036883,0.0404194741000233,2.248201624865942e-15,1.3183898417423734e-16
9,11,-0.16303301650673083,0.04150110734615841,7.069900220812997e-13,-0.16303301650673,0.0415011073461582,8.326672684688674e-16,2.0816681711721685e-16
9,12,-0.2001856768186002,0.04061847952104894,-4.1389114358025836e-13,-0.200185676818604,0.0406184795210487,3.802513859341161e-15,2.3592239273284576e-16
9,13,-0.2830593003204047,0.04076322378074523,-4.725109192804666e-13,-0.283059300320402,0.0407632237807452,2.7200464103316335e-15,2.7755575615628914e-17
9,14,-0.27955447008269757,0.040919260135943485,-6.448175327022909e-13,-0.279554470082698,0.0409192601359434,4.440892098500626e-16,8.326672684688674e-17
9,15,-0.1979533117013961,0.04106556976471012,-2.0161650127192843e-13,-0.197953311701398,0.0410655697647102,1.887379141862766e-15,8.326672684688674e-17
9,16,-0.26697841169522346,0.040790209430464984,2.1316282072803006e-13,-0.266977937955754,0.0407902126781424,4.7373946948647827e-07,3.2476774186607216e-09
9,17,-0.18233763072102196,0.04066958110879513,7.069900220812997e-13,-0.182337630721021,0.040669581108795,9.71445146547012e-16,1.3183898417423734e-16
9,18,-0.19443102488623254,0.04065910882281444,-6.572520305780927e-13,-0.194431024886234,0.0406591088228143,1.4710455076283324e-15,1.3877787807814457e-16
9,19,-0.15208800810025058,0.04134231993001434,3.019806626980426e-13,-0.15208842728791,0.0413423117039609,4.191876594172861e-07,8.226053435644864e-09
9,20,-0.2622002694634403,0.04060070523546864,7.736034035588091e-13,-0.262200269463439,0.0406007052354687,1.3322676295501878e-15,6.245004513516506e-17
9,21,-0.2806948107796311,0.04061383110154817,-1.7053025658242404e-13,-0.28069481077963,0.040613831101548,1.1102230246251565e-15,1.6653345369377348e-16
9,22,-0.26744006004115795,0.04030314556537524,1.3500311979441904e-13,-0.267440060041157,0.0403031455653753,9.43689570931383e-16,6.245004513516506e-17
9,23,-0.22060429465667447,0.04094525073133364,-4.050093593832571e-13,-0.220604160376388,0.0409452489396949,1.342802864734427e-07,1.7916387401450962e-09
9,24,-0.2635709528494707,0.04077139175404957,4.929390229335695e-14,-0.263570952849471,0.0407713917540496,3.3306690738754696e-16,2.7755575615628914e-17
9,25,-0.14897564434641175,0.04003507828889651,1.9466650513777495e-12,-0.148975644346405,0.0400350782888967,6.744604874597826e-15,1.8735013540549517e-16
9,26,-0.18664758645617752,0.040885709932678586,8.739675649849232e-13,-0.186647586456176,0.0408857099326785,1.5265566588595902e-15,8.326672684688674e-17
9,27,-0.2260798419837981,0.04117118689101405,1.2505552149377763e-12,-0.226080513875527,0.0411711940133267,6.71891728892815e-07,7.122312649376905e-09
9,28,-0.25907649878779,0.04146102577747584,7.549516567451064e-13,-0.259076498787789,0.0414610257774757,9.992007221626409e-16,1.3877787807814457e-16
9,29,-0.20753966349258224,0.040663854975915514,9.063860773039778e-13,-0.207539845821722,0.0406638579598713,1.8232913975846365e-07,2.9839557838529096e-09
9,30,-0.17842763210621898,0.0407877333047042,-9.912071163853398e-13,-0.178427632106218,0.0407877333047038,9.71445146547012e-16,4.0245584642661925e-16
9,31,-0.24062139422866613,0.0412220109525316,-1.5587531265737198e-13,-0.24062193976864,0.0412220174382369,5.455399738618638e-07,6.485705299208444e-09
9,32,-0.25961931971637436,0.04096647782884182,-3.410605131648481e-13,-0.259619319716376,0.0409664778288418,1.609823385706477e-15,2.0816681711721685e-17
9,33,-0.21584896987155494,0.041350487808304526,1.0693668173189508e-12,-0.215848969871554,0.0413504878083047,9.43689570931383e-16,1.734723475976807e-16
9,34,-0.18753473746883423,0.04052468047953822,-1.3393730569077889e-12,-0.187534736285864,0.0405246804752764,1.1829702217802662e-09,4.261820063522492e-12
9,35,-0.2215004722892664,0.040474744557013595,6.67021993194794e-13,-0.221500472289266,0.0404747445570136,3.885780586188048e-16,6.938893903907228e-18
9,36,-0.23408247897496395,0.04069969317782718,-4.0323300254385686e-13,-0.234082478974959,0.0406996931778271,4.9404924595819466e-15,7.632783294297951e-17
9,37,-0.2910979250862948,0.041115480517384534,6.945555242054979e-13,-0.291097925086297,0.0411154805173847,2.220446049250313e-15,1.6653345369377348e-16
9,38,-0.2774309771109375,0.04107028902534195,9.769962616701378e-14,-0.277430977110935,0.041070289025342,2.4980018054066022e-15,5.551115123125783e-17
9,39,-0.20248774264082153,0.04048826545899225,1.56052948341312e-12,-0.202488242354562,0.0404882618595645,4.99713740470531e-07,3.5994277489126425e-09
9,40,-0.26506086320970995,0.04093267435506036,1.687538997430238e-13,-0.265061205763253,0.0409326798761085,3.425535430312543e-07,5.521048139500717e-09
9,41,-0.24066655695691386,0.03975493555280449,3.197442310920451e-13,-0.240666310612751,0.0397549412240049,2.4634416284641247e-07,5.671200412060706e-09
9,42,-0.17717392418734226,0.040665648264830156,1.1244338793403585e-12,-0.177173924187341,0.0406656482648299,1.27675647831893e-15,2.5673907444456745e-16
9,43,-0.2545569099214848,0.04063632123968493,-6.039613253960852e-13,-0.254556909921488,0.040636321239685,3.219646771412954e-15,6.938893903907228e-17
9,44,-0.14708483379621276,0.04062836688354779,-3.019806626980426e-13,-0.147084833796212,0.040628366883548,7.494005416219807e-16,2.0816681711721685e-16
9,45,-0.23857055404764307,0.04111560758061663,6.88338275267597e-14,-0.238570554073029,0.0411156075823042,2.538591559186898e-11,1.6875736918997575e-12
9,46,-0.19949701515974158,0.040830364585704375,-1.3429257705865894e-12,-0.199497015159747,0.0408303645857045,5.412337245047638e-15,1.249000902703301e-16
9,47,-0.27460556601374286,0.040218801458129914,-5.551115123125783e-14,-0.274605566013741,0.04021880145813,1.887379141862766e-15,8.326672684688674e-17
9,48,-0.2465391134707074,0.04141995439761835,-3.9879211044535623e-13,-0.24653911347071,0.0414199543976186,2.609024107869118e-15,2.498001805406602e-16
9,49,-0.2629396902368883,0.04092433470524133,3.659295089164516e-13,-0.262939690236889,0.0409243347052415,7.216449660063518e-16,1.6653345369377348e-16
10,0,-0.16586037301013973,0.04034417079992856,-7.034373084024992e-13,-0.165860373010141,0.0403441707999285,1.27675647831893e-15,6.245004513516506e-17
10,1,-0.1855270918411358,0.04026331416956887,-1.3944401189291966e-12,-0.18552709184114,0.0402633141695686,4.191091917959966e-15,2.706168622523819e-16
10,2,-0.131436346669632,0.04051447890115821,4.476419235288631e-13,-0.131436167183795,0.0405144823025085,1.794858369985608e-07,3.401350291698524e-09
10,3,-0.1492872940900536,0.0396929181839235,-3.9745984281580604e-13,-0.149287294090054,0.0396929181839235,4.163336342344337e-16,0.0
10,4,-0.15934428863032857,0.03967608750071306,-5.568878691519785e-13,-0.159344288630325,0.039676087500713,3.58046925441613e-15,6.245004513516506e-17
10,5,-0.1637212884909905,0.040142148915543886,-6.057376822354854e-13,-0.16372128849099,0.040142148915544,4.996003610813204e-16,1.1102230246251565e-16
10,6,-0.17617434579095775,0.039589764156086685,-6.927791673660977e-13,-0.176174345790958,0.039589764156087,2.498001805406602e-16,3.122502256758253e-16
10,7,-0.1740012274538366,0.04046073042329351,-1.170619157164765e-12,-0.174001227453837,0.0404607304232935,4.163336342344337e-16,1.3877787807814457e-17
10,8,-0.12311408459738496,0.04016316790830289,2.3092638912203256e-14,-0.123114084597387,0.0401631679083029,2.040034807748725e-15,6.938893903907228e-18
10,9,-0.10963803133777734,0.040561283472411516,4.707345624410664e-13,-0.109638031258412,0.0405612834722417,7.936534762720271e-11,1.698155505103216e-13
10,10,-0.09576682319320376,0.04006645544508884,-1.567634910770721e-12,-0.0957668234224878,0.0400664554454071,2.2928403620170457e-10,3.1825930779660894e-13
10,11,-0.1601072801757815,0.04003430978675181,6.448175327022909e-13,-0.16010728017578,0.040034309786752,1.4988010832439613e-15,1.942890293094024e-16
10,12,-0.19680050243931982,0.04039046466415935,1.0373923942097463e-12,-0.196800502439318,0.0403904646641594,1.8318679906315083e-15,4.85722573273506e-17
10,13,-0.14946306403811205,0.03967700457962206,1.1040057756872557e-12,-0.14946306403811,0.0396770045796221,2.0539125955565396e-15,4.163336342344337e-17
10,14,-0.11474534732354404,0.03967397952021735,9.050538096744276e-13,-0.114745561955211,0.0396739841822102,2.1463166696711333e-07,4.661992847321272e-09
10,15,-0.1672736635919166,0.03983237613917765,4.840572387365683e-13,-0.167273663591914,0.0398323761391777,2.581268532253489e-15,4.85722573273506e-17
10,16,-0.1682739710918938,0.04031261684588282,-7.114309141798003e-13,-0.1682739710919,0.0403126168458828,6.217248937900877e-15,2.0816681711721685e-17
10,17,-0.09713773694285494,0.04070500105946556,-3.765876499528531e-13,-0.0971377369621022,0.0407050010595064,1.9247270444111564e-11,4.083539062449404e-14
10,18,-0.15932177153404267,0.04026358589235322,2.2737367544323206e-13,-0.159321771534042,0.0402635858923531,6.661338147750939e-16,1.1796119636642288e-16
10,19,-0.08029844864970258,0.04021558890274578,-8.402167850363185e-13,-0.0802984487063858,0.0402155889028318,5.668322755614241e-11,8.602146772673791e-14
10,20,-0.1716340374807316,0.0407678226724802,2.5757174171303632e-14,-0.171634037480733,0.0407678226724804,1.3877787807814457e-15,2.0122792321330962e-16
10,21,-0.12100861799851048,0.040318140687408945,-1.2523315717771766e-12,-0.121008617998514,0.040318140687409,3.524958103184872e-15,5.551115123125783e-17
10,22,-0.1517626497703479,0.04027774023221212,-8.5087492607272e-13,-0.151762649770351,0.040277740232212,3.1086244689504383e-15,1.1796119636642288e-16
10,23,-0.10926673143557969,0.04038300276600602,1.5418777365994174e-12,-0.109266731339159,0.0403830027658326,9.642069087600902e-11,1.7341683644644945e-13
10,24,-0.1569992723927509,0.0408113845191405,1.439293129124053e-12,-0.156999272392753,0.0408113845191405,2.0816681711721685e-15,0.0
10,25,-0.0681427354175511,0.040271025481668575,-6.519229600598919e-13,-0.0681430390288736,0.0402710217471095,3.0361132249967504e-07,3.73455907171083e-09
10,26,-0.15064504205699397,0.040325981032425046,3.5704772471945034e-13,-0.150645042056991,0.0403259810324249,2.9698465908722937e-15,1.457167719820518e-16
10,27,-0.14491416120998848,0.040246212327364056,4.796163466380676e-14,-0.144914375885704,0.0402462076615308,2.1467571550970455e-07,4.665833254480223e-09
10,28,-0.1584435847201841,0.04080702286154592,-3.730349362740526e-13,-0.158443584720188,0.0408070228615457,3.885780586188048e-15,2.220446049250313e-16
10,29,-0.0915990554994497,0.03946906841237885,4.0234482412415673e-13,-0.0915990554715933,0.0394690684123278,2.7856397744052686e-11,5.104944245104548e-14
10,30,-0.20467173309081338,0.04078408965236346,-5.3290705182007514e-14,-0.204671733090808,0.0407840896523636,5.384581669432009e-15,1.457167719820518e-16
10,31,-0.09738260999045165,0.03963484858488814,1.2878587085651816e-13,-0.0973826100489598,0.0396348485850125,5.850815665287001e-11,1.2435885654582535e-13
10,32,-0.1734396563853961,0.040978566999351165,1.028510610012745e-12,-0.173439567193938,0.0409785655637265,8.919145810803997e-08,1.4356246677560414e-09
10,33,-0.13778723748972205,0.0404759621594074,2.842170943040401e-14,-0.137787237489723,0.0404759621594075,9.43689570931383e-16,9.71445146547012e-17
10,34,-0.14126132698221233,0.0403210605750313,2.4868995751603507e-13,-0.141261326982215,0.0403210605750314,2.6645352591003757e-15,1.0408340855860843e-16
10,35,-0.1085949788836471,0.040192367213719424,-1.4455103780619538e-12,-0.108594978774648,0.0401923672135121,1.0899910141137781e-10,2.0732721095484408e-13
10,36,-0.10655307224239947,0.0404180244833102,-2.042810365310288e-13,-0.10655307215057,0.0404180244830902,9.182947457997415e-11,2.2000457011728258e-13
10,37,-0.13045362294444968,0.04034248838217223,3.3217872896784684e-13,-0.13045362294445,0.0403424883821724,3.3306690738754696e-16,1.734723475976807e-16
10,38,-0.16061219783787128,0.040538135968464166,2.877698079828406e-13,-0.160612197837874,0.0405381359684644,2.7200464103316335e-15,2.3592239273284576e-16
10,39,-0.056767363208734115,0.039851064562291844,8.100187187665142e-13,-0.0567673633165461,0.0398510645624758,1.0781198850340346e-10,1.8395701628648453e-13
10,40,-0.10391622826334478,0.039586371430730655,-4.376499163072367e-13,-0.103916229466356,0.0395863714882656,1.203011218420258e-09,5.7534942088377505e-11
10,41,-0.1373886879948545,0.04047932070628033,-1.3304912727107876e-12,-0.137388687472552,0.0404793207047733,5.223025068001874e-10,1.5070306114139953e-12
10,42,-0.15303913051658702,0.04005586885497415,4.0678571622265736e-13,-0.153039130516586,0.0400558688549741,1.0269562977782698e-15,4.85722573273506e-17
10,43,-0.17602434380035006,0.04058872383409726,-3.82804898890754e-13,-0.176024343800348,0.0405887238340974,2.0539125955565396e-15,1.457167719820518e-16
10,44,-0.15930145433583626,0.040486230602764656,4.3876013933186186e-13,-0.159301260426132,0.0404862282678567,1.9390970426580445e-07,2.3349079544821016e-09
10,45,-0.15223191041140943,0.03988774683364176,-3.517186542012496e-13,-0.15223164380752,0.0398877482974669,2.6660388943722246e-07,1.4638251374932132e-09
10,46,-0.15895379128711057,0.040027510906943946,2.4868995751603507e-14,-0.158953791287111,0.040027510906944,4.440892098500626e-16,5.551115123125783e-17
10,47,-0.17485302150549628,0.04030859353179112,-1.2789769243681803e-13,-0.174853021505494,0.0403085935317909,2.275957200481571e-15,2.220446049250313e-16
10,48,-0.10883555964615015,0.04021029608074435,-6.412648190234904e-13,-0.108835559524844,0.0402102960805028,1.213061456839526e-10,2.4154983568891453e-13
10,49,-0.11840197425743013,0.03981402579119277,9.325873406851315e-13,-0.118401994192078,0.0398140268345825,1.99346478768625e-08,1.0433897357220445e-09
11,0,-0.3434225040395389,0.041553831412049276,6.057376822354854e-13,-0.343422504039535,0.0415538314120492,3.885780586188048e-15,7.632783294297951e-17
11,1,-0.3170694049924341,0.04113185246343986,1.6004975122996257e-12,-0.31706921362298,0.0411318562242211,1.9136945406117434e-07,3.760781241979316e-09
11,2,-0.23515723295560984,0.04066243558495867,2.353672812205332e-13,-0.235157232955609,0.0406624355849587,8.326672684688674e-16,3.469446951953614e-17
11,3,-0.2672518453489746,0.04133114642450904,5.693223670277803e-13,-0.267251845348973,0.0413311464245088,1.609823385706477e-15,2.3592239273284576e-16
11,4,-0.220852486560078,0.04114782847567393,-6.812328479099961e-13,-0.220852486560079,0.0411478284756739,9.992007221626409e-16,2.7755575615628914e-17
11,5,-0.2657650415453147,0.0412292251412984,2.2870594307278225e-12,-0.265765041545311,0.0412292251412985,3.7192471324942744e-15,1.0408340855860843e-16
11,6,-0.2875072598551485,0.04124916811789197,-1.1510792319313623e-12,-0.287507259855151,0.0412491681178918,2.4980018054066022e-15,1.6653345369377348e-16
11,7,-0.2718099163654495,0.041320015107574576,-3.0730973321624333e-13,-0.271809916365452,0.0413200151075745,2.4980018054066022e-15,7.632783294297951e-17
11,8,-0.232924178823599,0.04057272297607724,-4.263256414560601e-13,-0.2329241788236,0.0405727229760773,9.992007221626409e-16,6.245004513516506e-17
11,9,-0.3079388344498875,0.041554090714910716,-5.3290705182007514e-14,-0.30793883444989,0.0415540907149109,2.4980018054066022e-15,1.8735013540549517e-16
11,10,-0.1979029103669094,0.04021923351109348,3.6415315207705135e-13,-0.197902910366908,0.0402192335110934,1.4155343563970746e-15,8.326672684688674e-17
11,11,-0.21908284908283962,0.041039303481454646,1.6253665080512292e-13,-0.219082849082841,0.0410393034814546,1.3877787807814457e-15,4.85722573273506e-17
11,12,-0.21600396037604977,0.04139302724395742,-1.021405182655144e-14,-0.216003960376049,0.0413930272439574,7.771561172376096e-16,2.0816681711721685e-17
11,13,-0.21504146874117416,0.04091942602344005,-2.3074875343809254e-12,-0.215041468741179,0.0409194260234399,4.829470157119431e-15,1.5265566588595902e-16
11,14,-0.229486934446493,0.04105223042058519,1.2221335055073723e-12,-0.229486934446496,0.0410522304205851,2.9976021664879227e-15,9.020562075079397e-17
11,15,-0.2928390292079727,0.0413587859593158,-7.105427357601002e-13,-0.292838758319791,0.0413587935004756,2.708881817192754e-07,7.541159800783515e-09
11,16,-0.23664907845287472,0.040890083282223696,4.3876013933186186e-13,-0.236648612040895,0.0408900856022053,4.6641197973262827e-07,2.319981602660892e-09
11,17,-0.2929987245506781,0.041162371701254814,-5.790923296444817e-13,-0.29299872455068,0.0411623717012549,1.887379141862766e-15,8.326672684688674e-17
11,18,-0.2844005001895017,0.04121620410413849,8.173461907290402e-13,-0.284400500189502,0.0412162041041383,3.3306690738754696e-16,1.8735013540549517e-16
11,19,-0.266348129948528,0.040824606816065236,-6.838973831690964e-13,-0.266348129948527,0.0408246068160653,9.992007221626409e-16,6.245004513516506e-17
11,20,-0.27241089976324784,0.041089889542022695,-5.329070518200751e-13,-0.272410899763248,0.0410898895420225,1.6653345369377348e-16,1.942890293094024e-16
11,21,-0.31899099927666763,0.04077231392776335,-9.50350909079134e-14,-0.318990999276664,0.0407723139277634,3.608224830031759e-15,4.85722573273506e-17
11,22,-0.2592942279814765,0.041450120235211836,1.092903545441004e-12,-0.259294227981476,0.041450120235212,4.996003610813204e-16,1.6653345369377348e-16
11,23,-0.26413236813591784,0.04112246477594192,2.1369572777985013e-12,-0.264132368135916,0.041122464775942,1.8318679906315083e-15,8.326672684688674e-17
11,24,-0.258168292026441,0.041619721040029825,-5.213607323639735e-13,-0.258168292026441,0.0416197210400296,0.0,2.220446049250313e-16
11,25,-0.3127752837887766,0.04108913760685948,1.248778858098376e-12,-0.312775283788774,0.0410891376068596,2.609024107869118e-15,1.249000902703301e-16
11,26,-0.2507096572031155,0.04126509427263295,-1.176836406102666e-13,-0.250709657203113,0.0412650942726328,2.4980018054066022e-15,1.5265566588595902e-16
11,27,-0.24451679847951735,0.04106187985069386,-2.433608869978343e-13,-0.244516798479517,0.0410618798506937,3.608224830031759e-16,1.5959455978986625e-16
11,28,-0.2780511115840055,0.04119593155090014,8.881784197001252e-13,-0.278051111584006,0.0411959315509003,5.551115123125783e-16,1.5959455978986625e-16
11,29,-0.20585405226034845,0.04128851234141841,-1.758593271006248e-13,-0.205854052260349,0.0412885123414184,5.551115123125783e-16,6.938893903907228e-18
11,30,-0.2553332316842473,0.04159492010813451,-1.1013412404281553e-13,-0.255333188864545,0.041594924097678,4.2819702339436105e-08,3.989543494176129e-09
11,31,-0.26189157949258546,0.04132082801711243,-3.517186542012496e-13,-0.261891579492583,0.0413208280171124,2.4424906541753444e-15,3.469446951953614e-17
11,32,-0.2981585718569582,0.04122962702859285,-1.6608936448392342e-13,-0.298158571856961,0.0412296270285928,2.7755575615628914e-15,4.85722573273506e-17
11,33,-0.20115954566482996,0.04078241133666131,-4.654054919228656e-13,-0.201159545664827,0.0407824113366612,2.9698465908722937e-15,1.0408340855860843e-16
11,34,-0.27024840765909014,0.04148892179140281,9.947598300641403e-14,-0.270248407659085,0.041488921791403,5.162537064506978e-15,1.8735013540549517e-16
11,35,-0.24793873422398272,0.0406080516362369,1.2878587085651816e-13,-0.247938734223979,0.0406080516362368,3.7192471324942744e-15,1.0408340855860843e-16
11,36,-0.22605227544343193,0.041072647479162123,-5.275779813018744e-13,-0.226052280397857,0.0410726476826186,4.954425064651602e-09,2.034564738906397e-10
11,37,-0.20424865662964997,0.04088371701668118,-3.6060043839825084e-13,-0.204248656629647,0.040883717016681,2.9698465908722937e-15,1.8041124150158794e-16
11,38,-0.2232728287303356,0.04097508970975335,-1.5898393712632242e-12,-0.223272828730338,0.0409750897097534,2.3869795029440866e-15,4.85722573273506e-17
11,39,-0.22288435400825776,0.041259851942880385,-5.684341886080802e-14,-0.222884354008257,0.0412598519428803,7.494005416219807e-16,8.326672684688674e-17
11,40,-0.24948168322529715,0.040848000562145846,8.917311333789257e-13,-0.249481537116918,0.0408479984436993,1.461083791454154e-07,2.118446543186714e-09
11,41,-0.21193047611810797,0.041062318802880506,-1.1386447340555605e-12,-0.211930476118112,0.0410623188028806,4.0245584642661925e-15,9.71445146547012e-17
11,42,-0.30029122947364495,0.04108416583213804,-2.4868995751603507e-14,-0.300291229473643,0.041084165832138,1.942890293094024e-15,3.469446951953614e-17
11,43,-0.27978128162367377,0.04064330289497622,-3.197442310920451e-13,-0.279781281623677,0.0406433028949765,3.219646771412954e-15,2.8449465006019636e-16
11,44,-0.25337238820635555,0.04080210813293588,-6.092903959142859e-13,-0.253372388206355,0.040802108132936,5.551115123125783e-16,1.1796119636642288e-16
11,45,-0.31915099755134835,0.0414868809789237,8.171241461241152e-14,-0.319150997551348,0.0414868809789233,3.3306690738754696e-16,4.0245584642661925e-16
11,46,-0.26234480683470535,0.040692483790674805,-2.4424906541753444e-13,-0.262344806834707,0.0406924837906749,1.6653345369377348e-15,9.71445146547012e-17
11,47,-0.2255652754089579,0.04102253479382547,1.9184653865522705e-13,-0.225565275408961,0.0410225347938255,3.1086244689504383e-15,2.7755575615628914e-17
11,48,-0.2484962214235475,0.04137372128515206,1.3677947663381929e-13,-0.24849622142355,0.0413737212851518,2.4980018054066022e-15,2.5673907444456745e-16
11,49,-0.27242341570142514,0.04135865429251213,5.710987238671805e-13,-0.272422830637227,0.0413586488607247,5.850641981441917e-07,5.431787429566182e-09
12,0,0.02782404344598826,0.03928747787315777,7.669420654110581e-13,0.0278241838748436,0.0392874754946259,1.404288553392974e-07,2.378531871460865e-09
12,1,-0.05531534426090686,0.03995601785136967,-3.2862601528904634e-13,-0.0553153442492102,0.0399560178513425,1.1696664470317586e-11,2.7172708527700706e-14
12,2,0.008839952135457562,0.039527579420599715,-9.743317264110374e-13,0.0088399521354563,0.0395275794205997,1.2611439670351388e-15,1.3877787807814457e-17
12,3,-0.04368273219868033,0.03932619190466154,-5.062616992290714e-13,-0.043682352333583,0.0393261976889422,3.7986509732884643e-07,5.7842806655550305e-09
12,4,-0.026800401716034823,0.039473133609615116,5.617728504603292e-13,-0.0268000717206812,0.0394731418391658,3.299953536227418e-07,8.229550686744691e-09
12,5,-0.021860872662569485,0.03997592109211609,-6.197264923457624e-13,-0.0218606928295262,0.0399759186981194,1.798330432865869e-07,2.3939966883879116e-09
12,6,0.035546988281858184,0.03977930200704326,-1.5498713423767185e-13,0.0355469882818492,0.0397793020070431,8.98586760555986e-15,1.5959455978986625e-16
12,7,-0.02059337424599621,0.03977288769183589,4.3876013933186186e-13,-0.0205933742347263,0.0397728876928065,1.1269912086886436e-11,9.706124792785431e-13
12,8,0.08248290291355975,0.03933335244094595,-4.085620730620576e-14,0.0824829029088142,0.0393333524409468,4.745551174245577e-12,8.534839501805891e-16
12,9,0.004201347088733145,0.039751450772465544,6.084022174945858e-13,0.0042013470887359,0.0397514507724656,2.7547408798511697e-15,5.551115123125783e-17
12,10,0.0009657350808651548,0.03978632374132904,-7.638334409421077e-14,0.0009660116329758,0.0397863291499423,2.7655211064529697e-07,5.4086132586506075e-09
12,11,-0.0017832864449525117,0.03911337552906595,-1.0804690475652023e-12,-0.0017832861842507,0.0391133755524179,2.607018117009585e-10,2.3351952316286173e-11
12,12,-0.0027455738430380836,0.04025055036827317,7.149836278586008e-13,-0.0027457849254856,0.0402505535270816,2.1108244751622332e-07,3.1588084301037433e-09
12,13,0.025018391276340885,0.039286989363604634,-2.0028423364237824e-13,0.025017391505477,0.0392869855758079,9.997708638846692e-07,3.787796735987836e-09
12,14,0.03294552440908455,0.03968233423806726,1.3855583347321954e-13,0.0329455244090835,0.0396823342380675,1.0477729794899915e-15,2.42861286636753e-16
12,15,0.04798050528585571,0.03945660338987064,-9.592326932761353e-14,0.0479805052858517,0.0394566033898704,4.003741782554471e-15,2.42861286636753e-16
12,16,-0.07372693463103872,0.04022967805227115,-4.369837824924616e-13,-0.0737269346259304,0.0402296780522564,5.108316547541847e-12,1.4752088439706768e-14
12,17,0.0042787151149900025,0.039429172622843865,7.318590178329032e-13,0.0042796661139345,0.0394291820630232,9.509989444978634e-07,9.440179332687038e-09
12,18,0.036853401305406194,0.03991693659925843,-1.2176926134088717e-12,0.0368534013053641,0.0399169365992585,4.209133042110125e-14,6.938893903907228e-17
12,19,0.015326011902366751,0.03959112385582557,-2.2026824808563106e-12,0.0153260373431258,0.03959112846422,2.5440759048034334e-08,4.608394429950202e-09
12,20,-0.003963443018063624,0.039605414553307135,1.034949903555571e-12,-0.0039633302818142,0.0396054127191511,1.1273624942430283e-07,1.8341560353851705e-09
12,21,-0.0029536305147006606,0.03960217618755105,2.4868995751603507e-13,-0.0029540091038083,0.0396021786031731,3.7858910763950357e-07,2.4156220496118763e-09
12,22,-0.018662870026893392,0.03968863409526067,9.592326932761353e-14,-0.0186628700268985,0.039688634095261,5.10702591327572e-15,3.3306690738754696e-16
12,23,-0.031213563377854893,0.0398581912651711,1.268984917146554e-13,-0.0312135633776356,0.0398581912651707,2.192933334921321e-13,4.0245584642661925e-16
12,24,0.005769012391263213,0.03960820992261665,1.4905854328617352e-12,0.0057690123912666,0.0396082099226165,3.387047586844716e-15,1.457167719820518e-16
12,25,-0.0009036278442694605,0.039837003262623544,-7.149836278586008e-13,-0.0009028766772979,0.0398370126660157,7.511669715604997e-07,9.403392155216128e-09
12,26,-0.1067529294600087,0.03973776467211183,6.901146321069973e-13,-0.106752929414794,0.0397377646719966,4.5214693100703585e-11,1.1523421106218734e-13
12,27,-0.020668557153605476,0.038895440658136084,1.2305712004945235e-12,-0.0206685571536074,0.0388954406581362,1.925543058334256e-15,1.1796119636642288e-16
12,28,0.06627654480213178,0.039627198545174325,-7.345235530920036e-13,0.0662765448013936,0.039627198545175,7.381872890732666e-13,6.730727086790012e-16
12,29,0.06761685216654013,0.03987700769211061,-8.917311333789257e-13,0.0676168521651286,0.0398770076921108,1.411537553508424e-12,1.8735013540549517e-16
12,30,0.0005053507091207027,0.03902817137669172,4.858335955759685e-13,0.0005051540439602,0.039028174402052,1.966651605026827e-07,3.0253602817387204e-09
12,31,-0.033028662856323186,0.039152474718172195,-7.087663789206999e-13,-0.0330286628563025,0.039152474718172,2.0684842727547448e-14,1.942890293094024e-16
12,32,-0.03357688342716581,0.038837183917758804,-6.581402089977928e-13,-0.0335766254003027,0.0388371866153929,2.5802686311193757e-07,2.697634095272239e-09
12,33,0.03586998632543276,0.039645869592037274,4.733990977001667e-13,0.0358696211022822,0.0396458737020182,3.6522315055576016e-07,4.109980925037782e-09
12,34,0.022133211579939166,0.039863131210454324,-1.98685512486918e-12,0.0221338001004133,0.0398631394599011,5.885204741352956e-07,8.249446778463287e-09
12,35,-0.03452336802110301,0.03970881137908291,2.1245227799226996e-12,-0.0345231871427302,0.0397088083967991,1.80878372807447e-07,2.982283808794506e-09
12,36,0.04852852523437761,0.0397937122037649,-6.128431095930864e-14,0.0485285252343689,0.0397937122037651,8.708311849403572e-15,1.942890293094024e-16
12,37,0.03599464257954577,0.039701360034148495,1.7763568394002505e-15,0.0359946425802002,0.0397013600341474,6.544279007592024e-13,1.096345236817342e-15
12,38,-0.040601255872820034,0.039444410784474145,6.261657858885883e-13,-0.0406012558715245,0.0394444107844715,1.295533125222903e-12,2.643718577388654e-15
12,39,-0.03198381038646182,0.03964246169759528,-7.753797603982093e-13,-0.0319838103857098,0.0396424616975935,7.520234435176576e-13,1.7763568394002505e-15
12,40,0.004385245423884874,0.03954523987469328,5.286882043264995e-13,0.0043852454238899,0.0395452398746931,5.0263612716427986e-15,1.8041124150158794e-16
12,41,-0.022046787857022646,0.03985636457070521,1.1191048088221578e-12,-0.0220488223606728,0.0398563406868399,2.0345036501542846e-06,2.388386530910447e-08
12,42,0.03610095658168417,0.0391559849223959,2.815525590449397e-13,0.0361009565814818,0.039155984922396,2.0237284070745432e-13,9.71445146547012e-17
12,43,-0.0032838721549119446,0.03935525424469222,-1.6018297799291759e-12,-0.0032838721549138,0.0393552542446922,1.855286757557195e-15,1.3877787807814457e-17
12,44,-0.0202793452418405,0.039487245136530284,-8.872902412804251e-13,-0.0202793452418992,0.0394872451365301,5.86995729801032e-14,1.8735013540549517e-16
12,45,0.05146042024139719,0.039763567418615045,-2.0179413695586845e-12,0.0514604238771668,0.0397635675951189,3.6357696159283748e-09,1.7650385319978312e-10
12,46,-0.022984991511160183,0.03960689072205888,-3.6770586575585185e-13,-0.0229849915111617,0.0396068907220588,1.5161483180037294e-15,7.632783294297951e-17
12,47,0.02542790985436705,0.03979491253749448,-3.4861002973229915e-13,0.0254280217547481,0.0397949108865744,1.1190038104805233e-07,1.6509200811976044e-09
12,48,-0.010107737177295555,0.0395445296481625,1.0413891970983968e-12,-0.0101077371772969,0.0395445296481623,1.3444106938820255e-15,2.0122792321330962e-16
12,49,0.03488926713663163,0.03956367181009586,-1.5365486660812167e-13,0.0348892671365917,0.039563671810096,3.99333344169861e-14,1.3877787807814457e-16
13,0,-0.12685442945938605,0.04048681541293048,8.424372310855688e-13,-0.126854429397641,0.0404868154127325,6.174505351452808e-11,1.9797358197237713e-13
13,1,-0.06414016063020292,0.04073738554734177,-1.4921397450962104e-13,-0.0641401606271626,0.040737385547336,3.0403179973603756e-12,5.773159728050814e-15
13,2,-0.16922052989283987,0.04056281214413121,-7.354117315117037e-13,-0.169223076704787,0.0405627852989822,2.5468119471405704e-06,2.6845149013465797e-08
13,3,-0.05796879975639739,0.040766968432325267,-1.184830011879967e-12,-0.0579687997563249,0.0407669684323254,7.249062461411881e-14,1.3183898417423734e-16
13,4,-0.06284668755539412,0.04085635711277928,-7.052136652418994e-13,-0.0628466875547936,0.0408563571127775,6.005196340197472e-13,1.7832957333041577e-15
13,5,-0.09339806726976081,0.04080521931044636,6.297184995673888e-13,-0.0933980672514801,0.0408052193103963,1.8280710278872903e-11,5.0057180622786746e-14
13,6,-0.15829167790322526,0.04064768047351058,-1.1453060722033115e-12,-0.158291677227519,0.0406476804710402,6.757062687157145e-10,2.4703850076690514e-12
13,7,-0.13731063321202425,0.041107306278918454,-5.773159728050814e-13,-0.137310632719337,0.0411073062770791,4.926872521071601e-10,1.839355057153824e-12
13,8,-0.0730757814343141,0.04053316994437854,1.2887468869848817e-12,-0.0730756689053554,0.0405331682575392,1.1252895870672575e-07,1.686839341819013e-09
13,9,-0.13949504800780896,0.04066786891975189,1.3518075547835906e-12,-0.139495047843263,0.0406678689192121,1.6454596019066514e-10,5.397904345727511e-13
13,10,-0.08971987655689409,0.04047137519363498,-7.780442956573097e-13,-0.0897198765302422,0.0404713751935773,2.6651889029061238e-11,5.768302502318079e-14
13,11,-0.08972907199199685,0.04050451709155608,-7.709388682997087e-13,-0.0897290719709428,0.0405045170914974,2.1054047394386544e-11,5.868222574534343e-14
13,12,-0.13529622641581798,0.040568594719018275,1.602717958348876e-12,-0.135296225977231,0.0405685947175874,4.3858697229559596e-10,1.4308762508186135e-12
13,13,-0.10921714303146876,0.04062977396804062,-2.417621658423741e-12,-0.109217142976397,0.0406297739678837,5.5071766591474614e-11,1.5692308563686197e-13
13,14,-0.11208369849087634,0.04012558539129285,-4.04121180963557e-13,-0.112083698202532,0.0401255854002627,2.883443345202963e-10,8.969852638429643e-12
13,15,-0.10775852453819065,0.040827275970340464,7.536193891155563e-13,-0.107758524537176,0.040827275970337,1.0146466999927384e-12,3.462508058049707e-15
13,16,-0.02600515584692135,0.04044992610185511,-1.6253665080512292e-12,-0.0260051558469216,0.0404499261018552,2.498001805406602e-16,9.020562075079397e-17
13,17,-0.08387525855837243,0.04035362202009528,-1.0196288258157438e-12,-0.0838752585394356,0.0403536220200489,1.8936824330850754e-11,4.6379566853715914e-14
13,18,-0.06702878934750015,0.04077332058336053,-1.3415935029570392e-12,-0.0670286617174548,0.0407733189677077,1.2763004535176758e-07,1.6156528268029824e-09
13,19,-0.14282048826249719,0.04090153076453887,1.5898393712632242e-12,-0.142820488061519,0.0409015307638148,2.009781785439202e-10,7.240666399788154e-13
13,20,-0.12281592537893236,0.040448368276364034,1.41886502547095e-12,-0.122815925199127,0.0404483682758835,1.7980536504147437e-10,4.805322806333834e-13
13,21,-0.13730876952152707,0.04060387141926893,2.062572335148616e-12,-0.137308769420964,0.0406038714189386,1.0056305788097575e-10,3.303329831894075e-13
13,22,-0.1726201806432345,0.040265622547734456,-1.5276668818842154e-13,-0.172620180643233,0.0402656225477347,1.4988010832439613e-15,2.42861286636753e-16
13,23,-0.05828694332995957,0.040292941346065196,1.2256862191861728e-12,-0.0582869433279798,0.0402929413460608,1.979770514193291e-12,4.399258735077183e-15
13,24,-0.03918853554963824,0.040412829777671064,8.197886813832156e-13,-0.0391885355499217,0.0404128297776718,2.834607548685142e-13,7.355227538141662e-16
13,25,-0.07884220240354177,0.04021816808069107,5.737632591262809e-13,-0.0788422024022805,0.0402181680806891,1.261268867125409e-12,1.970645868709653e-15
13,26,-0.10632454446765705,0.04066638716430803,-8.917311333789257e-13,-0.106324544409333,0.0406663871641191,5.832404004202374e-11,1.8893220321558601e-13
13,27,-0.07592805641735258,0.04006721709171673,2.6911806116913795e-13,-0.0759280564166265,0.040067217091715,7.260719803170446e-13,1.7277845820728999e-15
13,28,-0.13176718021024472,0.040732140965369985,-6.119549311733863e-13,-0.131767180079746,0.0407321409648967,1.3049872293890985e-10,4.732880753977042e-13
13,29,-0.035777876439025226,0.04047501600045443,5.373479439185758e-13,-0.0357778764387859,0.040475016000454,2.393293896396642e-13,4.3021142204224816e-16
13,30,-0.08230330137668425,0.04084539326099414,8.912870441690757e-13,-0.0823033013595864,0.0408453932609474,1.7097850912861645e-11,4.673345044281518e-14
13,31,-0.04626284322698769,0.040446441341291786,-7.807088309164101e-13,-0.0462628432266978,0.0404464413412912,2.898931095174362e-13,5.828670879282072e-16
13,32,-0.08890611328990798,0.04079711668749001,-1.262323578998803e-12,-0.0889061132600816,0.0407971166874121,2.9826377478947563e-11,7.790990075307036e-14
13,33,-0.0698315366323053,0.040422276029012126,-7.718270467194088e-13,-0.0698315366315476,0.04042227602901,7.576994587310537e-13,2.123301534595612e-15
13,34,-0.1103524443252274,0.04048060362691217,-3.788080960021034e-13,-0.110352444321711,0.0404806036269013,3.5163955081074505e-12,1.0873246747422627e-14
13,35,-0.10073876567285145,0.040032485307453854,-1.7763568394002505e-14,-0.100738765621815,0.0400324853073375,5.1036452841657365e-11,1.163513729807164e-13
13,36,-0.08653634675675964,0.040552468341534684,-6.927791673660977e-14,-0.0865363467438899,0.0405524683415011,1.2869746934818238e-11,3.3584246494910985e-14
13,37,-0.03113350719688125,0.04044334730207023,7.37188088351104e-14,-0.0311335071968661,0.0404433473020702,1.514760539222948e-14,2.7755575615628914e-17
13,38,-0.09134873630232973,0.04096228906870428,3.0819791163594346e-13,-0.0913487362894086,0.0409622890686628,1.2921136383070575e-11,4.148070775755741e-14
13,39,-0.12731115726559894,0.040798029541416765,5.684341886080802e-14,-0.127311157257157,0.0407980295413832,8.441941590220381e-12,3.3563429813199264e-14
13,40,-0.15222705419140287,0.04047092137492731,5.284661597215745e-13,-0.152227053653753,0.0404709213732228,5.376498690701226e-10,1.704511531919195e-12
13,41,-0.1218019050412199,0.04060812542264603,1.5223378113660146e-12,-0.121801904971813,0.0406081254223931,6.94069107742834e-11,2.529296216913224e-13
13,42,-0.07465939685412,0.04111666030982262,-4.263256414560601e-14,-0.0746593968436265,0.0411166603097927,1.0493494961849592e-11,2.992051051364797e-14
13,43,-0.14822360927504602,0.0402487886636169,-1.8527401834944612e-12,-0.148223236601742,0.040248796999955,3.7267330402213084e-07,8.336338098990925e-09
13,44,-0.11632615813523883,0.04036215438599208,-2.9598545836506673e-13,-0.116326159528599,0.0403621544597394,1.3933601633597803e-09,7.374731381126765e-11
13,45,-0.1559838202373252,0.040698154435966354,-9.316991622654314e-13,-0.155983820328074,0.0406981544442626,9.074879736559183e-11,8.296245634920041e-12
13,46,-0.1421231384246313,0.04089326908070155,-6.021849685566849e-13,-0.142123137674531,0.0408932690780208,7.501003151944019e-10,2.680751454153807e-12
13,47,-0.08967490425921922,0.04000425918735811,-1.270095140171179e-13,-0.0896749042448665,0.0400042591873209,1.4352713462173483e-11,3.720634911275056e-14
13,48,-0.03639014278245344,0.040412154020942864,-1.829647544582258e-13,-0.0363908960607511,0.0404121482667763,7.532782976549246e-07,5.7541665668403574e-09
13,49,-0.09639819053782206,0.040792662364896856,-1.0480505352461478e-12,-0.096398190510476,0.0407926623648104,2.7346055975208117e-11,8.645861804268407e-14
14,0,-0.07768185150284669,0.040073305446387,-2.913225216616411e-13,-0.0776815410437893,0.0400733111202255,3.1045905739268687e-07,5.673838496256245e-09
14,1,-0.11167086494570565,0.04080559579570885,-2.8954616482224083e-13,-0.111670864802532,0.0408055957952552,1.43173653488482e-10,4.536510056496468e-13
14,2,-0.08970300487130924,0.039496533955291235,-1.7776891070298007e-12,-0.0897030048400692,0.039496533955214,3.124003833399058e-11,7.723682804439136e-14
14,3,-0.02137110022344004,0.04029035540275304,6.208367153703875e-13,-0.0213711002235517,0.0402903554027531,1.1165721125472317e-13,6.245004513516506e-17
14,4,-0.10414168277839887,0.03987349242028938,8.375522497772181e-13,-0.104141682690078,0.0398734924200506,8.832087838861469e-11,2.3878121702125554e-13
14,5,-0.053984249211783436,0.03964832739880319,3.808064974464287e-14,-0.0539842492131307,0.0396483273988058,1.3472625792765314e-12,2.609024107869118e-15
14,6,-0.05620608941124255,0.04040444145073517,-1.0107470416187425e-12,-0.0562060894102758,0.0404044414507331,9.667475153740668e-13,2.067790383364354e-15
14,7,-0.0972791097906738,0.039861745207187264,-2.318145675417327e-13,-0.0972791097372834,0.0398617452070487,5.339040320961885e-11,1.3856277236712344e-13
14,8,-0.04997708937472695,0.040004133714187554,-1.4139800441625994e-12,-0.0499770901582694,0.0400041337541615,7.83542446203267e-10,3.997394776300567e-11
14,9,-0.07324010995732669,0.039484494184153035,-2.9309887850104133e-13,-0.0732402142941027,0.0394844958033545,1.043367760106273e-07,1.6192014673510613e-09
14,10,-0.05593086070358341,0.03972003087871704,-5.595524044110789e-13,-0.0559308607281086,0.0397200308787704,2.452518743645271e-11,5.3360094121046586e-14
14,11,-0.0760244565442436,0.03979110690401214,-7.229772336359019e-13,-0.0760248175380963,0.0397911014329492,3.609938526993872e-07,5.4710629429632895e-09
14,12,-0.09721808012942444,0.04043627698295654,-9.769962616701378e-14,-0.0972180801418425,0.0404362769829874,1.2418052697249493e-11,3.0857261190675445e-14
14,13,-0.051082009586889826,0.04018425625359437,-4.263256414560601e-14,-0.0510820095863286,0.040184256253593,5.612246778419205e-13,1.366962099069724e-15
14,14,-0.06647883300088273,0.03982570206553231,1.9539925233402755e-13,-0.0664788329969848,0.0398257020655245,3.8979236505198855e-12,7.813194535799539e-15
14,15,-0.1163782460661751,0.040190210146260806,6.590283874174929e-13,-0.116378248275494,0.040190210147239,2.2093189083749465e-09,9.781966903155137e-13
14,16,0.0016845447819494603,0.040266027785601115,8.837375276016246e-14,0.0016845447819531,0.0402660277856006,3.639666693033838e-15,5.134781488891349e-16
14,17,-0.040933202812820625,0.04021973184315034,-9.308109838457312e-13,-0.0409332028154287,0.040219731843156,2.6080734794042826e-12,5.655198531684391e-15
14,18,-0.13619007150376825,0.03989110888066223,-2.617017713646419e-12,-0.136190071244604,0.0398911088798706,2.5916424561955864e-10,7.916306499211601e-13
14,19,-0.019606798052050838,0.039429156060964754,3.090860900556436e-13,-0.0196067901973146,0.0394291566319075,7.854736236434512e-09,5.709427444711146e-10
14,20,-0.13130478958815459,0.04044028071315172,3.907985046680551e-14,-0.131304789323052,0.0404402807122895,2.6510257877809806e-10,8.622200176056083e-13
14,21,-0.12041243995811608,0.04000392780667117,-3.019806626980426e-14,-0.120412619336788,0.0400039301164322,1.7937867191619716e-07,2.309761028274071e-09
14,22,-0.055739332255802444,0.04005918266061629,-4.1389114358025836e-13,-0.0557393322594666,0.0400591826606217,3.664152314897251e-12,5.412337245047638e-15
14,23,-0.03461320985282693,0.0395611129869805,6.625811010962934e-13,-0.0346132098568495,0.0395611129869889,4.022567001715771e-12,8.403000517631654e-15
14,24,-0.0696828512985595,0.03928041003718669,-3.4416913763379853e-13,-0.0696828513000577,0.0392804100371892,1.4982043383682253e-12,2.5049406993105094e-15
14,25,-0.02750099637124757,0.03927067317902103,-2.3359092438113294e-13,-0.0275009963714202,0.0392706731790213,1.7262927198835598e-13,2.636779683484747e-16
14,26,-0.11610048674518307,0.03976518727938846,-1.7319479184152442e-14,-0.116100486627014,0.0397651872790331,1.1816907174999614e-10,3.55354634606897e-13
14,27,-0.04749996284674381,0.04046133950080853,-4.3720582709738665e-13,-0.0474999625540799,0.0404613395272892,2.92663906997781e-10,2.6480664883088423e-11
14,28,-0.1144975441144581,0.04003678990453268,1.6342482922482304e-13,-0.114497543983461,0.0400367899042151,1.3099710205466408e-10,3.1757929619402603e-13
14,29,-0.08076172432426469,0.04058420206982113,1.2851941733060812e-12,-0.0807613315130934,0.0405841990789513,3.9281117128475707e-07,2.990869829577747e-09
14,30,0.00960541280484123,0.039967401129465466,9.72111280361787e-13,0.0096054128048379,0.0399674011294656,3.3306690738754696e-15,1.3183898417423734e-16
14,31,-0.03788504138148021,0.03937881279498836,-1.7106316363424412e-12,-0.0378850413814054,0.0393788127949882,7.480821517802383e-14,1.5959455978986625e-16
14,32,-0.09136229837819505,0.040735848419686665,9.85878045867139e-14,-0.0913622983818621,0.0407358484196964,3.667052772549084e-12,9.735268147181841e-15
14,33,-0.043337707226465044,0.04006545975115376,-7.016609515630989e-13,-0.0433377072262901,0.0400654597511534,1.7494339310530904e-13,3.608224830031759e-16
14,34,-0.04589667810862255,0.03990057605580884,1.1368683772161603e-13,-0.0458962420274874,0.0399005740797201,4.360811351536431e-07,1.9760887370878777e-09
14,35,-0.03836094579017469,0.03976446708481987,-5.115907697472721e-13,-0.0383609457901221,0.0397644670848201,5.2589876897712884e-14,2.2898349882893854e-16
14,36,-0.037056939618778435,0.03996975808622512,3.2307490016592055e-13,-0.0370569396188694,0.0399697580862254,9.096196018631986e-14,2.8449465006019636e-16
14,37,-0.035366454809511484,0.039823380307679776,1.1302070390684094e-12,-0.0353664548094668,0.0398233803076797,4.468647674116255e-14,7.632783294297951e-17
14,38,-0.11457997352926012,0.04019873406054413,-1.1537437671904627e-12,-0.114579973371902,0.0401987340600555,1.5735812652906134e-10,4.886299698192431e-13
14,39,-0.1524953999404784,0.03983374922394728,-1.3997691894473974e-12,-0.152495399940478,0.0398337492239473,3.885780586188048e-16,2.0816681711721685e-17
14,40,-0.08546639187965026,0.04009416915136614,8.175682353339653e-13,-0.0854663918928114,0.040094169151398,1.3161138845418918e-11,3.1856461912838085e-14
14,41,-0.02770247578118812,0.03988469432620763,2.013500477460184e-12,-0.0277024757812234,0.0398846943262078,3.52808060544163e-14,1.734723475976807e-16
14,42,-0.005945952116847449,0.03986659168959421,-2.1715962361668062e-13,-0.005945952116846,0.0398665916895942,1.4493614641786223e-15,6.938893903907228e-18
14,43,-0.08551339842733108,0.0400567674092832,-7.913669719528116e-13,-0.0855133984110036,0.0400567674092486,1.6327481033862057e-11,3.459732500488144e-14
14,44,-0.08853579399303885,0.04002404781832932,1.0329515021112456e-12,-0.0885357939657351,0.0400240478182524,2.730374260018209e-11,7.691763892481163e-14
14,45,-0.006644751687890979,0.039952466897040226,-9.983125437429408e-13,-0.0066447516878922,0.0399524668970403,1.2203779653496838e-15,7.632783294297951e-17
14,46,-0.08218818814546751,0.040373344746182,-3.9168668308775523e-13,-0.0821881881286171,0.0403733447461388,1.6850409956248313e-11,4.3194614551822497e-14
14,47,-0.08136883118006126,0.0399951786549046,-1.1399770016851107e-12,-0.0813689636357402,0.0399951804521862,1.324556789389364e-07,1.7972816013234194e-09
14,48,-0.03404699531391068,0.0393063536332548,-4.618527782440651e-14,-0.0340469953138996,0.0393063536332547,1.1081413564539844e-14,9.71445146547012e-17
14,49,-0.13129302091542513,0.039876503380228336,-4.556355293061642e-13,-0.13129302076499,0.0398765033797114,1.5043513656998186e-10,5.169337180532807e-13
15,0,-0.17414421370163277,0.04087352424526776,2.0516921495072893e-13,-0.174144213701632,0.0408735242452678,7.771561172376096e-16,4.163336342344337e-17
15,1,-0.1257274728393325,0.04070941001148036,9.965361869035405e-13,-0.125727472508817,0.0407094100104941,3.305155038546559e-10,9.86259685031854e-13
15,2,-0.15037881418122367,0.040700767971742685,-1.3393730569077889e-12,-0.150378814181222,0.0407007679717427,1.6653345369377348e-15,1.3877787807814457e-17
15,3,-0.11484589841703752,0.0404096629026301,-7.185363415374013e-13,-0.114846425918918,0.0404096599513642,5.275018804817844e-07,2.951265898332167e-09
15,4,-0.24568004917907973,0.04137289505578447,-2.3714363805993344e-13,-0.245680049179083,0.0413728950557844,3.2751579226442118e-15,6.938893903907228e-17
15,5,-0.19796346854645883,0.04095588204487034,-4.3876013933186186e-13,-0.197963468546455,0.0409558820448703,3.83026943495679e-15,4.163336342344337e-17
15,6,-0.16288044691842568,0.0412723900753534,-1.9184653865522705e-13,-0.162880446498469,0.0412723900737356,4.199566805418442e-10,1.6178031136959703e-12
15,7,-0.16458674656208686,0.04117540595334351,4.2810199829546036e-13,-0.16458652793401,0.0411754034498493,2.1862807686456875e-07,2.503494203609513e-09
15,8,-0.1260112500570153,0.04072337172383859,-1.0480505352461478e-13,-0.126011250060297,0.0407233717240095,3.2817082384895002e-12,1.7091189574713894e-13
15,9,-0.11619374128461067,0.04071124747581675,-1.0409451078885468e-12,-0.116193740925957,0.040711247491002,3.5865367620235844e-10,1.5185248891658176e-11
15,10,-0.14632207829468674,0.04080104498576993,-2.000621890374532e-13,-0.146322078110223,0.0408010449851422,1.8446374983049907e-10,6.277339759108713e-13
15,11,-0.1774382926291753,0.04128184512471611,1.091571277811454e-12,-0.177438292629175,0.0412818451247163,3.0531133177191805e-16,1.8735013540549517e-16
15,12,-0.1123471920018011,0.040522530054277875,4.60964599824365e-13,-0.112347191931162,0.0405225300541014,7.063910567595144e-11,1.7647688865807254e-13
15,13,-0.1639690707216335,0.04147106881298734,4.192202140984591e-13,-0.163969070721636,0.0414710688129876,2.4980018054066022e-15,2.636779683484747e-16
15,14,-0.18944825642480834,0.04121003593458179,8.01136934569513e-13,-0.189448463683307,0.0412100394304927,2.0725849866898294e-07,3.495910907980182e-09
15,15,-0.18435444490385894,0.04134458124491702,2.637889906509372e-13,-0.184354444903856,0.041344581244917,2.942091015256665e-15,2.0816681711721685e-17
15,16,-0.13259436177722295,0.041499640108440074,7.65831842386433e-13,-0.132594361594711,0.0414996401078599,1.8251194999763243e-10,5.801747970934912e-13
15,17,-0.19645431893762683,0.040550033697783705,6.625811010962934e-13,-0.196454318937626,0.0405500336977838,8.326672684688674e-16,9.71445146547012e-17
15,18,-0.25212766599374553,0.041333565906169066,-1.291411422243982e-12,-0.25212782454768,0.0413335682290179,1.5855393448171995e-07,2.3228488368887135e-09
15,19,-0.12525903703185112,0.04068882451093058,1.0658141036401503e-13,-0.125259036797636,0.0406888245311945,2.342151195211528e-10,2.0263915545548628e-11
15,20,-0.16768533387838888,0.04177303683394193,4.085620730620576e-14,-0.167685333207455,0.0417730368314301,6.709338917776364e-10,2.5118310209570893e-12
15,21,-0.11097368277614753,0.0402446214706441,5.266898028821743e-13,-0.110973682771955,0.040244621470636,4.192521330104171e-12,8.104628079763643e-15
15,22,-0.08019536348097173,0.04066275035842128,6.910028105266974e-13,-0.0801953634680624,0.0406627503583916,1.2909326385646125e-11,2.968458812091512e-14
15,23,-0.1433100064614172,0.0404826394823233,1.2683187833317788e-12,-0.143310006461412,0.0404826394823231,5.190292640122607e-15,2.0122792321330962e-16
15,24,-0.09239377845881355,0.0406000668434857,-4.076738946423575e-13,-0.0923937784448969,0.0406000668434489,1.3916645613676337e-11,3.680389326632394e-14
15,25,-0.19336449748078272,0.04127744734483755,-3.943512183468556e-13,-0.193364497480782,0.0412774473448375,7.216449660063518e-16,4.85722573273506e-17
15,26,-0.08382911680350266,0.040644015242056374,6.465938895416912e-13,-0.0838297289352011,0.0406440084666985,6.121316984408764e-07,6.775357871968701e-09
15,27,-0.19854341860235214,0.04087987613921753,1.5987211554602254e-14,-0.198543418602355,0.0408798761392175,2.858824288409778e-15,2.7755575615628914e-17
15,28,-0.13871592920307976,0.04098740417891216,-1.5987211554602254e-13,-0.138715928657845,0.040987404177185,5.452347739964836e-10,1.7271600816215482e-12
15,29,-0.12496269618841,0.04125877509408338,6.714628852932947e-13,-0.124962695987845,0.0412587750935303,2.0056499516751813e-10,5.530784163987335e-13
15,30,-0.3203178878607196,0.04180899378011267,-9.681144774731365e-13,-0.320317727185063,0.0418089917584801,1.6067565655752958e-07,2.0216325696820192e-09
15,31,-0.14167840254496356,0.041135605710639754,8.846257060213247e-13,-0.141678402200295,0.0411356057094272,3.4466854370585054e-10,1.2125508930260764e-12
15,32,-0.14537764564748562,0.041040982454358124,7.72715225139109e-13,-0.145377645647485,0.041040982454358,6.106226635438361e-16,1.249000902703301e-16
15,33,-0.13748414729762182,0.04138520841112211,2.6645352591003757e-13,-0.137483992588172,0.04138521177345,1.54709449806667e-07,3.362327888334349e-09
15,34,-0.1507882479682354,0.04052320207379648,-7.034373084024992e-13,-0.150788247968238,0.0405232020737963,2.609024107869118e-15,1.8041124150158794e-16
15,35,-0.14469567443900072,0.0410359003086298,1.1044498648971057e-12,-0.14469567389206,0.0410359003067867,5.46940714940547e-10,1.843102059861934e-12
15,36,-0.23380397549476248,0.04114088337679448,-3.9612757518625585e-13,-0.233803975494758,0.0411408833767943,4.468647674116255e-15,1.8041124150158794e-16
15,37,-0.19499870797787008,0.04110691851513275,9.343636975245317e-13,-0.194998707977869,0.0411069185151327,1.0824674490095276e-15,4.85722573273506e-17
15,38,-0.16412392953999141,0.04115636010963176,-1.1084466677857563e-12,-0.164123929539992,0.0411563601096318,5.828670879282072e-16,4.163336342344337e-17
15,39,-0.19688778039019872,0.040728357512608504,-3.6060043839825084e-13,-0.196887780390201,0.0407283575126084,2.275957200481571e-15,1.0408340855860843e-16
15,40,-0.06961820952707751,0.040853018867701145,1.4708234630234074e-12,-0.0696182095251641,0.0408530188676964,1.913413871790226e-12,4.746203430272544e-15
15,41,-0.15337149435393962,0.0409236350170632,1.2896350654045818e-12,-0.15337149435394,0.0409236350170633,3.885780586188048e-16,1.0408340855860843e-16
15,42,-0.1851018218238331,0.040803574223897264,-2.2604140781368187e-13,-0.185101821823829,0.0408035742238974,4.107825191113079e-15,1.3877787807814457e-16
15,43,-0.16388551700236872,0.04114322943643095,-3.836930773104541e-13,-0.163885517002368,0.0411432294364308,7.216449660063518e-16,1.5265566588595902e-16
15,44,-0.16794893567260144,0.04127216875261251,6.039613253960852e-14,-0.167948744414051,0.0412721662888137,1.9125855044155315e-07,2.463798810803386e-09
15,45,-0.20299897989920737,0.04116341653241058,-7.496225862269057e-13,-0.202998979899206,0.0411634165324107,1.3600232051658168e-15,1.1796119636642288e-16
15,46,-0.18795547859407938,0.040396657648628057,-8.5087492607272e-13,-0.187955478898155,0.0403966576654307,3.0407562578993463e-10,1.6802642610613816e-11
15,47,-0.1681255031727986,0.041885847079390304,-1.3358203432289883e-12,-0.1681255031728,0.0418858470793902,1.4155343563970746e-15,1.0408340855860843e-16
15,48,-0.11899714626980458,0.040501248182096376,-5.275779813018744e-13,-0.118996611742626,0.0405012503612068,5.345271785750505e-07,2.1791104268253925e-09
15,49,-0.14756069255586454,0.04108752104216202,-8.597567102697212e-13,-0.147560691952667,0.0410875210401037,6.031975474662943e-10,2.0583187931855207e-12
16,0,-0.07283066501023869,0.04022933620038013,-6.785683126508957e-13,-0.0728306650202533,0.0402293362003977,1.0014614137965339e-11,1.757621825859701e-14
16,1,-0.10474033255137806,0.040736515288467695,8.36664071357518e-13,-0.104740332516334,0.0407365152883586,3.5044064872202796e-11,1.0909328995722944e-13
16,2,-0.05561822684788527,0.03988148746247973,-1.687538997430238e-14,-0.0556182268506465,0.0398814874624839,2.761228745651323e-12,4.170275236248244e-15
16,3,-0.1470249028667919,0.04061482563469027,1.4939161019356106e-12,-0.147024900265644,0.0406148259188944,2.601147908176671e-09,2.8420412551133367e-10
16,4,-0.11155744224712662,0.04043390108403921,1.2612133559741778e-13,-0.111557446489857,0.0404339012531875,4.242730389236726e-09,1.6914829259473407e-10
16,5,-0.06855270056832793,0.04077522236813161,1.3962164757685969e-12,-0.0685527006022055,0.0407752223682155,3.387756741801695e-11,8.389122729823839e-14
16,6,-0.12165281369910745,0.040173677473040785,-6.761258219967203e-14,-0.121652813439353,0.0401736774723616,2.597544540572372e-10,6.791858742083434e-13
16,7,-0.07375780275143791,0.04031767971512456,9.015010959956271e-13,-0.0737578027671662,0.0403176797151559,1.572829366747186e-11,3.134298376394895e-14
16,8,-0.14948682969779548,0.0408138732617672,-1.6040502259784262e-12,-0.149486829697798,0.040813873261767,2.525757381022231e-15,2.0122792321330962e-16
16,9,-0.01478310193481896,0.04007022450902313,-2.815525590449397e-13,-0.014783375797711,0.0400702271192816,2.7386289203935876e-07,2.610258467705684e-09
16,10,-0.10588115352877289,0.04030051318680156,1.3660184094987926e-12,-0.105881153478432,0.0403005131866674,5.0340898116729704e-11,1.3416351363204626e-13
16,11,-0.023170043124139564,0.0405782901776521,7.549516567451064e-14,-0.0231700431246974,0.040578290177653,5.578350281698619e-13,9.020562075079397e-16
16,12,-0.1489334442464082,0.04063729887390489,-6.217248937900877e-13,-0.14893344424641,0.0406372988739047,1.8041124150158794e-15,1.8735013540549517e-16
16,13,-0.08544420355714187,0.04098023296011533,-1.4859224961583095e-12,-0.0854442035384976,0.0409802329600672,1.8644266686074218e-11,4.8135107011404443e-14
16,14,-0.09354163178143761,0.040769216301041515,-9.07718344933528e-13,-0.0935414979239294,0.0407692141656435,1.3385750820271713e-07,2.1353980181326726e-09
16,15,-0.11606439007366268,0.04076217156146427,1.7319479184152442e-12,-0.116064394156438,0.0407621717085397,4.0827753261529764e-09,1.4707542822511854e-10
16,16,-0.08219413448092718,0.0403176367554798,-3.6415315207705135e-14,-0.0821941344999443,0.040317636755525,1.901712121110677e-11,4.5199954890051686e-14
16,17,-0.06017979644106076,0.03996982358407979,-7.212008767965017e-13,-0.0601797964475767,0.0399698235840965,6.515940564888467e-12,1.6708856520608606e-14
16,18,-0.04256030021423529,0.039735438602578305,2.8421709430404007e-13,-0.0425603002143737,0.0397354386025785,1.3841011670123748e-13,1.942890293094024e-16
16,19,-0.09419911758405344,0.0406852857075227,-4.716227408607665e-13,-0.0941991175449157,0.040685285707409,3.913774859753971e-11,1.1370071550942384e-13
16,20,-0.10241127781638186,0.04047636491223439,-1.0385026172343714e-12,-0.102411646840381,0.0404763695436649,3.6902399913607553e-07,4.631430509938195e-09
16,21,-0.08825845489113114,0.04090316418752697,1.9682033780554775e-12,-0.0882584549482181,0.0409031641876887,5.708696015904735e-11,1.6172480021836577e-13
16,22,-0.09603320966269761,0.04018957826376642,3.7836400679225335e-13,-0.0960332096189825,0.0401895782636799,4.3715114861342386e-11,8.652106808781923e-14
16,23,-0.108496299848302,0.040324552943043074,7.780442956573097e-13,-0.108496299830015,0.0403245529429977,1.8286996916749843e-11,4.5373427237649366e-14
16,24,-0.09428028459438487,0.040398424601090575,1.1812772982011666e-12,-0.0942802847154164,0.0403984246014799,1.2103153201881156e-10,3.8932745916042677e-13
16,25,-0.15322730668669016,0.04034513121653811,-4.005684672847565e-13,-0.153227306686694,0.040345131216538,3.83026943495679e-15,1.1102230246251565e-16
16,26,-0.0738686364457794,0.040679378293093794,5.258016244624741e-13,-0.0738686364392295,0.0406793782930763,6.549899511654189e-12,1.7492951531750123e-14
16,27,-0.09601981937511574,0.04126278698622,-3.907985046680551e-14,-0.0960198194613936,0.0412627869864301,8.627785985648728e-11,2.1010276851640697e-13
16,28,-0.06546240752335543,0.03991699854075591,-1.4459544672718039e-12,-0.0654624075287186,0.0399169985407699,5.3631682428445515e-12,1.399574900418088e-14
16,29,-0.08268748878605643,0.0404344746954387,-9.325873406851315e-13,-0.0826874887872047,0.0404344746954422,1.148262041006376e-12,3.5041414214731503e-15
16,30,-0.15856991684574712,0.04066189612958179,-3.2152058793144533e-13,-0.158569628492688,0.0406619040236897,2.883530591246686e-07,7.89410790902334e-09
16,31,-0.07654785824872111,0.0404206517893785,-5.786482404346316e-13,-0.0765478582383911,0.0404206517893558,1.0330014621473538e-11,2.270406085358445e-14
16,32,-0.1033697321261231,0.04064622365889524,1.5361045768713666e-12,-0.103369732062587,0.0406462236586964,6.353610693121681e-11,1.9884094371036554e-13
16,33,-0.12069893185983413,0.04063787874121293,1.2470025012589758e-12,-0.120698931625584,0.040637878740426,2.3425013317979193e-10,7.86926079854311e-13
16,34,-0.12399715033951532,0.04026990115009512,8.171241461241152e-13,-0.123997150339516,0.0402699011500953,6.800116025829084e-16,1.8041124150158794e-16
16,35,-0.09866444330527979,0.04054991079826345,4.0234482412415673e-13,-0.0986644432447004,0.0405499107980749,6.05793887276107e-11,1.8855056405087112e-13
16,36,-0.11273670515162315,0.04029759872993116,3.5704772471945034e-13,-0.112736574842341,0.0402975968058894,1.3030928215640447e-07,1.9240417592492065e-09
16,37,-0.19917120833935034,0.04061156912292915,-6.31494856406789e-13,-0.199171208321339,0.0406115691239727,1.8011342417523224e-11,1.043547193102512e-12
16,38,-0.13467810335523936,0.04042075588066497,-4.11448652926083e-13,-0.134678103355235,0.0404207558806648,4.3576253716537394e-15,1.6653345369377348e-16
16,39,-0.14017085314395764,0.0407218600888827,-4.938272013532696e-13,-0.140170853143959,0.0407218600888826,1.3600232051658168e-15,9.71445146547012e-17
16,40,-0.07935697959088155,0.0404915071768998,4.671818487622659e-13,-0.0793567698499879,0.0404915129171989,2.0974089365299875e-07,5.740299097167778e-09
16,41,-0.07338359605322683,0.04010393464000813,4.529709940470639e-14,-0.0733837600142318,0.0401039369465171,1.6396100496751664e-07,2.306508969929233e-09
16,42,-0.08758214389737036,0.04047622917078237,-1.0436096431476471e-12,-0.0875821438709911,0.040476229170719,2.6379259887576723e-11,6.337291802438472e-14
16,43,-0.10245232260888622,0.040057800359899184,-1.0480505352461478e-13,-0.10245232258098,0.0400578003598222,2.790621900228274e-11,7.69870278638507e-14
16,44,-0.12243344364748712,0.04033859135541071,6.208367153703875e-13,-0.122433443382232,0.04033859135467,2.6525512342168156e-10,7.407061075603849e-13
16,45,-0.08011152369092318,0.040308007735075174,5.329070518200751e-15,-0.0801115236889736,0.0403080077350699,1.9495793868173905e-12,5.2735593669694936e-15
16,46,-0.09786837786006748,0.04066040245420295,-8.86402062860725e-13,-0.0978683779022271,0.0406604024543223,4.21596230149035e-11,1.1934897514720433e-13
16,47,-0.14099232524393518,0.0400843760383463,-1.5276668818842154e-13,-0.140992325218018,0.0400843760406084,2.5917185064727732e-11,2.2620932904615643e-12
16,48,-0.12264068838234626,0.03994606646695652,2.113864638886298e-13,-0.122640688382347,0.0399460664669567,7.355227538141662e-16,1.8041124150158794e-16
16,49,-0.12786481115718382,0.040557287553516126,5.906386491005833e-13,-0.127864810556658,0.0405572875747237,6.005258235131095e-10,2.120757042201049e-11
17,0,-0.21942891631813388,0.04091373899355713,-7.407408020299044e-13,-0.219428807611492,0.0409137375028199,1.0870664188256107e-07,1.490737228104777e-09
17,1,-0.2098002133758556,0.04143260942136312,1.6839862837514374e-12,-0.209800213375853,0.0414326094213631,2.609024107869118e-15,2.0816681711721685e-17
17,2,-0.15138143217234604,0.04079474104480815,4.973799150320701e-14,-0.15138143217235,0.0407947410448084,3.969047313034935e-15,2.498001805406602e-16
17,3,-0.1493824048868745,0.04077646253573445,-6.039613253960852e-13,-0.149382404886873,0.0407764625357344,1.4988010832439613e-15,4.85722573273506e-17
17,4,-0.15129831510142333,0.04123907726221007,-1.3677947663381929e-13,-0.151298315101424,0.0412390772622103,6.661338147750939e-16,2.2898349882893854e-16
17,5,-0.19769563319847874,0.0411020855703605,-3.352873534367973e-13,-0.19769563319848,0.0411020855703604,1.2490009027033011e-15,9.71445146547012e-17
17,6,-0.19267455309080084,0.04166868526532207,1.2398970739013748e-12,-0.192673981518701,0.0416686905411581,5.715720998444862e-07,5.275836031937153e-09
17,7,-0.16634407773142215,0.041998377991051106,-2.5228708011582057e-12,-0.166344223198277,0.0419983795913287,1.454668548395155e-07,1.6002775909962352e-09
17,8,-0.16031449618665655,0.041012110690860686,-1.865174681370263e-13,-0.160314496186658,0.0410121106908608,1.4432899320127035e-15,1.1102230246251565e-16
17,9,-0.13628622350864691,0.041461038799139004,-6.690203946391193e-13,-0.136286223508644,0.0414610387991392,2.914335439641036e-15,1.942890293094024e-16
17,10,-0.14608087933529504,0.04123289377853456,-4.769518113789672e-13,-0.146080878776503,0.0412328937764841,5.587920404170887e-10,2.0504639652862977e-12
17,11,-0.12442211618313435,0.04130064711743458,-8.890665981198254e-13,-0.124422116086138,0.0413006471171374,9.699635539206497e-11,2.971789481165388e-13
17,12,-0.28401084486825035,0.04194197384117959,7.283063041541027e-14,-0.284010844868254,0.0419419738411795,3.6637359812630166e-15,9.020562075079397e-17
17,13,-0.21519692875251245,0.04183820285874113,-2.2870594307278225e-14,-0.215196928752513,0.0418382028587411,5.551115123125783e-16,3.469446951953614e-17
17,14,-0.15374761722902777,0.041350818943816654,-6.701306176637445e-13,-0.153747617229029,0.0413508189438169,1.2212453270876722e-15,2.42861286636753e-16
17,15,-0.20415255621103653,0.04145696262004251,-1.3322676295501878e-12,-0.204152556211044,0.0414569626200424,7.466249840604178e-15,1.1102230246251565e-16
17,16,-0.16610791555297524,0.04111755033631492,3.2862601528904634e-13,-0.166107915017417,0.0411175503342422,5.355582366473044e-10,2.072723936930032e-12
17,17,-0.15822722141656012,0.04122513955142313,3.197442310920451e-14,-0.158227221416558,0.0412251395514231,2.1094237467877974e-15,2.7755575615628914e-17
17,18,-0.1861553920111838,0.04189513213776183,-2.2737367544323206e-13,-0.186155392011184,0.0418951321377621,1.942890293094024e-16,2.706168622523819e-16
17,19,-0.22776429142919957,0.04127232773662502,8.704148513061227e-14,-0.227764291429198,0.0412723277366252,1.582067810090848e-15,1.8041124150158794e-16
17,20,-0.11547752221260171,0.04127282687342373,-2.34035013590983e-13,-0.115477522028556,0.0412728268728417,1.8404570922836427e-10,5.820274817658344e-13
17,21,-0.15881458748853258,0.04154807805646385,8.5131901528257e-13,-0.158814587488531,0.041548078056464,1.582067810090848e-15,1.5265566588595902e-16
17,22,-0.22368442213359038,0.04145982685215543,-3.907985046680551e-14,-0.223684422133594,0.0414598268521553,3.608224830031759e-15,1.249000902703301e-16
17,23,-0.252620890253247,0.041649471033898655,-6.963318810448982e-13,-0.252620890253249,0.0416494710338988,1.9984014443252818e-15,1.457167719820518e-16
17,24,-0.10652868134915235,0.041869584354270704,5.559996907322784e-13,-0.106528248569183,0.0418695925493601,4.3277996934765195e-07,8.195089398754796e-09
17,25,-0.18100164970134908,0.04131480070218582,9.592326932761353e-14,-0.181001649701351,0.0413148007021859,1.915134717478395e-15,7.632783294297951e-17
17,26,-0.19722687080510765,0.04159981570644691,3.552713678800501e-14,-0.197226870805109,0.041599815706447,1.3600232051658168e-15,9.020562075079397e-17
17,27,-0.21429541901023344,0.04144343408865558,3.8813396940895473e-13,-0.214295419010232,0.0414434340886556,1.4432899320127035e-15,2.0816681711721685e-17
17,28,-0.15741853496004013,0.04147829369707442,7.740474927686591e-13,-0.15741853496004,0.0414782936970747,1.3877787807814457e-16,2.8449465006019636e-16
17,29,-0.2552584495182694,0.04210117249415029,-6.923350781562476e-13,-0.255258182989958,0.0421011793506193,2.6652831142115474e-07,6.8564690106076576e-09
17,30,-0.1229215255539007,0.041112480090834645,-2.5169866191276924e-12,-0.122921525272411,0.041112480090111,2.814897065439581e-10,7.23643367450677e-13
17,31,-0.1799892942124497,0.041296128385468624,2.4513724383723456e-13,-0.179990099826355,0.0412961228623079,8.056139053080891e-07,5.523160720444231e-09
17,32,-0.14652724888020327,0.041355061896179816,-1.0444978215673473e-12,-0.146527248880206,0.04135506189618,2.7200464103316335e-15,1.8041124150158794e-16
17,33,-0.14567122925003695,0.040798484336557014,-6.217248937900877e-13,-0.145671229250036,0.040798484336557,9.43689570931383e-16,1.3877787807814457e-17
17,34,-0.2063378778318437,0.040970228585422874,-4.982680934517703e-13,-0.206337877831844,0.040970228585423,3.0531133177191805e-16,1.249000902703301e-16
17,35,-0.13640278837568878,0.040864900460556505,4.285460875053104e-13,-0.136402788011777,0.0408649004593114,3.6391178959149784e-10,1.2451081832232092e-12
17,36,-0.13765967472977253,0.04164014498003675,-1.2190248810384219e-12,-0.137659674729772,0.0416401449800367,5.273559366969494e-16,4.85722573273506e-17
17,37,-0.17911933814228181,0.04100380825492004,1.3002932064409833e-12,-0.179119142962544,0.0410038125888798,1.9517973781635334e-07,4.333959760516315e-09
17,38,-0.168207030420888,0.04172087414848172,-7.780442956573097e-13,-0.168207181724229,0.0417208765846252,1.5130334099500153e-07,2.4361434813879868e-09
17,39,-0.1917057809981606,0.04134662728841806,3.410605131648481e-13,-0.191705781007458,0.0413466272889536,9.29739618626968e-12,5.355438315035599e-13
17,40,-0.2180868372531145,0.041083991960901185,-6.998845947236987e-13,-0.218086837253115,0.0410839919609013,4.996003610813204e-16,1.1796119636642288e-16
17,41,-0.17163094855360772,0.041087672898921554,1.0746958878371515e-12,-0.171630948553608,0.0410876728989216,2.7755575615628914e-16,4.85722573273506e-17
17,42,-0.11819631619094456,0.041167536582124936,-2.673417043297377e-13,-0.118196315980875,0.0411675365816135,2.1006955897018287e-10,5.114381140813862e-13
17,43,-0.2405833339973727,0.04177383584985056,1.8784973576657649e-13,-0.240583333997374,0.0417738358498506,1.304512053934559e-15,4.163336342344337e-17
17,44,-0.23080411863291783,0.041455666753795216,6.3860028376439e-13,-0.230804118632915,0.0414556667537952,2.831068712794149e-15,1.3877787807814457e-17
17,45,-0.1840925481962369,0.04134857605916932,1.5987211554602254e-13,-0.184092548196238,0.0413485760591694,1.0824674490095276e-15,7.632783294297951e-17
17,46,-0.17293799541127972,0.04104729775951366,-1.1040057756872557e-12,-0.17293799541128,0.0410472977595137,2.7755575615628914e-16,4.163336342344337e-17
17,47,-0.1751425265523424,0.0413936709051512,-8.144596108650148e-13,-0.175142526552346,0.0413936709051513,3.608224830031759e-15,1.0408340855860843e-16
17,48,-0.17884040498046438,0.04078691891819508,-2.6556534749033744e-13,-0.178840404980466,0.0407869189181952,1.609823385706477e-15,1.1796119636642288e-16
17,49,-0.17982509483530212,0.0408096051175343,1.304290009329634e-12,-0.179825094835299,0.0408096051175342,3.1363800445660672e-15,9.71445146547012e-17
18,0,-0.011354430813152171,0.012563264959757804,1.3145040611561853e-11,-0.011354396622957,0.0125632651718929,3.4190195171562854e-08,2.1213509594775193e-10
18,1,-0.016840819686711476,0.012579039399527113,-1.6324719354088302e-11,-0.0168408162229703,0.012579039459444,3.4637411758242642e-09,5.991688742379431e-11
18,2,0.00705454844897999,0.012585476450160085,-2.3515411839980516e-11,0.0070545482268475,0.0125854764232679,2.2213249035313298e-10,2.689218465967702e-11
18,3,-0.0005602010877773866,0.012614803223672205,3.715427965289564e-11,-0.0005602275814391,0.0126148033006747,2.6493661713479846e-08,7.700249465836251e-11
18,4,0.014142782433968732,0.012552949926691996,-1.0601297617540695e-11,0.0141427553494946,0.0125529500467302,2.7084474132216263e-08,1.200382033356151e-10
18,5,0.006751559411580323,0.012569848474444806,-1.1814549338851066e-11,0.0067515307925847,0.0125698486256718,2.8618995622994858e-08,1.5122699446867838e-10
18,6,-0.010369558568099064,0.012510939545435425,-3.6767033861906384e-11,-0.01036956043946,0.0125109396143816,1.8713609360038186e-09,6.894617515795787e-11
18,7,0.002487194178704782,0.012567675592437048,-4.454392410480068e-11,0.0024872059531922,0.01256767574647,1.1774487417622742e-08,1.5403295305915776e-10
18,8,0.005516274963809051,0.012538071661904397,7.602807272633072e-13,0.0055162866280079,0.0125380717868043,1.1664198848980456e-08,1.248999029201947e-10
18,9,0.023960371368537074,0.012540614976981806,2.7611690711637493e-11,0.0239603571667643,0.0125406150379924,1.4201772775140897e-08,6.101059414620469e-11
18,10,-0.00037392559527777737,0.012527327295718196,-6.821210263296962e-12,-0.0003739260072322,0.0125273274817091,4.119544226143662e-10,1.859909032342344e-10
18,11,0.00937888457933598,0.01254029757299724,-2.6432189770275727e-11,0.0093788967147424,0.0125402976700939,1.2135406419339079e-08,9.709665883816943e-11
18,12,0.010551087063109602,0.01254509457509542,1.4445333818002837e-11,0.0105510980517317,0.0125450946145997,1.0988622099056267e-08,3.950428005550233e-11
18,13,0.01054480376006187,0.012604507499437916,4.494893346418394e-11,0.0105448004019603,0.0126045075470518,3.358101569386762e-09,4.761388505691855e-11
18,14,0.0019784150073789406,0.012584979665360735,-1.2541079286165768e-11,0.0019784358161582,0.0125849797831302,2.0808779259157834e-08,1.1776946431951707e-10
18,15,-0.007369842211919531,0.012550578959338055,1.6253665080512292e-11,-0.0073698220498115,0.0125505791087502,2.0162108030873094e-08,1.4941214585006968e-10
18,16,0.0012644725065082602,0.012588166064244179,3.411493310068181e-11,0.0012644561798485,0.0125881662353442,1.6326659760257378e-08,1.711000213039382e-10
18,17,0.017759813140686673,0.012551574036044798,-2.396305376350938e-11,0.0177598100038854,0.0125515741022702,3.136801273589951e-09,6.62254018984898e-11
18,18,0.003418608386002439,0.012625004752137169,2.5206503551089554e-11,0.0034185903763173,0.0126250047891908,1.800968513904211e-08,3.7053630996819464e-11
18,19,0.01369837583990724,0.012603656724657936,3.156230832246365e-11,0.0136983836633951,0.012603656821047,7.823487861019496e-09,9.638906513231849e-11
18,20,0.00016962749634037415,0.012580178873356688,-1.2262191262379929e-11,0.0001696420760468,0.0125801788978253,1.4579706425851434e-08,2.4468611165007204e-11
18,21,-0.005385789383018453,0.012613518702154256,1.9232615500186512e-11,-0.0053857917749145,0.0126135188028729,2.391896046678721e-09,1.0071864522953611e-10
18,22,-0.018699551504791235,0.012589950957418971,-2.44591014109119e-11,-0.018699529818695,0.0125899510154682,2.1686096234735386e-08,5.8049228618406445e-11
18,23,-0.00911385716371419,0.012550067469220797,2.2584600856134784e-11,-0.0091138616347984,0.0125500675595896,4.471084211199461e-09,9.036880271873216e-11
18,24,-0.008375788804126445,0.012644064526918198,-1.6152412740666477e-11,-0.008375816193862,0.0126440646368743,2.7389735555993777e-08,1.0995610151554036e-10
18,25,-0.0001225830036204219,0.012550447487561721,2.3494983736327413e-11,-0.000122583000893,0.0125504475706643,2.7274218853453464e-12,8.310257863797244e-11
18,26,0.010050273694558508,0.012637649725564155,2.942002197414695e-11,0.0100502615474197,0.0126376497183948,1.214713880870466e-08,7.169355387137699e-12
18,27,0.01838291553429876,0.012537938476601593,-5.1596060757219675e-11,0.0183829132967942,0.0125379385825929,2.2375045601041865e-09,1.0599130600974505e-10
18,28,0.011822268711461938,0.01248092605985504,-3.3097080631705467e-11,0.0118222385508734,0.0124809262083722,3.01605885388162e-08,1.4851716037544982e-10
18,29,0.02595779822333645,0.012602297600214193,-1.454480980100925e-11,0.0259577950106374,0.0126022976670152,3.212699051236001e-09,6.680100743394757e-11
18,30,0.002312850722398068,0.012508121796952194,-1.0089706847793423e-12,0.0023128683935282,0.0125081218971088,1.7671130132096424e-08,1.0015660523166048e-10
18,31,-0.009248520515568176,0.01258614630409,4.497735517361434e-12,-0.009248540636813,0.0125861464213654,2.01212448230903e-08,1.1727540119577107e-10
18,32,0.0013733527795721937,0.012583910388450236,-1.9092283309873892e-11,0.0013733233001432,0.0125839105905945,2.9479428993598247e-08,2.0214426486864223e-10
18,33,-0.0029999230677411363,0.012571871239637818,-6.048495038157853e-11,-0.0029999213449278,0.0125718712691235,1.7228133364355358e-09,2.948568125771267e-11
18,34,0.00460933845985947,0.012607492130547324,-1.3926637620897964e-12,0.0046093346687616,0.0126074922539516,3.791097870527171e-09,1.2340427638091178e-10
18,35,-0.02172018760542146,0.01258873972589514,-2.972733170736319e-11,-0.021720177278597,0.0125887399199996,1.032682446153177e-08,1.941044599357289e-10
18,36,0.012085349411933387,0.012587284966568973,-3.749534016606049e-11,0.0120853704440925,0.0125872851195771,2.103215911326839e-08,1.53008127001808e-10
18,37,-0.012406986627911528,0.012616893083199814,-2.609823468446848e-11,-0.0124069699406827,0.0126168931990256,1.668722882791629e-08,1.1582578646196495e-10
18,38,-0.00540845853670081,0.012557107479147922,-1.9470647316666145e-11,-0.005408451781629,0.0125571075874675,6.755071810075897e-09,1.0831957726609165e-10
18,39,0.011018144758770323,0.012536999292353492,-7.316103278753872e-11,0.0110181204079571,0.0125369993509034,2.4350813223467105e-08,5.854990797748982e-11
18,40,0.005934424980470244,0.012611568974340568,2.4018120825530787e-11,0.0059345106679708,0.0126115688987049,8.568750055597957e-08,7.563566786772391e-11
18,41,-0.003959765515637465,0.012571196230776923,3.1455726912099635e-11,-0.0039597356013175,0.0125711963448371,2.991431996470645e-08,1.1406017623449838e-10
18,42,0.0006542285434818633,0.012527630203621184,-1.213251721310371e-11,0.0006542249489924,0.0125276303790367,3.5944894633465826e-09,1.754155154465309e-10
18,43,-0.0009786917770439904,0.012585986671002232,-8.951950292157562e-11,-0.0009786929539174,0.0125859867394393,1.176873409489132e-09,6.84370685122282e-11
18,44,0.026859106357187242,0.012579234057830513,-7.350564601438236e-12,0.0268591510095029,0.0125792342961885,4.4652315657478514e-08,2.383579878612041e-10
18,45,-0.0002206260409077255,0.012595380019912472,5.3522519749549247e-11,-0.0002206363472306,0.0125953801714088,1.0306322874504333e-08,1.5149632763555854e-10
18,46,0.006733279268847703,0.012561613149194163,5.10453901370056e-11,0.0067332629805632,0.0125616132136636,1.628828450242481e-08,6.446943673354966e-11
18,47,0.0017392544191714857,0.0125976492631103,8.988365607365267e-12,0.0017392568343014,0.0125976493274613,2.4151299144164334e-09,6.435100022295082e-11
18,48,-0.0021587501072683033,0.012567417212304241,2.418332201159501e-11,-0.0021587004695627,0.0125674173522652,4.9637705603396837e-08,1.3996095948876075e-10
18,49,-0.011277114794192697,0.012570218754386487,1.6047607687141863e-11,-0.0112771173768691,0.0125702188440194,2.582676402601569e-09,8.963291393826456e-11
19,0,-0.1473674745864186,0.012930738880278788,5.9614535530272406e-12,-0.147367460013791,0.0129307389827584,1.457262760462541e-08,1.0247961160225749e-10
19,1,-0.15438758645776282,0.012885001614632758,1.8474111129762605e-12,-0.15438758562544,0.0128850016956892,8.323228217754775e-10,8.10564428077587e-11
19,2,-0.1603386993443067,0.012842522879850618,1.9753088054130785e-12,-0.160338660116067,0.0128425229467221,3.922823968438571e-08,6.68714823098826e-11
19,3,-0.1766263593061263,0.012874387180156177,1.1979750524915289e-11,-0.176626331131723,0.0128743872197957,2.8174403310377016e-08,3.963952256713643e-11
19,4,-0.1505486957865806,0.012869346772158993,1.3944401189291966e-11,-0.150548678706833,0.0128693469307536,1.7079747588466532e-08,1.5859460619771504e-10
19,5,-0.14531233574440336,0.012839293206347491,9.265477274311706e-12,-0.145312341933401,0.0128392933009271,6.1889976477047526e-09,9.45796097689966e-11
19,6,-0.1531420341846372,0.012846348967667008,3.176126028847648e-11,-0.153141997770285,0.0128463490164461,3.6414352200253575e-08,4.8779091876838265e-11
19,7,-0.17593948900229336,0.01286238788694344,6.87805368215777e-12,-0.17593949509698,0.0128623879708496,6.0946866442535e-09,8.39061597979196e-11
19,8,-0.1448562807701978,0.012869289543705021,-6.0893512454640586e-12,-0.144856252556534,0.0128692896525497,2.821366379412993e-08,1.088446797969933e-10
19,9,-0.17529682562901577,0.012926293456832647,2.9771740628348198e-12,-0.17529684216959,0.0129262935900886,1.6540574215850867e-08,1.3325595314694905e-10
19,10,-0.1628204894477823,0.012847275643540185,-3.497824252463033e-11,-0.162820454947379,0.0128472756763129,3.4500403284232206e-08,3.277271509727342e-11
19,11,-0.15979051907466255,0.012815895551085045,2.0094148567295633e-11,-0.159790493805868,0.0128158957434709,2.526879455677644e-08,1.9238585551029086e-10
19,12,-0.16764236949370426,0.012854343090188477,-1.892885848064907e-11,-0.167642353558661,0.012854343338639,1.5935043257142567e-08,2.4845052230826337e-10
19,13,-0.17928856205848437,0.01288949221002609,-9.613643214834156e-12,-0.179288529472747,0.0128894924453953,3.258573735842596e-08,2.3536921023303847e-10
19,14,-0.17107457164739587,0.012839226454619003,3.683098270812479e-11,-0.171074547737383,0.012839226606395,2.3910012858507912e-08,1.5177599801963204e-10
19,15,-0.1489831172440128,0.012824386966518466,1.6434853478131117e-11,-0.148983117064086,0.0128243870187421,1.7992679568479275e-10,5.222363340384728e-11
19,16,-0.16674525189301564,0.012859115468390669,-8.185452315956354e-12,-0.166745211947741,0.0128591155579586,3.994527464357134e-08,8.956793119685447e-11
19,17,-0.19406394939265018,0.01286957636548145,-1.6150636383827077e-11,-0.194063962263999,0.0128695764674506,1.2871348820109318e-08,1.0196915013749308e-10
19,18,-0.1626607453837499,0.01289941419901111,1.460520593354886e-11,-0.162660757068159,0.0128994144162528,1.1684409106926807e-08,2.1724168991488213e-10
19,19,-0.17731109824767452,0.012879604775191194,-4.907008133159252e-11,-0.177311108904274,0.01287960480749,1.065659949173181e-08,3.2298805990871315e-11
19,20,-0.16754678700813103,0.012844964611290033,3.559819106158102e-12,-0.167546746519275,0.012844964658854,4.04888560179284e-08,4.756396665417384e-11
19,21,-0.17825787708407287,0.012892795980758707,-2.028244239227206e-11,-0.178257895143771,0.012892796133234,1.805969812584962e-08,1.524752928083739e-10
19,22,-0.1675797459075589,0.012861449933931976,4.927613872496295e-12,-0.167579739204983,0.0128614500000837,6.7025758831995574e-09,6.615172472301811e-11
19,23,-0.12939139614726666,0.01281069482797714,3.090860900556436e-12,-0.129391386208159,0.0128106949543079,9.939107675771552e-09,1.2633076008905508e-10
19,24,-0.14070442274118125,0.012802618428829878,-9.947598300641403e-14,-0.140704402345374,0.0128026186252388,2.039580723756096e-08,1.964089221123677e-10
19,25,-0.15587292910675282,0.012899270733402768,-7.993605777301127e-13,-0.155872935746844,0.0128992709425919,6.6400911713504485e-09,2.091891312949734e-10
19,26,-0.1480621518752267,0.012825984497592792,-1.673328142715036e-12,-0.14806221379683,0.0128259845991953,6.192160328932772e-08,1.01602507657228e-10
19,27,-0.16268707078605518,0.012852652454893632,-2.319566760888847e-11,-0.162687053313429,0.0128526526812479,1.747262617923795e-08,2.2635426692729776e-10
19,28,-0.16614347412870267,0.01291077308579401,-9.116263299802085e-12,-0.166143422772466,0.0129107731652549,5.1356236679955813e-08,7.946089099208908e-11
19,29,-0.17999115190508672,0.01293008288443122,-1.0892620139202336e-11,-0.179991178979313,0.0129300829499102,2.707422627756806e-08,6.547897987707607e-11
19,30,-0.19169767759700307,0.012888936641207662,1.9806378759312793e-11,-0.191697675023674,0.0128889368275027,2.573329077604214e-09,1.862950384234896e-10
19,31,-0.15045128192009638,0.012864722208095593,1.2876810728812416e-11,-0.15045127867397,0.0128647222935711,3.246126367706381e-09,8.547550688076111e-11
19,32,-0.18862945019998653,0.012879577406857565,-3.8831160509289475e-11,-0.188629452455009,0.0128795774254433,2.255022474306756e-09,1.8585735381271284e-11
19,33,-0.1453572922898136,0.012820336295177806,-5.1016968427575193e-11,-0.145357162030987,0.0128203365529988,1.3025882658612709e-07,2.5782099372095857e-10
19,34,-0.1654346356613793,0.01285019518384223,-3.383249236321717e-11,-0.165434640448242,0.0128501954203395,4.7868626840141815e-09,2.364972696844436e-10
19,35,-0.1380051895683933,0.01283085901690837,-2.5274005110986764e-11,-0.138005227815775,0.0128308590779715,3.8247381706213446e-08,6.106313024667465e-11
19,36,-0.14341775085501546,0.012898991862603612,-4.2305714487156365e-11,-0.143417719023011,0.0128989920424386,3.1832004449006135e-08,1.7983498717955015e-10
19,37,-0.15874132044015737,0.012861904670218267,-1.1269207789155189e-11,-0.158741277870145,0.0128619047208421,4.2570012376286215e-08,5.0623833250385e-11
19,38,-0.1736419903495696,0.012841588411243299,2.454214609315386e-11,-0.173642002308721,0.0128415885814655,1.1959151419160818e-08,1.7022220091811313e-10
19,39,-0.1620122721447513,0.012855641880582818,-7.958078640513122e-12,-0.162012294449515,0.0128556421143443,2.2304763702685193e-08,2.33761482393291e-10
19,40,-0.15992042647977053,0.012838710342528153,-3.519318170219776e-11,-0.159920437203658,0.0128387105432047,1.0723887472474658e-08,2.0067654656064082e-10
19,41,-0.1677093113146306,0.012895839114283707,-1.5354828519775765e-11,-0.167709333044127,0.0128958394164944,2.1729496396671877e-08,3.02210693969851e-10
19,42,-0.16465062032110492,0.012869777108946523,-5.6623150612722384e-11,-0.164650645918992,0.0128697772453632,2.5597887087780435e-08,1.364166765660535e-10
19,43,-0.14858647954765555,0.01288420666300168,2.6361135496699717e-12,-0.148586510263633,0.0128842068473066,3.0715977455963994e-08,1.843049202837621e-10
19,44,-0.16407193688984725,0.012868356762114766,-1.2754242106893798e-12,-0.164071942276748,0.012868356819134,5.3869007587969975e-09,5.7019233085098264e-11
19,45,-0.1614890290999938,0.012864502729399653,-2.98072677651362e-11,-0.161489015048522,0.0128645029326937,1.4051471791676207e-08,2.0329404652741356e-10
19,46,-0.16234578568325028,0.012860186230734006,1.369215851809713e-11,-0.162345779857084,0.0128601862954209,5.826166271649669e-09,6.46868947296042e-11
19,47,-0.16975517486301167,0.01287476220038216,1.3777423646388343e-11,-0.169755199915934,0.0128747624122906,2.505292232002354e-08,2.1190844044782775e-10
19,48,-0.16452517647061551,0.01279430722277768,5.083222731627757e-11,-0.164525154653123,0.0127943073186373,2.1817492507070213e-08,9.585962058855646e-11
19,49,-0.15521454613910007,0.01288166428315238,1.5930368135741446e-11,-0.155214537855243,0.0128816644189685,8.283857072521883e-09,1.3581612050284075e-10
20,0,-0.1365155805115705,0.012704049625731533,-1.1432632618380012e-11,-0.136515585498233,0.0127040497963177,4.98666249959534e-09,1.7058616672005478e-10
20,1,-0.13925948736723853,0.012680204644570177,4.845901457883883e-12,-0.139259495602032,0.0126802047281235,8.234793458239409e-09,8.355332224707634e-11
20,2,-0.12373687389338445,0.012700129333206824,-2.5996094166202965e-11,-0.123736846374045,0.0127001294763542,2.7519339446113733e-08,1.431473758972679e-10
20,3,-0.13432484872274475,0.012723657686465264,1.5262457964126952e-11,-0.134324862422682,0.0127236577180699,1.3699937240208016e-08,3.1604635575277484e-11
20,4,-0.10922213338460417,0.012732064948307078,3.275602011854062e-12,-0.109222134076791,0.012732065052845,6.921868356268845e-10,1.0453792172182563e-10
20,5,-0.0918046143345452,0.012695848768231906,-2.5124791136477143e-11,-0.0918045499471826,0.0126958488545418,6.438736260827582e-08,8.630989326019467e-11
20,6,-0.10997942478249596,0.012769940288012508,-3.389288849575678e-11,-0.109979429718643,0.01276994038245,4.936147032785776e-09,9.443749081350372e-11
20,7,-0.13352885903464232,0.012717210801083194,-5.440625727715087e-11,-0.133528833284746,0.0127172108858818,2.5749896326310306e-08,8.479860563737063e-11
20,8,-0.11666562963430299,0.012739289881366918,-7.010214631009148e-11,-0.116665611850614,0.0127392900490342,1.7783688993633362e-08,1.6766728283545973e-10
20,9,-0.1143175163229251,0.01275096367656546,5.8122395785176195e-11,-0.114317505039966,0.0127509638650968,1.1282959094804923e-08,1.8853133984531034e-10
20,10,-0.09751600026861833,0.012690255774334962,-9.887912710837554e-11,-0.0975160195953624,0.0126902558532716,1.9326744066239243e-08,7.893663847569066e-11
20,11,-0.12047287812262959,0.012737890795012823,2.4272139853565022e-11,-0.120472884246313,0.012737890916365,6.123683407577296e-09,1.2135217657138764e-10
20,12,-0.12649772298590578,0.012700852901934723,3.822719918389339e-12,-0.126497738238148,0.0127008530050691,1.5252242219210288e-08,1.0313437603937103e-10
20,13,-0.1169535221576582,0.012749997147882778,4.0387249100604095e-11,-0.116953539664939,0.0127499972572178,1.750728080562869e-08,1.0933502193888334e-10
20,14,-0.12123139767084806,0.012729222697850123,5.5493387662863825e-12,-0.121231395755005,0.0127292227098582,1.9158430675236815e-09,1.2008076824554514e-11
20,15,-0.13220584230612106,0.012747293541622583,-7.119638212316204e-12,-0.132205839825424,0.0127472936402325,2.4806970644331017e-09,9.860991710686218e-11
20,16,-0.11115984063338537,0.012715270218135325,-4.479971948967432e-12,-0.111159834662583,0.0127152703074832,5.970802366417338e-09,8.93478745850329e-11
20,17,-0.1159114157810545,0.012701518697307122,-2.7711166694643907e-12,-0.115911413065216,0.0127015188533047,2.7158384985348505e-09,1.559975777026823e-10
20,18,-0.11762930744003598,0.012690227886152074,2.859223968698643e-11,-0.117629309205912,0.0126902279721905,1.7658760148586694e-09,8.603842638343906e-11
20,19,-0.10810829909641123,0.012660088276002391,-2.4783730623312294e-11,-0.108108291434759,0.0126600883353181,7.66165222931825e-09,5.931570859485369e-11
20,20,-0.11201826156313648,0.012668166033285006,-4.714451051768265e-11,-0.112018282420953,0.0126681661733744,2.085781652949592e-08,1.4008939321075164e-10
20,21,-0.0915523453780083,0.01277850468425118,1.06368247543287e-11,-0.0915523567378441,0.0127785046943239,1.135983580813349e-08,1.0072720435516658e-11
20,22,-0.12543021918787017,0.012692989852534274,1.5347723092418164e-12,-0.125430212277805,0.0126929898494625,6.910065186715997e-09,3.071773738150263e-12
20,23,-0.11618042482414151,0.012736960025709206,2.2666313270747196e-12,-0.11618043824305,0.0127369600806546,1.3418908484386094e-08,5.494539372097318e-11
20,24,-0.12995509882956158,0.01271619853555616,-3.75841580080305e-11,-0.12995510292112,0.0127161986217175,4.091558425400876e-09,8.61613402153294e-11
20,25,-0.12168303604549681,0.012776914224696281,7.744915819785092e-13,-0.121683060575585,0.0127769143183697,2.45300881968058e-08,9.36734197154454e-11
20,26,-0.10518952388457292,0.012697247378235865,-3.795008751694695e-11,-0.105189512911171,0.0126972474936391,1.0973401923242143e-08,1.1540323557879262e-10
20,27,-0.12176796882649264,0.012704207475102692,-4.850164714298444e-11,-0.121767957077102,0.0127042075367808,1.174939064096936e-08,6.167810880086666e-11
20,28,-0.11942399673751064,0.012772561672262959,-2.737010618147906e-11,-0.119423987835348,0.0127725618023748,8.902162645929579e-09,1.3011184143985055e-10
20,29,-0.08141496782095703,0.012710853567669742,3.441158469286165e-11,-0.0814149937585513,0.0127108535927181,2.593759426683384e-08,2.504835748540213e-11
20,30,-0.12830123551682107,0.012760686750355838,8.149925179168349e-12,-0.128301208996251,0.0127606867404727,2.6520570073351735e-08,9.88313771099758e-12
20,31,-0.12561534792216028,0.012728878547195852,1.5546675058430992e-11,-0.125615340752308,0.0127288786319733,7.16985226745237e-09,8.477744894985761e-11
20,32,-0.11697086006454527,0.012779586191741854,-3.4646063795662485e-11,-0.116970622053677,0.0127795842688325,2.38010868264249e-07,1.922909354315494e-09
20,33,-0.10401515479869693,0.012730284449865377,2.241407059955236e-11,-0.104015148536959,0.0127302844604891,6.261737919843746e-09,1.0623722387914647e-11
20,34,-0.10927732153312457,0.01270737065587164,1.3869794202037156e-11,-0.109277307050017,0.0127073707638024,1.4483107574347898e-08,1.0793075981563316e-10
20,35,-0.11714651612632644,0.012715879542237444,-4.739320047519868e-11,-0.117146526195291,0.0127158797769119,1.0068964564902139e-08,2.346744569503567e-10
20,36,-0.1264605310469549,0.012675077725049751,4.6284753807412926e-11,-0.126460511488648,0.0126750777603555,1.9558306890710142e-08,3.530574964327737e-11
20,37,-0.1132020030786426,0.012715987133056321,3.7971403799019754e-11,-0.113202036157631,0.0127159871729033,3.307898839566281e-08,3.9846979882351974e-11
20,38,-0.09983181813831496,0.012712852162359086,-3.8838265936647076e-11,-0.0998318096195038,0.01271285223602,8.518811156488226e-09,7.366091417382314e-11
20,39,-0.12018293607100836,0.012717459541124748,1.9952040020143613e-11,-0.120182908406253,0.0127174596407342,2.76647553615339e-08,9.960945263065568e-11
20,40,-0.1166599708950797,0.012723087650993175,8.952838470577262e-13,-0.116659927365642,0.0127230877112504,4.352943770713491e-08,6.025722455726967e-11
20,41,-0.09515083503199474,0.012656528737210286,-2.6410873488202924e-11,-0.0951508468003619,0.0126565287957891,1.176836715577334e-08,5.857881367477002e-11
20,42,-0.132643289962744,0.01272970606652255,3.780087354243733e-11,-0.132643296000625,0.0127297061865354,6.0378810007311046e-09,1.200128503520137e-10
20,43,-0.09912091550005758,0.012638391065002263,7.666756118851481e-12,-0.0991209269787289,0.0126383911742875,1.1478671319009592e-08,1.0928523710984628e-10
20,44,-0.1243569706906298,0.012716470121004353,4.7421622184629086e-11,-0.124356959805868,0.0127164702733549,1.0884761800222797e-08,1.5235054710849294e-10
20,45,-0.15014157238028147,0.012775637786574092,3.979039320256561e-13,-0.150141559605249,0.012775637816124,1.2775032476319836e-08,2.9549907659687236e-11
20,46,-0.12775137689240756,0.012718885308858464,8.917311333789257e-13,-0.12775138327437,0.0127188854754475,6.381962430745958e-09,1.6658903596866725e-10
20,47,-0.10151504329555523,0.01270956965994569,-8.284928298962768e-12,-0.101515013798778,0.0127095697205457,2.949677722907662e-08,6.060000938556964e-11
20,48,-0.10455076914046194,0.01274602720090603,-5.562128535530064e-11,-0.104550762893122,0.0127460272909925,6.247339937037744e-09,9.008646953412303e-11
20,49,-0.11090818585003401,0.012655831763188592,6.210143510543276e-12,-0.11090818543102,0.012655831852912,4.190140040494228e-10,8.972340925783584e-11
21,0,-0.27169981107602514,0.013055292432474769,1.3699263945454732e-11,-0.271699805906469,0.0130552925350949,5.169556116513263e-09,1.0262013114270552e-10
21,1,-0.2526082333738335,0.0130481666020369,-4.646949491871055e-12,-0.252608222374284,0.0130481667275385,1.0999549493462268e-08,1.2550160043145464e-10
21,2,-0.25645026226183276,0.012956822348924237,8.611777957412414e-12,-0.256450233962196,0.0129568224223603,2.829963674511049e-08,7.343606278631398e-11
21,3,-0.2616675391304361,0.013064962302810746,2.1934454252914293e-11,-0.261667548746585,0.0130649622703217,9.616148877178432e-09,3.248904617558779e-11
21,4,-0.26341976173417425,0.013079185632051191,-9.805489753489383e-12,-0.263419737384555,0.0130791856769154,2.4349619265340294e-08,4.486420956961723e-11
21,5,-0.292176919758304,0.013070202659112814,-1.9632295789051568e-11,-0.292176917766335,0.0130702028319598,1.9919690341652085e-09,1.728469849887615e-10
21,6,-0.2560964878876516,0.013070642850904875,4.654054919228656e-12,-0.256096473725614,0.0130706429068016,1.4162037598186572e-08,5.589672474881624e-11
21,7,-0.2908718796863623,0.013074060019057995,-1.5631940186722204e-11,-0.290871880552811,0.0130740600845282,8.664486905729518e-10,6.547020564573458e-11
21,8,-0.2690292850906696,0.013014518097942563,-3.495870259939693e-12,-0.269029224097715,0.0130145177765118,6.099295457584475e-08,3.214307622151358e-10
21,9,-0.26577119090230183,0.013005862532123892,-3.986144747614162e-12,-0.26577118405174,0.0130058624654997,6.850561840021641e-09,6.662419227421168e-11
21,10,-0.2660062831092536,0.013108296340927852,9.890754881780595e-12,-0.26600629632083,0.0131082965165202,1.3211576388449942e-08,1.7559234795350154e-10
21,11,-0.28517952791998447,0.013016286876065873,3.1732838579046074e-11,-0.285179534253085,0.0130162869726404,6.333100543987058e-09,9.657452788858212e-11
21,12,-0.2768576831019233,0.01305855068727894,-3.346656285430072e-12,-0.276857661357737,0.0130585506909598,2.174418634037778e-08,3.680859436694384e-12
21,13,-0.2707262108935683,0.013078681685133516,-2.937383669632254e-11,-0.270726208371189,0.0130786817502881,2.522379305425204e-09,6.515458485234493e-11
21,14,-0.2563299438547482,0.013032288887363186,7.389644451905042e-12,-0.256329948279748,0.0130322889964806,4.424999755503478e-09,1.0911741475660985e-10
21,15,-0.26131678185980944,0.013080148368118646,-1.7465140444983263e-11,-0.261316779148577,0.0130801484936569,2.711232460761437e-09,1.2553825340377855e-10
21,16,-0.2743203442899181,0.013071029511712939,1.1738165994756855e-11,-0.274320325100788,0.0130710295127435,1.918913006271339e-08,1.0305610531613496e-12
21,17,-0.25632683078158686,0.013049658190290917,1.007549599307822e-11,-0.256326815716613,0.0130496583382533,1.5064973879486132e-08,1.479623836647681e-10
21,18,-0.2777258502913093,0.013056327959553278,-1.7337242752546445e-11,-0.277725839468931,0.013056328007194,1.0822378326835747e-08,4.764072122909191e-11
21,19,-0.2804369365269285,0.013027380742415698,6.130562724138144e-11,-0.280436906361716,0.0130273808089172,3.016521255005955e-08,6.650150222164974e-11
21,20,-0.28478621603926074,0.013031373079223113,-1.304556462855544e-11,-0.284786191744658,0.013031372674015,2.4294602718466507e-08,4.0520811359079367e-10
21,21,-0.26761425785988086,0.013008052822958175,-4.5631054490513634e-11,-0.267614241854142,0.0130080529803692,1.6005738845414896e-08,1.5741102518673777e-10
21,22,-0.2866910640525546,0.013097487467476293,2.5437429940211587e-12,-0.28669108829827,0.0130974876204659,2.4245715379844768e-08,1.5298960709397846e-10
21,23,-0.2858697369380385,0.012994095189153915,-5.5990767577895895e-12,-0.285869729824446,0.0129940952074903,7.113592548346759e-09,1.8336384494110902e-11
21,24,-0.26776407087123794,0.01298656349073199,-9.15179043659009e-12,-0.267764111995615,0.0129865636751124,4.1124377070378415e-08,1.843804102452662e-10
21,25,-0.2687238620349277,0.013037443890755876,-1.4196643860486802e-11,-0.268723860064703,0.0130374440324805,1.9702247056052613e-09,1.4172462335648728e-10
21,26,-0.29364781620083424,0.01303687001997643,-8.08597633294994e-12,-0.293647817798968,0.0130368701523297,1.5981337364578962e-09,1.3235327070426628e-10
21,27,-0.27682118699528746,0.013080129074287336,-4.6270542952697724e-11,-0.276821176495612,0.0130801292316292,1.0499675462405378e-08,1.5734186349647405e-10
21,28,-0.26390105895941335,0.013053054645501551,-1.2221335055073723e-12,-0.26390102157614,0.013053054691349,3.7383273365776404e-08,4.584744910107741e-11
21,29,-0.26967550273179575,0.013094948270690293,6.224354365258478e-12,-0.269675485835461,0.0130949483488039,1.689633472023999e-08,7.811360586140736e-11
21,30,-0.26527380165694653,0.013066130701555267,2.729905190790305e-11,-0.265273790081105,0.0130661308798154,1.1575841507571738e-08,1.7826013234967242e-10
21,31,-0.2654837750007479,0.013071275802686497,5.030642569181509e-12,-0.265483753376033,0.0130712758485282,2.162471485211981e-08,4.58417019622015e-11
21,32,-0.2902071433514564,0.013036408465377384,3.220890221200534e-11,-0.290207126073678,0.0130364085656447,1.7277778430191404e-08,1.002673170186208e-10
21,33,-0.2632920105282968,0.013013400828884043,-1.8559376258053817e-11,-0.263292017264025,0.0130134008925075,6.735728197426738e-09,6.362345719712614e-11
21,34,-0.2764190360719931,0.013035256924223334,1.2221335055073723e-11,-0.276419046499011,0.0130352570027364,1.0427017915759507e-08,7.851306584039097e-11
21,35,-0.27017193673759027,0.013044900352724499,2.83648660115432e-11,-0.270171920449492,0.0130449004500913,1.6288098259042982e-08,9.736680038618939e-11
21,36,-0.2821154889524435,0.013046749816691842,4.909850304102292e-12,-0.282115476193923,0.0130467499857518,1.2758520462341494e-08,1.6905995700589038e-10
21,37,-0.26739065379454785,0.013066989771690291,9.00968188943807e-12,-0.267390645061042,0.0130669898042161,8.733505862945634e-09,3.252580843549069e-11
21,38,-0.26627003172064473,0.01310247624439695,5.60334001420415e-11,-0.266269994547535,0.0131024762904671,3.7173109701527096e-08,4.607014943147636e-11
21,39,-0.2836686025500138,0.013090101108994051,-3.014122285094345e-11,-0.283668551371914,0.0130901008884235,5.11780998135869e-08,2.2057055140689563e-10
21,40,-0.2651333555272729,0.0130456691086448,-2.8776980798284058e-11,-0.265133328584524,0.0130456690522121,2.6942748920788517e-08,5.643270052646532e-11
21,41,-0.27874634966680617,0.013089773597689381,2.994227088493062e-11,-0.278746363504825,0.01308977370603,1.3838018841916266e-08,1.0834061946185525e-10
21,42,-0.26682382149796796,0.013038896328325748,-3.460343123151688e-11,-0.26682380386168,0.0130388965644831,1.7636287985567378e-08,2.3615735235404944e-10
21,43,-0.24049365412402088,0.013000734763333256,-1.0338396805309458e-11,-0.2404936662956,0.013000734789298,1.2171579133468668e-08,2.5964744243545113e-11
21,44,-0.2568671301145887,0.01310443040038806,1.7891466086439323e-11,-0.256867073325505,0.0131044305357868,5.678908371331559e-08,1.353987408303503e-10
21,45,-0.2646905573883997,0.0129593475284294,-4.625633209798252e-11,-0.264690572399328,0.0129593473743846,1.501092827815853e-08,1.5404480122049868e-10
21,46,-0.24969129843273083,0.013082630281532368,-4.1730174871190684e-11,-0.249691321448882,0.0130826303164547,2.3016151179389155e-08,3.49223323869996e-11
21,47,-0.26158522226648384,0.013062321441755594,1.8474111129762605e-12,-0.261585219290648,0.0130623214389849,2.975835855512088e-09,2.7706933969362524e-12
21,48,-0.27086157381280884,0.01304004982424894,1.646327518756152e-11,-0.270861569249901,0.0130400498424593,4.56290782935298e-09,1.821036030302814e-11
21,49,-0.2472668488396715,0.013006731630428963,-4.973799150320701e-12,-0.24726685290951,0.013006731676938,4.069838493991895e-09,4.650903620562197e-11
22,0,-0.18058780814314038,0.012839019430301338,-5.229594535194337e-12,-0.180587792806928,0.0128390196046167,1.5336212383365577e-08,1.7431536249168378e-10
22,1,-0.18898457756006604,0.012944513104261916,3.943512183468556e-11,-0.188984472098885,0.0129445139882872,1.054611810380468e-07,8.840252835318196e-10
22,2,-0.18147708922651928,0.01286686959720083,-3.197442310920451e-11,-0.181477054996633,0.0128668696305743,3.422988628654089e-08,3.33734706536859e-11
22,3,-0.1724656056992337,0.012881173893321173,-1.035971308738226e-11,-0.172465600322417,0.0128811739788191,5.376816686331054e-09,8.549792644696463e-11
22,4,-0.18063735664166752,0.012801803504698837,3.6408209780347534e-11,-0.180637380269061,0.0128018037376149,2.362739348615861e-08,2.329160631725502e-10
22,5,-0.15562612382539315,0.012838164055583542,9.947598300641403e-13,-0.15562611727862,0.0128381641063384,6.54677315137242e-09,5.0754858649249e-11
22,6,-0.17763873151125684,0.012850092428728211,-7.582912076031789e-11,-0.177638631399027,0.01285009189334,1.0011222983941082e-07,5.353882111952535e-10
22,7,-0.17324340326634086,0.012877081069538226,-7.176481631177012e-13,-0.173243410686718,0.0128770812190694,7.4203771460723544e-09,1.4953117390137383e-10
22,8,-0.13655888924409232,0.012784141323574583,3.822009375653579e-11,-0.136558874052947,0.0127841413876964,1.5191145313897536e-08,6.412181723092214e-11
22,9,-0.18450378076731563,0.012877304641492022,-2.5536905923218e-11,-0.184503777835329,0.0128773046433033,2.9319866257093707e-09,1.8112785576951396e-12
22,10,-0.15998976671174198,0.0128798688187339,-2.049205249932129e-11,-0.15998972959311,0.012879868865944,3.7118631973642735e-08,4.721010041230933e-11
22,11,-0.1506515085066912,0.012831928169754276,-3.05107050735387e-11,-0.150651381428367,0.0128319288209138,1.2707832419689424e-07,6.511595238706258e-10
22,12,-0.17433408574367373,0.012886119163795357,2.5579538487363607e-12,-0.174334119533006,0.0128861192101981,3.3789332276601414e-08,4.6402742759354965e-11
22,13,-0.1715997357714348,0.01289226996671275,-1.503508428868372e-11,-0.171599717603848,0.0128922700625403,1.8167586796069557e-08,9.582755075565608e-11
22,14,-0.1481636951904324,0.012833084124219105,3.1249669518729206e-11,-0.148163689850571,0.0128330841215596,5.3398614141553224e-09,2.659504561020043e-12
22,15,-0.17976836550906106,0.01285644823976127,-8.554934538551606e-12,-0.179768363410278,0.0128564483469989,2.098783064008458e-09,1.0723763023412491e-10
22,16,-0.15597027587492887,0.012775340170532074,-3.554134764272021e-11,-0.155970266720973,0.0127753401009577,9.15395587108847e-09,6.95743740397603e-11
22,17,-0.1748832910510743,0.012825704736772157,-6.338041202980094e-12,-0.174883299972026,0.0128257048813182,8.920951699575852e-09,1.4454604180258457e-10
22,18,-0.1824306308933448,0.01283483618000189,-6.281197784119286e-11,-0.182430647120079,0.0128348362893396,1.622673420631493e-08,1.0933770902554762e-10
22,19,-0.1638375685740561,0.012845529823530811,1.679723027336877e-11,-0.163837570858865,0.012845529838876,2.284808897634605e-09,1.5345188661419762e-11
22,20,-0.15556072171871763,0.01289313534757837,-3.2812863537401427e-11,-0.155560727358698,0.0128931354356808,5.639980371618947e-09,8.810242986545536e-11
22,21,-0.19178256303275543,0.012899512625338288,1.0999201549566351e-11,-0.191782468930494,0.0128995127599421,9.41022614275866e-08,1.3460381247110131e-10
22,22,-0.17067965993832454,0.012889172573672615,-4.7620574150641914e-11,-0.170679679265971,0.0128891726815293,1.932764645551366e-08,1.0785668538848547e-10
22,23,-0.18669179276198702,0.012874717600434415,1.7479351299698465e-11,-0.186691790960638,0.0128747175487008,1.8013490143964361e-09,5.1733615655247256e-11
22,24,-0.171087070954554,0.012836707550386243,4.203570824756753e-11,-0.171087063981763,0.0128367076955061,6.972791011250479e-09,1.4511985710341513e-10
22,25,-0.18081044346103017,0.012831914588622028,1.2647660696529783e-11,-0.180810401106599,0.0128319148355782,4.235443118449922e-08,2.4695617252545876e-10
22,26,-0.15928022227331476,0.012887273434225896,-1.1610268302320037e-11,-0.159280223606002,0.012887273456784,1.332687238342345e-09,2.2558104689762715e-11
22,27,-0.16955390696316242,0.012895844560613991,-1.6726175999792758e-11,-0.169553896042897,0.0128958446780218,1.0920265414160468e-08,1.1740780916924543e-10
22,28,-0.14846414990268458,0.012798382310907807,-1.553246420371579e-11,-0.148464160227723,0.0127983824945441,1.0325038407588139e-08,1.8363629367135204e-10
22,29,-0.1540231397171918,0.012807357123135283,-6.033928912074771e-11,-0.154023127140334,0.012807357331342,1.2576857805202124e-08,2.082067174918878e-10
22,30,-0.1764723067910395,0.01290080263528212,3.083755473198835e-12,-0.176472294497968,0.0129008028361511,1.2293071505187214e-08,2.0086897943583093e-10
22,31,-0.18128354800200472,0.01288723752776525,-1.8957280190079473e-11,-0.181283539187173,0.0128872375740622,8.814831725656447e-09,4.629695064817252e-11
22,32,-0.15291535311557303,0.012844122923979266,2.1955770534987096e-11,-0.152915337452721,0.0128441230059435,1.566285201537454e-08,8.196423401107822e-11
22,33,-0.1856434992625225,0.012883778375687473,-4.779110440722434e-11,-0.18564350196429,0.0128837783972689,2.7017675041651756e-09,2.1581427617212157e-11
22,34,-0.18521599187642673,0.012882263552593344,3.630873379734112e-11,-0.185215987391275,0.0128822636570034,4.485151722244396e-09,1.0441005525441138e-10
22,35,-0.17032549506113207,0.012833980923120833,1.4210854715202004e-12,-0.170325568009268,0.012833981490495,7.294813594849181e-08,5.673741667461263e-10
22,36,-0.15238931787571627,0.01286650507582768,-4.354916427473654e-11,-0.152389336247735,0.0128665050698057,1.8372018739665208e-08,6.021979789827547e-12
22,37,-0.1873578503355072,0.012826444376606691,-3.711164708875003e-11,-0.187357843036428,0.0128264444110672,7.299079202160996e-09,3.4460509099054626e-11
22,38,-0.16805033215832987,0.012912616560131637,2.0477841644606087e-11,-0.168050299243482,0.0129126169112401,3.291484787504295e-08,3.5110846348385127e-10
22,39,-0.1656694152003458,0.012951299566730301,-1.5873524716880638e-11,-0.16566939699685,0.0129512995566813,1.8203495821822457e-08,1.0049001561429627e-11
22,40,-0.16923252667574987,0.012875548917043105,-3.205968823749572e-11,-0.169232524268202,0.0128755489182228,2.4075478555207752e-09,1.1796952303910757e-12
22,41,-0.1859794854528726,0.012835768871587412,-4.263256414560601e-13,-0.185979478820441,0.0128357688952515,6.6324316039256814e-09,2.3664088050212584e-11
22,42,-0.17679859949356114,0.012881381457196209,4.3726799958676565e-11,-0.176798591742484,0.0128813816415516,7.751077141238127e-09,1.8435539206329565e-10
22,43,-0.18814279665812694,0.012833910548639844,3.242917046009097e-11,-0.18814277869428,0.0128339106983037,1.7963846937751882e-08,1.496638559611574e-10
22,44,-0.16788380775152928,0.012877674472959639,-2.0179413695586845e-12,-0.167883813189863,0.0128776745104714,5.4383337277919e-09,3.7511761058484083e-11
22,45,-0.18810292642938753,0.012916786106056571,2.404476617812179e-11,-0.188102932414457,0.0129167861564164,5.985069467806525e-09,5.035982915402304e-11
22,46,-0.17850295466821212,0.012935671804563814,-2.2254198484006338e-11,-0.178502958655154,0.0129356719922544,3.986941887745843e-09,1.8769058529599647e-10
22,47,-0.19382010000455205,0.012840557462675636,2.5124791136477143e-11,-0.193820050915417,0.0128405575188405,4.908913503465229e-08,5.616486442594493e-11
22,48,-0.1801195486527839,0.012900407136616769,2.1316282072803006e-13,-0.180119550402759,0.012900407185591,1.749975109266444e-09,4.8974230920650896e-11
22,49,-0.15614014878891194,0.012818133691288742,3.809930149145657e-11,-0.156140191401472,0.0128181337201567,4.261256006388159e-08,2.886795837098166e-11
23,0,-0.35069034601951654,0.01323481727066233,-3.367972567502875e-11,-0.350690319064057,0.013234817450449,2.6955459531130543e-08,1.7978666992657377e-10
23,1,-0.29661691785415595,0.01315788996693432,2.6503244043851737e-11,-0.296616883872276,0.0131578900251634,3.398187992109669e-08,5.822907954422529e-11
23,2,-0.31129188331937674,0.01318108047157478,3.257127900724299e-11,-0.311291884615133,0.0131810806610996,1.2957562800508526e-09,1.895248194494492e-10
23,3,-0.298820464868709,0.013221182354011318,-2.603428583825007e-11,-0.298820486416912,0.0132211823624177,2.1548202999710497e-08,8.406381493686332e-12
23,4,-0.3219709375178638,0.013204229440449817,-6.764366844436154e-12,-0.32197093682062,0.013204229519203,6.972438182373253e-10,7.875318279448873e-11
23,5,-0.32813179234728956,0.013153302567790988,-5.7056581681536045e-11,-0.328131816543043,0.0131533027870837,2.4195753456357494e-08,2.192927124611277e-10
23,6,-0.3132890480788998,0.013153156379858111,6.647837835771497e-11,-0.313289034937811,0.0131531565309544,1.31410887727057e-08,1.5109628825893395e-10
23,7,-0.3233051724930072,0.013311078031133529,-7.204903340607416e-12,-0.323305175617238,0.0133110780704449,3.1242307629852917e-09,3.93113718660798e-11
23,8,-0.30205399467287053,0.01321488195535553,-3.845457285933662e-11,-0.302054029174541,0.0132148820391403,3.450167046503694e-08,8.378476905324117e-11
23,9,-0.36562587571834065,0.01329081888537316,-4.817479748453479e-12,-0.365625880394843,0.0132908189915205,4.6765023520300986e-09,1.0614734091696221e-10
23,10,-0.3318195856185776,0.013259793017353066,1.1439738045737613e-11,-0.331819582742847,0.0132597930926248,2.8757305980953163e-09,7.527173502552831e-11
23,11,-0.30584071886184594,0.013199724103284953,-1.602984411874786e-11,-0.305840716641173,0.0131997241145207,2.2206729233253952e-09,1.1235746708027072e-11
23,12,-0.32549989185960243,0.013168432767540521,2.0691004465334117e-11,-0.325499894337381,0.0131684328424,2.477778593412694e-09,7.485947799146242e-11
23,13,-0.3149327175744974,0.013124625507972908,-1.6655121726216748e-11,-0.31493268918291,0.0131246255963763,2.839158741441139e-08,8.8403392245473e-11
23,14,-0.3179589201887089,0.013170083776677057,-2.3952395622472977e-11,-0.317958869601854,0.0131700837833732,5.058685492720372e-08,6.696143639572938e-12
23,15,-0.3172591411425041,0.013156906649856462,2.2993162929196842e-11,-0.317259154135245,0.0131569066360635,1.299274093868874e-08,1.3792961564562667e-11
23,16,-0.34552818120846635,0.013214622424675623,1.432454155292362e-11,-0.345528170826657,0.01321462255496,1.0381809356641014e-08,1.302843770367712e-10
23,17,-0.310061599584391,0.013196655157339145,-2.3874235921539366e-12,-0.310061589973124,0.0131966551925168,9.61126700449455e-09,3.5177654192364294e-11
23,18,-0.319609880756544,0.013167381821440605,-4.803268893738277e-12,-0.319609875447542,0.013167381824338,5.309002015785325e-09,2.8973941301746464e-12
23,19,-0.3105885322639806,0.013145675225431867,-2.6204816094832495e-11,-0.310588531150613,0.0131456752470709,1.1133675648089536e-09,2.163903257967892e-11
23,20,-0.30268330725655335,0.013167383483957984,-1.2633449841814581e-11,-0.302683303861683,0.0131673836422769,3.394870329298527e-09,1.5831891526929542e-10
23,21,-0.31793679930181995,0.013249074509785653,-1.0160761121369433e-11,-0.317936789785837,0.0132490745131842,9.515982946073365e-09,3.398547068766966e-12
23,22,-0.32604830377617694,0.01320891248620658,-1.4559020655724453e-11,-0.326048297564946,0.0132089127223777,6.211230918484745e-09,2.3617112085427827e-10
23,23,-0.3296746613040365,0.013171634209441594,2.509636942704674e-11,-0.329674620899845,0.0131716341029325,4.040419149253793e-08,1.0650909321174851e-10
23,24,-0.30517790163151703,0.013139539559635916,-8.65441052155802e-12,-0.305177901433654,0.0131395396338186,1.978630592702757e-10,7.418268430092745e-11
23,25,-0.3393206410545447,0.013245242269409712,-2.404476617812179e-11,-0.33932063608998,0.0132452423918169,4.964564703779928e-09,1.224071868172194e-10
23,26,-0.31068310434334206,0.013286605994379148,-4.9183768169314135e-11,-0.310683118194931,0.0132866061750826,1.3851588931412806e-08,1.8070345220166928e-10
23,27,-0.3183055434186062,0.013163351242145406,1.1453948900452815e-11,-0.318305542947388,0.0131633514336526,4.712181755905931e-10,1.9150719378357994e-10
23,28,-0.32182210790508126,0.013182863910147726,4.375522166810697e-11,-0.321822126370122,0.0131828639052033,1.846504071867372e-08,4.944425077701986e-12
23,29,-0.30914481497783614,0.013187696323215656,9.663381206337363e-12,-0.309144792975739,0.0131876963693026,2.2002097144202537e-08,4.608694328944729e-11
23,30,-0.3452401758017993,0.013153963020803383,1.816147232602816e-11,-0.345240150913306,0.0131539630765023,2.488849326631737e-08,5.5698917700297557e-11
23,31,-0.33816839832124146,0.013208568908918698,2.4101609596982598e-11,-0.338168379072998,0.0132085688908273,1.9248243443570345e-08,1.8091398171216078e-11
23,32,-0.32462196988390807,0.01323190767098238,-8.327560863108374e-12,-0.324621972060723,0.0132319077609393,2.176814950516359e-09,8.995692038493708e-11
23,33,-0.3083312807872583,0.01319844983901386,6.258460416574962e-11,-0.308331280144086,0.0131984498992524,6.431722932020989e-10,6.023853985070993e-11
23,34,-0.3490809473429027,0.013194595535206344,-2.8748559088853654e-11,-0.349080959682217,0.0131945956334325,1.2339314292564296e-08,9.822615637533616e-11
23,35,-0.32669350039648176,0.013168892543885298,-2.6219026949547697e-12,-0.326693491380669,0.013168892613789,9.015812763024655e-09,6.990370261805712e-11
23,36,-0.3169107296266193,0.013165642050472479,-3.695532768688281e-11,-0.316910685143656,0.0131656421537518,4.448296331283075e-08,1.0327932085940628e-10
23,37,-0.3059329127337984,0.013281392613181503,2.7000623958883807e-13,-0.305932852632088,0.0132813926058111,6.010171038628442e-08,7.370402899109507e-12
23,38,-0.3464912938294695,0.013233585360340657,1.3912426766182762e-11,-0.346491304851168,0.0132335855011675,1.1021698498314692e-08,1.4082684324234762e-10
23,39,-0.3496872544747249,0.01325805534427888,1.1510792319313623e-11,-0.349687246054802,0.0132580554973507,8.419922870039898e-09,1.5307182084367543e-10
23,40,-0.3193539113727963,0.013247986668485303,8.327560863108374e-12,-0.319353912426351,0.0132479867416557,1.0535547434464831e-09,7.317039682486204e-11
23,41,-0.3141069573071509,0.013190670307205445,5.172751116333529e-12,-0.314106945344157,0.0131906704543347,1.196299387329347e-08,1.4712925495985463e-10
23,42,-0.2998019849551195,0.01311688385300958,2.6290081223123707e-11,-0.299801961458981,0.0131168840150903,2.3496138479295325e-08,1.6208071863810236e-10
23,43,-0.31942465882088605,0.013207789207160437,-2.665956344571896e-11,-0.31942464169211,0.013207789304747,1.7128776064190276e-08,9.758656209502004e-11
23,44,-0.30422469068880054,0.013164755942668842,4.231992534187157e-11,-0.304224680647162,0.0131647561332673,1.004163852069695e-08,1.9059845715596602e-10
23,45,-0.3330126050362169,0.01322736489790013,-2.489741746103391e-11,-0.333012617659363,0.0132273649793401,1.2623146139478791e-08,8.143997108633894e-11
23,46,-0.3133121307014852,0.013187846993311311,1.7621459846850485e-12,-0.313312109743376,0.0131878471149977,2.09581092480704e-08,1.2168638839626933e-10
23,47,-0.3142709312747801,0.013208488556280333,-1.993782916542841e-11,-0.314270958707445,0.0132084886412474,2.7432664861937184e-08,8.496706636884621e-11
23,48,-0.32095194044428343,0.013228069594417998,3.927880243281834e-11,-0.320951929949114,0.0132280696840616,1.0495169455726483e-08,8.964360156960005e-11
23,49,-0.3164166960361858,0.01319924244693238,2.3490542844228912e-11,-0.316416706466113,0.0131992424504518,1.0429927199684386e-08,3.519420865849554e-12
