combo,se,sp,uhr,eff,n,dataset_id,beta_py,se_py,beta_r,se_r,abs_beta_diff,abs_se_diff
0,1.0,1.0,1.0,1.0,5000,0,0.0156075380168767,0.0396242247554029,0.0156075380168764,0.0395055044230678,3.0010716134398763e-16,0.00011872033233509965
0,1.0,1.0,1.0,1.0,5000,1,0.0046134364102274,0.0398354246764656,0.0046134364102222,0.0399117513626385,5.199833619240479e-15,7.632668617289784e-05
0,1.0,1.0,1.0,1.0,5000,2,0.0115734300559695,0.0403133271551641,0.0115734300559692,0.0402164266336824,3.0010716134398763e-16,9.690052148170203e-05
0,1.0,1.0,1.0,1.0,5000,3,0.0677898501138455,0.0400281375949708,0.0677898501132373,0.0398598877489137,6.082079284652764e-13,0.00016824984605710164
0,1.0,1.0,1.0,1.0,5000,4,0.1156216712765319,0.0402693708345031,0.115621671093677,0.0399408552789945,1.8285489788993914e-10,0.0003285155555085989
0,1.0,1.0,1.0,1.0,5000,5,-0.0051696585253926,0.0398980574260149,-0.0051696585253926,0.039984616838314,0.0,8.655941229910452e-05
0,1.0,1.0,1.0,1.0,5000,6,0.0145654502836245,0.0398183456506211,0.0145654502836212,0.0399747473980538,3.299444051307887e-15,0.00015640174743270646
0,1.0,1.0,1.0,1.0,5000,7,-0.021818464019422,0.0403921814049561,-0.0218184640194202,0.0405706843350182,1.8006429680639258e-15,0.00017850293006210077
0,1.0,1.0,1.0,1.0,5000,8,-0.0091461114748188,0.0398755435220967,-0.0091461114748151,0.0398942342685807,3.7001651742585295e-15,1.8690746484001375e-05
0,1.0,1.0,1.0,1.0,5000,9,-0.0577697998014631,0.0402059083913944,-0.0577697998013777,0.0400098879023328,8.540390616929017e-14,0.00019602048906160185
0,1.0,1.0,1.0,1.0,5000,10,0.0052048412456323,0.0399772442229092,0.0052048412456327,0.0400134567561186,3.9985376121265404e-16,3.621253320940099e-05
0,1.0,1.0,1.0,1.0,5000,11,0.0295427753527943,0.03931393106322,0.029542775352788,0.0395190260148147,6.300515664747763e-15,0.00020509495159469482
0,1.0,1.0,1.0,1.0,5000,12,0.0211867489071946,0.0401501331483603,0.0211867489071985,0.040060186196111,3.899658373995862e-15,8.994695224930072e-05
0,1.0,1.0,1.0,1.0,5000,13,0.0216780833929513,0.0396468641536676,0.0216780833929455,0.0394562830074985,5.800915303666443e-15,0.00019058114616910676
0,1.0,1.0,1.0,1.0,5000,14,0.0539406414295896,0.0397628074841808,0.0539408115353869,0.0396502560912347,1.701057973022002e-07,0.00011255139294609473
0,1.0,1.0,1.0,1.0,5000,15,-0.028423210412037,0.0396497975588876,-0.0284232104120257,0.0395532843701762,1.1299988722512921e-14,9.651318871140013e-05
0,1.0,1.0,1.0,1.0,5000,16,0.0575214129275432,0.0394978353040906,0.0575214129250684,0.0394956059674066,2.4748050830858404e-12,2.22933668399955e-06
0,1.0,1.0,1.0,1.0,5000,17,-0.011413218514294,0.0398126840604496,-0.0114132185142988,0.0396976057057292,4.799979858027825e-15,0.00011507835472039651
0,1.0,1.0,1.0,1.0,5000,18,0.009899491915504,0.0399060605953128,0.0098994919152719,0.0400886815044964,2.3210079691526886e-13,0.00018262090918359786
0,1.0,1.0,1.0,1.0,5000,19,0.0434885444006287,0.0399832997607418,0.0434885443941292,0.0399493479415355,6.499502325230111e-12,3.39518192063043e-05
0,1.0,1.0,1.0,1.0,5000,20,0.0247450686418914,0.0399191619265261,0.0247450686418898,0.0399277535503161,1.5994150448506161e-15,8.591623790001057e-06
0,1.0,1.0,1.0,1.0,5000,21,0.0458462673280922,0.0398034053934977,0.0458464237980324,0.0398221374655233,1.5646994019902216e-07,1.8732072025601232e-05
0,1.0,1.0,1.0,1.0,5000,22,-0.010355187987419,0.0399582782786356,-0.0103555218711796,0.0397504892746547,3.3388376059935443e-07,0.00020778900398089883
0,1.0,1.0,1.0,1.0,5000,23,-0.0375401745808615,0.0398847760583904,-0.0375401745807922,0.0398332447125251,6.929873341832149e-14,5.153134586530217e-05
0,1.0,1.0,1.0,1.0,5000,24,0.0735667425828815,0.0396024230307819,0.0735671970037288,0.0394729933958121,4.5442084729840904e-07,0.0001294296349697993
0,1.0,1.0,1.0,1.0,5000,25,-0.0296406345024117,0.0396705693932769,-0.0296406345024002,0.0394616554168108,1.1501216645726231e-14,0.0002089139764661005
0,1.0,1.0,1.0,1.0,5000,26,-0.0239172306699797,0.0394321911897364,-0.0239172306702915,0.0394143705603093,3.117991975720713e-13,1.7820629427095502e-05
0,1.0,1.0,1.0,1.0,5000,27,-0.0102163070306254,0.0400658443538069,-0.0102163070306216,0.0397350612062371,3.800779135865184e-15,0.0003307831475697978
0,1.0,1.0,1.0,1.0,5000,28,-0.0589073141662617,0.0404419897813669,-0.0589063991227272,0.0406402693725128,9.1504353449956e-07,0.00019827959114589871
0,1.0,1.0,1.0,1.0,5000,29,6.217451704201983e-06,0.0399271501243358,6.21745149327908e-06,0.0398092456081442,2.1092290308538826e-13,0.00011790451619159842
0,1.0,1.0,1.0,1.0,5000,30,-0.0104202574134365,0.040126845774429,-0.0104202574134361,0.0401119243662996,4.0072112295064244e-16,1.4921408129399405e-05
0,1.0,1.0,1.0,1.0,5000,31,-0.0570418215344219,0.0398156703910386,-0.0570418215334628,0.0396162941220756,9.59100854291961e-13,0.00019937626896299881
0,1.0,1.0,1.0,1.0,5000,32,-0.0266180532385676,0.0404196114404071,-0.0266184262194862,0.0405489270627662,3.7298091860177296e-07,0.00012931562235909966
0,1.0,1.0,1.0,1.0,5000,33,-0.0560789294979845,0.0393229497208685,-0.0560789294975287,0.0394932577935358,4.55802062759858e-13,0.0001703080726673037
0,1.0,1.0,1.0,1.0,5000,34,-0.000519263956749,0.0394471477400765,-0.0005192639567489,0.0393961641827928,9.996344030316351e-17,5.0983557283702796e-05
0,1.0,1.0,1.0,1.0,5000,35,-0.0517659101484798,0.0401572713292195,-0.0517659101480675,0.0398970908847608,4.123021368762636e-13,0.00026018044445869776
0,1.0,1.0,1.0,1.0,5000,36,-0.0648916937861786,0.0397117201142395,-0.0648916937853544,0.0397161275414361,8.241879401182928e-13,4.40742719660242e-06
0,1.0,1.0,1.0,1.0,5000,37,-0.034582022922815,0.0399358821390513,-0.0345820229227768,0.040017413626124,3.819861094100929e-14,8.153148707270436e-05
0,1.0,1.0,1.0,1.0,5000,38,-0.0365670875385343,0.0400522990354128,-0.036567087538524,0.0401903532565762,1.0297318553398327e-14,0.0001380542211634056
0,1.0,1.0,1.0,1.0,5000,39,-0.0194864114883203,0.039803638400424,-0.0194858716020692,0.0398975985645562,5.398862511010738e-07,9.396016413219799e-05
0,1.0,1.0,1.0,1.0,5000,40,0.0067677700206792,0.0397107577103416,0.0067677700206771,0.0398119290291397,2.099882767669925e-15,0.0001011713187981031
0,1.0,1.0,1.0,1.0,5000,41,0.0697364511578973,0.0397230675378124,0.0697364511525618,0.0396959684936844,5.3354959339557695e-12,2.7099044128002514e-05
0,1.0,1.0,1.0,1.0,5000,42,0.0734798210474228,0.0397271786532875,0.0734800486442836,0.0399913218490558,2.275968608023149e-07,0.0002641431957682988
0,1.0,1.0,1.0,1.0,5000,43,0.0090883844311869,0.0404488459360259,0.0090883844311987,0.0404047282412635,1.1799589083594242e-14,4.4117694762396686e-05
0,1.0,1.0,1.0,1.0,5000,44,-0.0283046684820005,0.0400744457749153,-0.0283046684813622,0.0400055156966394,6.382984418795701e-13,6.893007827590142e-05
0,1.0,1.0,1.0,1.0,5000,45,0.0199533648591865,0.0394855312597266,0.019953364859044,0.0394481657137401,1.425005946575908e-13,3.736554598649661e-05
0,1.0,1.0,1.0,1.0,5000,46,0.0499792170031211,0.0399181345869901,0.0499792170026193,0.0395991468781668,5.01799990448859e-13,0.00031898770882330535
0,1.0,1.0,1.0,1.0,5000,47,0.0340140226660255,0.0391378781381336,0.0340140226652545,0.0388984609338957,7.7099437945094e-13,0.00023941720423790308
0,1.0,1.0,1.0,1.0,5000,48,0.1362924815906064,0.0396799921878352,0.136293073527297,0.0397691704404191,5.919366906081969e-07,8.917825258389356e-05
0,1.0,1.0,1.0,1.0,5000,49,0.0050362970416177,0.0401212819723618,0.0050362970416249,0.0403779317207607,7.199969787041738e-15,0.00025664974839890303
1,1.0,1.0,1.0,0.85,5000,0,-0.1383999991274591,0.0411206056653254,-0.138399998860479,0.0409183311897928,2.669801046906173e-10,0.0002022744755326017
1,1.0,1.0,1.0,0.85,5000,1,-0.1454710971303392,0.041206990716364,-0.145471097130339,0.0411555372461749,1.942890293094024e-16,5.1453470189102846e-05
1,1.0,1.0,1.0,0.85,5000,2,-0.130749265323824,0.0406041307602076,-0.130749265248396,0.0406042607703405,7.542799718152082e-11,1.3001013290242502e-07
1,1.0,1.0,1.0,0.85,5000,3,-0.1963450581647972,0.040648600738919,-0.196345058164798,0.0405973085613536,8.049116928532385e-16,5.1292177565401276e-05
1,1.0,1.0,1.0,0.85,5000,4,-0.2085508939822066,0.0404189762328109,-0.208550893982207,0.0403928916191984,3.885780586188048e-16,2.6084613612496754e-05
1,1.0,1.0,1.0,0.85,5000,5,-0.2051007189615457,0.0407899174948074,-0.205100718961546,0.0406524651827241,3.0531133177191805e-16,0.0001374523120832999
1,1.0,1.0,1.0,0.85,5000,6,-0.1700579514811006,0.0407145916502672,-0.170057951481101,0.0406347734666668,4.163336342344337e-16,7.98181836004011e-05
1,1.0,1.0,1.0,0.85,5000,7,-0.1532767814470633,0.0411971272027508,-0.153276891290626,0.0410849805903266,1.0984356269005957e-07,0.0001121466124242021
1,1.0,1.0,1.0,0.85,5000,8,-0.1240983808198371,0.0405308324080477,-0.124098380575981,0.0404669769566599,2.4385610197796836e-10,6.385545138780369e-05
1,1.0,1.0,1.0,0.85,5000,9,-0.1332964640729222,0.0404029076216538,-0.133296464072922,0.0404427143497446,1.942890293094024e-16,3.9806728090799326e-05
1,1.0,1.0,1.0,0.85,5000,10,-0.1722789584729799,0.0403482863028561,-0.17227895847298,0.040108129049278,1.1102230246251565e-16,0.00024015725357810075
1,1.0,1.0,1.0,0.85,5000,11,-0.1368349996695631,0.040790574926501,-0.136834999552652,0.040776156518442,1.169111196741568e-10,1.4418408058998466e-05
1,1.0,1.0,1.0,0.85,5000,12,-0.238041949160467,0.0412656951164134,-0.238042245833236,0.0412374136852665,2.9667276899014716e-07,2.828143114690096e-05
1,1.0,1.0,1.0,0.85,5000,13,-0.1640193538631955,0.0404867868019443,-0.164019353138929,0.0404790258218604,7.242664801232479e-10,7.760980083898472e-06
1,1.0,1.0,1.0,0.85,5000,14,-0.1570326298609164,0.0408376019400889,-0.157032629176342,0.0408173916696716,6.845743971695128e-10,2.0210270417299336e-05
1,1.0,1.0,1.0,0.85,5000,15,-0.2062497233906879,0.0404850767040244,-0.206249518696366,0.0406643604870208,2.0469432188141568e-07,0.0001792837829963992
1,1.0,1.0,1.0,0.85,5000,16,-0.199301912742908,0.040560947913332,-0.199302281233963,0.040598977424503,3.6849105500280643e-07,3.8029511170996344e-05
1,1.0,1.0,1.0,0.85,5000,17,-0.2268616098913842,0.0411286097151531,-0.226861609891385,0.0413444733433745,8.049116928532385e-16,0.00021586362822140215
1,1.0,1.0,1.0,0.85,5000,18,-0.1029142148402083,0.0409731016582957,-0.102914798417769,0.0408492124346108,5.835775607060389e-07,0.00012388922368489902
1,1.0,1.0,1.0,0.85,5000,19,-0.1488305317554377,0.0405500051426442,-0.148830531672462,0.0405163285783931,8.297570963655687e-11,3.367656425110055e-05
1,1.0,1.0,1.0,0.85,5000,20,-0.2343618814041705,0.040810059317555,-0.234361881404171,0.0407833384708412,4.996003610813204e-16,2.672084671379721e-05
1,1.0,1.0,1.0,0.85,5000,21,-0.2294955213506193,0.0412928374695516,-0.229495521350619,0.041230671771862,3.0531133177191805e-16,6.216569768959651e-05
1,1.0,1.0,1.0,0.85,5000,22,-0.0997029600394056,0.0404608303154746,-0.0997029272494876,0.040404121443579,3.2789918003039986e-08,5.670887189559992e-05
1,1.0,1.0,1.0,0.85,5000,23,-0.1507391928962328,0.0410771467774873,-0.150739192728189,0.041237267575881,1.6804380109647354e-10,0.00016012079839369808
1,1.0,1.0,1.0,0.85,5000,24,-0.1893551944396155,0.0408302895677189,-0.189355193518454,0.0406519345166768,9.211614804272017e-10,0.0001783550510420992
1,1.0,1.0,1.0,0.85,5000,25,-0.129780208816596,0.0405939255225784,-0.129780208630508,0.040493829296123,1.8608800611552567e-10,0.00010009622645539701
1,1.0,1.0,1.0,0.85,5000,26,-0.1323992301348916,0.0415544043652353,-0.13239922998032,0.0415371596102072,1.5457160551513027e-10,1.7244755028102132e-05
1,1.0,1.0,1.0,0.85,5000,27,-0.193127073518974,0.0404523170525591,-0.193127073315788,0.0405859004507982,2.03186023561841e-10,0.00013358339823910104
1,1.0,1.0,1.0,0.85,5000,28,-0.169894169333537,0.0412418040604299,-0.169894169215095,0.0411054517109191,1.184419784472368e-10,0.0001363523495107946
1,1.0,1.0,1.0,0.85,5000,29,-0.1198682772976173,0.04111969930185,-0.119868277192297,0.0412106921327043,1.0532030803034331e-10,9.09928308543001e-05
1,1.0,1.0,1.0,0.85,5000,30,-0.1844217478215936,0.0409447857097149,-0.184421746702576,0.0410866007375469,1.1190176008035735e-09,0.00014181502783199712
1,1.0,1.0,1.0,0.85,5000,31,-0.0954303239492535,0.0411871868030277,-0.0954303239418791,0.0413414582119605,7.374406640892062e-12,0.00015427140893280178
1,1.0,1.0,1.0,0.85,5000,32,-0.2263701221070338,0.0407987249635702,-0.226370122107034,0.0408062048649695,1.942890293094024e-16,7.4799013993001595e-06
1,1.0,1.0,1.0,0.85,5000,33,-0.1038229859713688,0.0402286140402139,-0.103822985923629,0.0401883236235682,4.773979822569885e-11,4.029041664569549e-05
1,1.0,1.0,1.0,0.85,5000,34,-0.1853875554687954,0.040599329125785,-0.185387555468795,0.0406935281300822,3.885780586188048e-16,9.419900429720462e-05
1,1.0,1.0,1.0,0.85,5000,35,-0.171710757600549,0.0402556861272726,-0.171710651309878,0.0402367365151904,1.0629067098699707e-07,1.894961208220164e-05
1,1.0,1.0,1.0,0.85,5000,36,-0.1231262931180646,0.0405715505899129,-0.123126292838406,0.04019950655079,2.7965860183165603e-10,0.0003720440391229013
1,1.0,1.0,1.0,0.85,5000,37,-0.1708136074110598,0.0405616886784118,-0.170813607386729,0.0405268277698897,2.4330815140416462e-11,3.48609085220955e-05
1,1.0,1.0,1.0,0.85,5000,38,-0.181268798753399,0.0409741264621698,-0.181268898276626,0.040935570135793,9.952322702067029e-08,3.8556326376802674e-05
1,1.0,1.0,1.0,0.85,5000,39,-0.1895752627091263,0.0409245596302488,-0.189575262709126,0.0409103157967406,3.0531133177191805e-16,1.4243833508197079e-05
1,1.0,1.0,1.0,0.85,5000,40,-0.1117393789925909,0.0408424980933813,-0.11173915524653,0.0409197288866875,2.2374606090114213e-07,7.723079330619609e-05
1,1.0,1.0,1.0,0.85,5000,41,-0.221265639092319,0.0407491070574798,-0.221265639092319,0.0408597452888341,0.0,0.00011063823135430001
1,1.0,1.0,1.0,0.85,5000,42,-0.1876302641168051,0.0402733285648128,-0.187630272866089,0.0405278596293843,8.749283880726821e-09,0.0002545310645715032
1,1.0,1.0,1.0,0.85,5000,43,-0.1569852176241313,0.0405792242287639,-0.156985217201293,0.0404943391860647,4.2283831991341003e-10,8.488504269919817e-05
1,1.0,1.0,1.0,0.85,5000,44,-0.1428116803175471,0.0399725687026633,-0.142811680229945,0.0399734570084021,8.760209224689675e-11,8.883057387998328e-07
1,1.0,1.0,1.0,0.85,5000,45,-0.1092533928799721,0.0404924925535903,-0.109253392876013,0.0407641258940695,3.959096939176732e-12,0.0002716333404792007
1,1.0,1.0,1.0,0.85,5000,46,-0.1330879956580184,0.0406206201193074,-0.133088214371438,0.0409423746748721,2.187134195974494e-07,0.0003217545555646989
1,1.0,1.0,1.0,0.85,5000,47,-0.1305547346320739,0.0407785962727133,-0.130554734231949,0.0404624528798629,4.001249054308431e-10,0.00031614339285039594
1,1.0,1.0,1.0,0.85,5000,48,-0.1685687514610756,0.0409631946271581,-0.168568751461076,0.0409351731534644,3.885780586188048e-16,2.802147369369845e-05
1,1.0,1.0,1.0,0.85,5000,49,-0.204052970821169,0.0406007091593213,-0.204052970821169,0.0405593719717098,0.0,4.133718761149818e-05
2,1.0,1.0,0.5,1.0,5000,0,-0.0826255865013152,0.0402431726414988,-0.0826255864910196,0.0401673824666033,1.0295597707710158e-11,7.579017489550005e-05
2,1.0,1.0,0.5,1.0,5000,1,-0.158674863631708,0.0400106835728714,-0.158674863631708,0.0400293174977313,0.0,1.8633924859901008e-05
2,1.0,1.0,0.5,1.0,5000,2,-0.1592989595388096,0.0394286950558844,-0.15929895953881,0.039507845760429,3.885780586188048e-16,7.915070454459633e-05
2,1.0,1.0,0.5,1.0,5000,3,-0.1184353163920206,0.03971867314382,-0.118435316392021,0.0399121182066763,4.0245584642661925e-16,0.00019344506285629698
2,1.0,1.0,0.5,1.0,5000,4,-0.0982861336081778,0.0401307362552427,-0.0982861360548629,0.0401160106096167,2.446685104517954e-09,1.4725645626004202e-05
2,1.0,1.0,0.5,1.0,5000,5,-0.059615452654653,0.0397149760656617,-0.0596154526842727,0.0395928267752682,2.9619702524019687e-11,0.00012214929039349592
2,1.0,1.0,0.5,1.0,5000,6,-0.0751973698823427,0.0395335261882902,-0.0751979583522476,0.0396754614629757,5.884699049024666e-07,0.00014193527468549932
2,1.0,1.0,0.5,1.0,5000,7,-0.1051709830937406,0.0403938212828861,-0.105170986325808,0.0403415631835828,3.2320674053787357e-09,5.2258099303301164e-05
2,1.0,1.0,0.5,1.0,5000,8,-0.130037702433412,0.0404202487251437,-0.130037702433412,0.0403550407120358,0.0,6.520801310790081e-05
2,1.0,1.0,0.5,1.0,5000,9,-0.0871981219581611,0.0398630382416803,-0.08719812228578,0.0399338137907213,3.2761890422783324e-10,7.077554904100225e-05
2,1.0,1.0,0.5,1.0,5000,10,-0.062630244788736,0.0400111056403188,-0.0626302447918376,0.0399061125056408,3.101602308319684e-12,0.00010499313467800253
2,1.0,1.0,0.5,1.0,5000,11,-0.0888215377379388,0.0401018553843384,-0.0888215377538253,0.0400893559630152,1.5886500448480945e-11,1.2499421323197701e-05
2,1.0,1.0,0.5,1.0,5000,12,-0.1388829497248765,0.0397377784052482,-0.138882949724876,0.0395611116760385,4.996003610813204e-16,0.0001766667292096985
2,1.0,1.0,0.5,1.0,5000,13,-0.0776710322496829,0.0403981634813675,-0.0776710322558339,0.040550341837222,6.1509963789063704e-12,0.00015217835585449452
2,1.0,1.0,0.5,1.0,5000,14,-0.0978751274122922,0.0400390886600495,-0.0978751273738629,0.0400884792253385,3.842930140773859e-11,4.939056528899949e-05
2,1.0,1.0,0.5,1.0,5000,15,-0.0385022721665703,0.0399647902507778,-0.038502272168526,0.0395806071561322,1.9556994912406367e-12,0.00038418309464560013
2,1.0,1.0,0.5,1.0,5000,16,-0.0997657694438535,0.0406170868930896,-0.0997657697419508,0.0406027432504014,2.980972968469331e-10,1.4343642688201264e-05
2,1.0,1.0,0.5,1.0,5000,17,-0.0954913035045753,0.0401379168403155,-0.0954913034743737,0.0401896188784808,3.020159122790744e-11,5.1702038165298e-05
2,1.0,1.0,0.5,1.0,5000,18,-0.1975119053408183,0.0403440858089309,-0.197511905340818,0.0407061094335488,3.0531133177191805e-16,0.0003620236246178951
2,1.0,1.0,0.5,1.0,5000,19,-0.1020019855542225,0.0402091878781296,-0.102001985554223,0.0402344401113378,4.996003610813204e-16,2.5252233208206132e-05
2,1.0,1.0,0.5,1.0,5000,20,-0.0934590962326009,0.0402248150401516,-0.0934590962112389,0.0402775317793356,2.1361995505841946e-11,5.2716739183999994e-05
2,1.0,1.0,0.5,1.0,5000,21,-0.0984551233093451,0.0405294123145821,-0.0984551232648946,0.0407020442681221,4.4450498837278474e-11,0.00017263195354000338
2,1.0,1.0,0.5,1.0,5000,22,-0.0617283349430295,0.0397407306437613,-0.0617283349899563,0.0396575612038684,4.692680272144756e-11,8.316943989290088e-05
2,1.0,1.0,0.5,1.0,5000,23,-0.1233275031513842,0.0400600552228272,-0.123327502884056,0.0401700578483256,2.673282012422007e-10,0.00011000262549840101
2,1.0,1.0,0.5,1.0,5000,24,-0.126324653626846,0.0405411707209674,-0.126324653626846,0.0405243738908066,0.0,1.679683016080069e-05
2,1.0,1.0,0.5,1.0,5000,25,-0.124120618298304,0.0405513715463193,-0.124120618298304,0.0405633167902176,0.0,1.1945243898303648e-05
2,1.0,1.0,0.5,1.0,5000,26,-0.1634223077603014,0.040283486477443,-0.163422000562207,0.0401837721694111,3.0719809440693524e-07,9.971430803189935e-05
2,1.0,1.0,0.5,1.0,5000,27,-0.1564163717978693,0.0403859854244731,-0.156416371797869,0.0404548894580643,3.0531133177191805e-16,6.890403359120084e-05
2,1.0,1.0,0.5,1.0,5000,28,-0.114768039318145,0.0403019932476388,-0.114768039144572,0.0403308260928828,1.735730031926508e-10,2.883284524399926e-05
2,1.0,1.0,0.5,1.0,5000,29,-0.1128164152587977,0.0398242314356392,-0.112816415258798,0.0398123445760602,3.0531133177191805e-16,1.1886859579000875e-05
2,1.0,1.0,0.5,1.0,5000,30,-0.1934418004271955,0.0398060635004911,-0.193441800427195,0.0394034515315194,4.996003610813204e-16,0.0004026119689717056
2,1.0,1.0,0.5,1.0,5000,31,-0.1040576504002538,0.0404856874193342,-0.104057650316782,0.0407804824665937,8.347179891732281e-11,0.00029479504725950234
2,1.0,1.0,0.5,1.0,5000,32,-0.1221023270919536,0.0398848612828345,-0.122102327191846,0.0395917001516914,9.989239990737531e-11,0.0002931611311430965
2,1.0,1.0,0.5,1.0,5000,33,-0.1331592445384612,0.0404939383680861,-0.133159244538461,0.040327809322054,1.942890293094024e-16,0.0001661290460321027
2,1.0,1.0,0.5,1.0,5000,34,-0.1386043255936353,0.0403442544488268,-0.138604330820718,0.0400975962264167,5.2270826833566986e-09,0.00024665822241010105
2,1.0,1.0,0.5,1.0,5000,35,-0.1526254529925828,0.040302211955865,-0.152625692843389,0.0401447228459233,2.398508062162463e-07,0.00015748910994170529
2,1.0,1.0,0.5,1.0,5000,36,-0.1395751182438151,0.0399527809001292,-0.139575118243815,0.0400203683636815,1.1102230246251565e-16,6.758746355230161e-05
2,1.0,1.0,0.5,1.0,5000,37,-0.0435585643074718,0.0404210431337278,-0.0435583844957517,0.0406518720264268,1.798117200968452e-07,0.00023082889269899348
2,1.0,1.0,0.5,1.0,5000,38,-0.0804014202689345,0.0398435049648977,-0.0804014202709378,0.0398521658988675,2.0033003034214403e-12,8.660933969804885e-06
2,1.0,1.0,0.5,1.0,5000,39,-0.1066801454599989,0.040333985618481,-0.106680145476622,0.0402099189787553,1.6623091791956313e-11,0.0001240666397256951
2,1.0,1.0,0.5,1.0,5000,40,-0.1468629792116243,0.0401034245507051,-0.146862979211624,0.0402158079890446,3.0531133177191805e-16,0.0001123834383395042
2,1.0,1.0,0.5,1.0,5000,41,-0.1567978195495078,0.039876002744935,-0.156797819549508,0.0398372750935597,1.942890293094024e-16,3.872765137530321e-05
2,1.0,1.0,0.5,1.0,5000,42,-0.0743008479058755,0.0397324971156557,-0.0743008479536181,0.0398144930572541,4.774260153883603e-11,8.199594159839785e-05
2,1.0,1.0,0.5,1.0,5000,43,-0.1866211471964234,0.0402444910016068,-0.186621161462813,0.0403009559389457,1.4266389597450413e-08,5.646493733890007e-05
2,1.0,1.0,0.5,1.0,5000,44,-0.0627254031426312,0.0405895652577828,-0.0627250296253742,0.0406977062404112,3.7351725699907856e-07,0.00010814098262839494
2,1.0,1.0,0.5,1.0,5000,45,-0.144908127648663,0.0404585095277381,-0.144908127230785,0.0404257368138745,4.1787800997283853e-10,3.277271386360053e-05
2,1.0,1.0,0.5,1.0,5000,46,-0.1631665313287872,0.0398678190706194,-0.163166531328787,0.0398453839839018,1.942890293094024e-16,2.2435086717599584e-05
2,1.0,1.0,0.5,1.0,5000,47,-0.0880257757244383,0.0400628252896138,-0.0880257757405014,0.0400385818412763,1.6063095298335384e-11,2.424344833749925e-05
2,1.0,1.0,0.5,1.0,5000,48,-0.1540596662319592,0.0402465327890839,-0.154059666231959,0.0402030657123456,2.220446049250313e-16,4.3467076738294697e-05
2,1.0,1.0,0.5,1.0,5000,49,-0.1095782575418401,0.0403208273099828,-0.109578469408849,0.0405930112717731,2.118670088951946e-07,0.0002721839617903024
3,1.0,1.0,0.5,0.85,5000,0,-0.2975894496628339,0.04170260692308,-0.297589475137889,0.0417822512221318,2.5475055120960377e-08,7.964429905180093e-05
3,1.0,1.0,0.5,0.85,5000,1,-0.2127741831270123,0.0416153289401718,-0.212774183127012,0.0414256504083259,3.0531133177191805e-16,0.00018967853184589933
3,1.0,1.0,0.5,0.85,5000,2,-0.2793399050468284,0.0408665004417643,-0.279339912974242,0.0410073209262287,7.92741361443916e-09,0.000140820484464399
3,1.0,1.0,0.5,0.85,5000,3,-0.2709055566781398,0.0408728923636674,-0.270905403517805,0.0408764861783835,1.5316033480372582e-07,3.593814716096322e-06
3,1.0,1.0,0.5,0.85,5000,4,-0.2765317453243855,0.0408417724332482,-0.276532078273204,0.0406022096765579,3.3294881846002156e-07,0.00023956275669029942
3,1.0,1.0,0.5,0.85,5000,5,-0.343321374005632,0.0411773314238329,-0.343321566793423,0.0413028594146012,1.9278779100906362e-07,0.000125527990768301
3,1.0,1.0,0.5,0.85,5000,6,-0.2925340897958853,0.0414507865511877,-0.292533257017266,0.0416341283073672,8.327786192863229e-07,0.00018334175617949755
3,1.0,1.0,0.5,0.85,5000,7,-0.3173270488101763,0.0417642893384667,-0.317327048810173,0.0417278889434386,3.3306690738754696e-15,3.640039502809944e-05
3,1.0,1.0,0.5,0.85,5000,8,-0.305931960715448,0.0415139727860646,-0.305932550115949,0.0415181094655485,5.894005010165237e-07,4.136679483901506e-06
3,1.0,1.0,0.5,0.85,5000,9,-0.2250459336777025,0.0411204921859848,-0.225045933677703,0.0410804842588801,4.996003610813204e-16,4.000792710470019e-05
3,1.0,1.0,0.5,0.85,5000,10,-0.2809817225327414,0.0417629327682616,-0.280981722532742,0.041734086834779,6.106226635438361e-16,2.884593348260328e-05
3,1.0,1.0,0.5,0.85,5000,11,-0.2799536970454871,0.0413606078684745,-0.279953697045487,0.0415256585689735,1.1102230246251565e-16,0.000165050700498999
3,1.0,1.0,0.5,0.85,5000,12,-0.2591701245196881,0.0415406681261228,-0.259170124519688,0.0416468661482575,1.1102230246251565e-16,0.00010619802213469864
3,1.0,1.0,0.5,0.85,5000,13,-0.188774171966597,0.0409124644065772,-0.188774171966597,0.040953143308684,0.0,4.067890210680131e-05
3,1.0,1.0,0.5,0.85,5000,14,-0.2588246697897006,0.0411081092355707,-0.2588246697897,0.0408965887889116,6.106226635438361e-16,0.00021152044665909836
3,1.0,1.0,0.5,0.85,5000,15,-0.2579667857075637,0.041490674573781,-0.257966785707564,0.0413909838426617,2.7755575615628914e-16,9.969073111930349e-05
3,1.0,1.0,0.5,0.85,5000,16,-0.2905120538524096,0.040500996899799,-0.290512053852409,0.0406955643347782,5.551115123125783e-16,0.0001945674349792051
3,1.0,1.0,0.5,0.85,5000,17,-0.1592079545785107,0.0409170760851589,-0.15920795457851,0.0410791174532078,6.938893903907228e-16,0.0001620413680489055
3,1.0,1.0,0.5,0.85,5000,18,-0.3695614543861468,0.0414741575036794,-0.369561454386144,0.0412477538060574,2.7755575615628914e-15,0.00022640369762200185
3,1.0,1.0,0.5,0.85,5000,19,-0.3217708683503681,0.0419782879157924,-0.321770868350368,0.0420289320685285,1.1102230246251565e-16,5.064415273609707e-05
3,1.0,1.0,0.5,0.85,5000,20,-0.3021975764896324,0.0413363033749079,-0.302197576489632,0.0412384469425473,3.885780586188048e-16,9.785643236059904e-05
3,1.0,1.0,0.5,0.85,5000,21,-0.2908908587584908,0.0409113484837934,-0.290890858758491,0.0411278926503417,2.220446049250313e-16,0.000216544166548302
3,1.0,1.0,0.5,0.85,5000,22,-0.2567079058151228,0.0412089385295418,-0.256707905815123,0.0410387681644915,1.6653345369377348e-16,0.00017017036505029975
3,1.0,1.0,0.5,0.85,5000,23,-0.2522792307057385,0.0410771788021607,-0.252279230705738,0.0412538730666508,4.996003610813204e-16,0.0001766942644901015
3,1.0,1.0,0.5,0.85,5000,24,-0.3085171923750582,0.0410554061674645,-0.308517353216742,0.0411635825246883,1.6084168380503527e-07,0.0001081763572237937
3,1.0,1.0,0.5,0.85,5000,25,-0.2931329568089486,0.0413589357756906,-0.293132956808949,0.0415191559346719,4.440892098500626e-16,0.000160220158981296
3,1.0,1.0,0.5,0.85,5000,26,-0.3189291609877029,0.0417445714021801,-0.3189291609877,0.041874460298151,2.886579864025407e-15,0.0001298888959708963
3,1.0,1.0,0.5,0.85,5000,27,-0.288332511838179,0.041639297378534,-0.288332511838179,0.0415695190924799,0.0,6.977828605410352e-05
3,1.0,1.0,0.5,0.85,5000,28,-0.2805053849851786,0.0413223299187786,-0.280505384985179,0.041261713585588,4.440892098500626e-16,6.061633319059956e-05
3,1.0,1.0,0.5,0.85,5000,29,-0.2252541381818573,0.0408953976214594,-0.225254138181857,0.0408674643778276,3.0531133177191805e-16,2.7933243631796112e-05
3,1.0,1.0,0.5,0.85,5000,30,-0.3283872296912877,0.0410042959252908,-0.32838722969129,0.0410208564596697,2.275957200481571e-15,1.6560534378901037e-05
3,1.0,1.0,0.5,0.85,5000,31,-0.2906643657470387,0.0416841939530712,-0.290664842987478,0.0415446232135744,4.77240439333837e-07,0.00013957073949680265
3,1.0,1.0,0.5,0.85,5000,32,-0.2949139050739202,0.0412617093505799,-0.29491390507392,0.0412575285460885,1.6653345369377348e-16,4.1808044913965725e-06
3,1.0,1.0,0.5,0.85,5000,33,-0.1809820099085886,0.0405269087366684,-0.180982009908589,0.0403527401552497,4.163336342344337e-16,0.00017416858141870023
3,1.0,1.0,0.5,0.85,5000,34,-0.2524518839095709,0.0414751738548854,-0.252451901853803,0.0415556627534838,1.7944232100219892e-08,8.048889859840064e-05
3,1.0,1.0,0.5,0.85,5000,35,-0.255597583470856,0.0413345352132867,-0.255597583470856,0.041184869168023,0.0,0.0001496660452637022
3,1.0,1.0,0.5,0.85,5000,36,-0.2708278392004093,0.0411266333836139,-0.270827839200409,0.0412001865885725,3.3306690738754696e-16,7.355320495860268e-05
3,1.0,1.0,0.5,0.85,5000,37,-0.2320077662885115,0.0413968036432331,-0.232007766288512,0.0416515826579346,4.996003610813204e-16,0.00025477901470150055
3,1.0,1.0,0.5,0.85,5000,38,-0.2488478937463621,0.0414575681175666,-0.248847893746363,0.0414138944828743,9.159339953157541e-16,4.3673634692299734e-05
3,1.0,1.0,0.5,0.85,5000,39,-0.2379280445310506,0.0410519725960127,-0.237928044531051,0.041274315315818,3.885780586188048e-16,0.000222342719805306
3,1.0,1.0,0.5,0.85,5000,40,-0.2374840995043046,0.0408894054656283,-0.237485740706908,0.0409718675705934,1.641202603402947e-06,8.246210496510448e-05
3,1.0,1.0,0.5,0.85,5000,41,-0.2411611404177833,0.0412498085789144,-0.241161140417783,0.0411260330883669,3.0531133177191805e-16,0.00012377549054749803
3,1.0,1.0,0.5,0.85,5000,42,-0.2352315818026883,0.0410761392867105,-0.235231581802688,0.041157563524519,3.0531133177191805e-16,8.142423780849867e-05
3,1.0,1.0,0.5,0.85,5000,43,-0.198800740627659,0.0405684632236889,-0.198800740627659,0.0408344086170784,0.0,0.00026594539338949813
3,1.0,1.0,0.5,0.85,5000,44,-0.2609934310864366,0.0413151640858438,-0.260993431086437,0.0417544025260198,4.440892098500626e-16,0.00043923844017600133
3,1.0,1.0,0.5,0.85,5000,45,-0.2602190155159239,0.0408008120227888,-0.260219222565613,0.0409360403310698,2.0704968906049004e-07,0.00013522830828100602
3,1.0,1.0,0.5,0.85,5000,46,-0.3381188018702326,0.0414522655161664,-0.338118800893477,0.0413487748013983,9.76755565318399e-10,0.00010349071476810356
3,1.0,1.0,0.5,0.85,5000,47,-0.323150370482087,0.041044335519808,-0.323150370482086,0.040967009189267,9.992007221626409e-16,7.732633054100685e-05
3,1.0,1.0,0.5,0.85,5000,48,-0.2041888068453119,0.0412397274699538,-0.204188806845311,0.0413486960896908,9.159339953157541e-16,0.00010896861973699878
3,1.0,1.0,0.5,0.85,5000,49,-0.2561433612801664,0.0418024635304237,-0.256143361280167,0.0418606747516955,6.106226635438361e-16,5.821122127179501e-05
4,1.0,1.0,0.33,1.0,5000,0,-0.1919102603050477,0.0405729509830573,-0.191910260305048,0.0406126881333169,3.0531133177191805e-16,3.9737150259601395e-05
4,1.0,1.0,0.33,1.0,5000,1,-0.1541382459031205,0.0407910856271898,-0.154138058650784,0.0408894962807019,1.8725233649763418e-07,9.841065351209877e-05
4,1.0,1.0,0.33,1.0,5000,2,-0.1413572288474412,0.0409583725672848,-0.141357228847441,0.0409195427568646,1.942890293094024e-16,3.882981042020034e-05
4,1.0,1.0,0.33,1.0,5000,3,-0.1310439068082617,0.0405077017511264,-0.131043906808261,0.0405429303544485,6.938893903907228e-16,3.522860332210581e-05
4,1.0,1.0,0.33,1.0,5000,4,-0.2210970246717769,0.0413406737747358,-0.221097024671777,0.0412505652558106,1.1102230246251565e-16,9.010851892519989e-05
4,1.0,1.0,0.33,1.0,5000,5,-0.1430079620704403,0.0404854390362211,-0.14300796207044,0.0405885835495176,3.0531133177191805e-16,0.00010314451329650198
4,1.0,1.0,0.33,1.0,5000,6,-0.2362715236383464,0.0407444446119499,-0.236271523638347,0.0408087538151846,6.106226635438361e-16,6.430920323469841e-05
4,1.0,1.0,0.33,1.0,5000,7,-0.168397683216934,0.0407015018303727,-0.168397683216934,0.0406578020011825,0.0,4.369982919020382e-05
4,1.0,1.0,0.33,1.0,5000,8,-0.146600139618668,0.0406415371099726,-0.146600139618668,0.0408315874147185,0.0,0.0001900503047458993
4,1.0,1.0,0.33,1.0,5000,9,-0.1640488984676834,0.0401914309876074,-0.164048898467683,0.0402637424419897,3.885780586188048e-16,7.231145438230113e-05
4,1.0,1.0,0.33,1.0,5000,10,-0.1571289282618674,0.0409592082886815,-0.157128928261868,0.0407902670545008,6.106226635438361e-16,0.00016894123418070145
4,1.0,1.0,0.33,1.0,5000,11,-0.2297778423985507,0.0408521690127513,-0.229777986812041,0.0410391784038589,1.444134903050287e-07,0.00018700939110759957
4,1.0,1.0,0.33,1.0,5000,12,-0.1478888592422185,0.039985257660001,-0.147888561150855,0.0400956257682689,2.9809136350977816e-07,0.00011036810826790117
4,1.0,1.0,0.33,1.0,5000,13,-0.188897601219594,0.0409421836747818,-0.188897601219594,0.0410915830676683,0.0,0.00014939939288650256
4,1.0,1.0,0.33,1.0,5000,14,-0.1368030493546808,0.04078180325669,-0.136803049354681,0.0406884603340652,1.942890293094024e-16,9.334292262479921e-05
4,1.0,1.0,0.33,1.0,5000,15,-0.1750405694887221,0.0402857558897297,-0.1750405772724,0.0402656604740837,7.783677896666674e-09,2.009541564600148e-05
4,1.0,1.0,0.33,1.0,5000,16,-0.2308610375274249,0.039869405436355,-0.230861037527425,0.0400030599512981,1.1102230246251565e-16,0.00013365451494310593
4,1.0,1.0,0.33,1.0,5000,17,-0.2506788588943414,0.0412380779776574,-0.250678858971534,0.0411476039634361,7.719264116801128e-11,9.047401422129786e-05
4,1.0,1.0,0.33,1.0,5000,18,-0.2307856995171267,0.0413532460578892,-0.230785699517127,0.0410821611877592,2.7755575615628914e-16,0.00027108487012999366
4,1.0,1.0,0.33,1.0,5000,19,-0.1476210486317193,0.0403002100947748,-0.14762080811647,0.0404615974072801,2.405152493001328e-07,0.00016138731250529836
4,1.0,1.0,0.33,1.0,5000,20,-0.1774734703290796,0.0401247210481847,-0.17747347032908,0.0401710133219945,4.163336342344337e-16,4.629227380979761e-05
4,1.0,1.0,0.33,1.0,5000,21,-0.1371492719373294,0.0404946531748895,-0.137149267768897,0.040712077394586,4.1684324048052446e-09,0.00021742421969650483
4,1.0,1.0,0.33,1.0,5000,22,-0.2356359097509376,0.040597403599723,-0.235635909750937,0.0404687767550188,5.828670879282072e-16,0.00012862684470419522
4,1.0,1.0,0.33,1.0,5000,23,-0.2507972233425404,0.0411059204034498,-0.250797223342541,0.0412195417421771,6.106226635438361e-16,0.0001136213387273044
4,1.0,1.0,0.33,1.0,5000,24,-0.1496593895641187,0.040506061051441,-0.149659389564118,0.0407307124666845,6.938893903907228e-16,0.00022465141524349863
4,1.0,1.0,0.33,1.0,5000,25,-0.2139574034779118,0.0404652037295507,-0.213957403477912,0.0405902671729977,1.942890293094024e-16,0.00012506344344699605
4,1.0,1.0,0.33,1.0,5000,26,-0.2717197389527079,0.0404892525716711,-0.271719738952708,0.0401656822930642,1.1102230246251565e-16,0.00032357027860690363
4,1.0,1.0,0.33,1.0,5000,27,-0.1579196359860151,0.0408288811868013,-0.157919635986014,0.0407907119077076,1.1102230246251565e-15,3.81692790937041e-05
4,1.0,1.0,0.33,1.0,5000,28,-0.1854543124701474,0.0416001780226853,-0.185454312470147,0.0418879168915712,4.163336342344337e-16,0.0002877388688859034
4,1.0,1.0,0.33,1.0,5000,29,-0.1665049588133097,0.0406197127758392,-0.16650495881331,0.0407429613190657,3.0531133177191805e-16,0.00012324854322649792
4,1.0,1.0,0.33,1.0,5000,30,-0.1684825453756216,0.0407586456140047,-0.168482545375622,0.0407675626473808,3.885780586188048e-16,8.91703337610461e-06
4,1.0,1.0,0.33,1.0,5000,31,-0.1056449354195424,0.040773382354727,-0.105644935419543,0.0408342393420809,6.106226635438361e-16,6.085698735389805e-05
4,1.0,1.0,0.33,1.0,5000,32,-0.1852688987095654,0.0405279796923227,-0.185268898709566,0.0404375381614164,6.106226635438361e-16,9.044153090629475e-05
4,1.0,1.0,0.33,1.0,5000,33,-0.1661372178282917,0.0404228290947928,-0.166137217828292,0.0402128488146736,3.0531133177191805e-16,0.00020998028011919717
4,1.0,1.0,0.33,1.0,5000,34,-0.1562377347906765,0.0405841034476811,-0.156237734790676,0.040635795769183,5.273559366969494e-16,5.169232150190051e-05
4,1.0,1.0,0.33,1.0,5000,35,-0.1751395056121664,0.0408601147642669,-0.175139505612166,0.0408601241133134,3.885780586188048e-16,9.34904649529944e-09
4,1.0,1.0,0.33,1.0,5000,36,-0.137894737119971,0.0408782946147036,-0.137894737119971,0.0408130974513259,0.0,6.51971633777032e-05
4,1.0,1.0,0.33,1.0,5000,37,-0.1494301778286447,0.0402005257929152,-0.149430177828645,0.0400560974680203,3.0531133177191805e-16,0.0001444283248948977
4,1.0,1.0,0.33,1.0,5000,38,-0.2141367193467299,0.0405619708923241,-0.21413671934673,0.0408499205273055,1.1102230246251565e-16,0.0002879496349814034
4,1.0,1.0,0.33,1.0,5000,39,-0.196430381756013,0.0401717803561815,-0.196430381756013,0.0404559707192767,0.0,0.00028419036309520335
4,1.0,1.0,0.33,1.0,5000,40,-0.1744961955783129,0.0401881405327406,-0.174496195578313,0.0402956855408886,1.1102230246251565e-16,0.00010754500814800366
4,1.0,1.0,0.33,1.0,5000,41,-0.1312996668680843,0.0407841500888769,-0.131299666868084,0.0407029445063586,3.0531133177191805e-16,8.120558251829835e-05
4,1.0,1.0,0.33,1.0,5000,42,-0.2380858164073001,0.0406702551311993,-0.2380858164073,0.0407597866875106,8.326672684688674e-17,8.953155631130638e-05
4,1.0,1.0,0.33,1.0,5000,43,-0.1199627999053189,0.0405611646004404,-0.119962799905318,0.0406064361950417,9.020562075079397e-16,4.527159460129826e-05
4,1.0,1.0,0.33,1.0,5000,44,-0.1728020695149753,0.0410622782915588,-0.172801822629704,0.0411166531633647,2.468852712822489e-07,5.437487180590117e-05
4,1.0,1.0,0.33,1.0,5000,45,-0.1983606916376491,0.0405496994769448,-0.198360691637649,0.040596870212763,1.1102230246251565e-16,4.7170735818204135e-05
4,1.0,1.0,0.33,1.0,5000,46,-0.0981173429445195,0.0405926773222473,-0.0981173433539439,0.040643871404928,4.0942439716307177e-10,5.1194082680700026e-05
4,1.0,1.0,0.33,1.0,5000,47,-0.1775286263740785,0.040568843481431,-0.177528626374078,0.040691206085608,4.996003610813204e-16,0.00012236260417700096
4,1.0,1.0,0.33,1.0,5000,48,-0.2067755130454939,0.0408209474937625,-0.206775513045494,0.0408540400921302,8.326672684688674e-17,3.3092598367701065e-05
4,1.0,1.0,0.33,1.0,5000,49,-0.1877729229420715,0.040867183431085,-0.187772922942071,0.0407386214990642,4.996003610813204e-16,0.00012856193202080007
5,1.0,1.0,0.33,0.85,5000,0,-0.2671289307189463,0.0418056823626883,-0.267128930718946,0.0414040174968148,2.7755575615628914e-16,0.00040166486587350086
5,1.0,1.0,0.33,0.85,5000,1,-0.3557896003698896,0.0420417156791608,-0.355789600369887,0.0421408227890931,2.609024107869118e-15,9.910710993230043e-05
5,1.0,1.0,0.33,0.85,5000,2,-0.2842516144493152,0.0414013900694944,-0.284251614449315,0.0415238071748677,1.6653345369377348e-16,0.00012241710537330003
5,1.0,1.0,0.33,0.85,5000,3,-0.3152987585556717,0.0417379171646801,-0.315298758555671,0.0418849447795888,6.661338147750939e-16,0.00014702761490869437
5,1.0,1.0,0.33,0.85,5000,4,-0.2761545103176619,0.0417078444438861,-0.276154505903519,0.0416681256938901,4.41414294005682e-09,3.971874999600389e-05
5,1.0,1.0,0.33,0.85,5000,5,-0.2549223861340347,0.0413026983603297,-0.254922386134035,0.0415604048636416,3.3306690738754696e-16,0.00025770650331189554
5,1.0,1.0,0.33,0.85,5000,6,-0.2858967758960155,0.0421121586152018,-0.285896775896015,0.042032849267422,4.996003610813204e-16,7.930934777980458e-05
5,1.0,1.0,0.33,0.85,5000,7,-0.333140562348976,0.0416159382057961,-0.333140562348974,0.041680762171435,1.9984014443252818e-15,6.482396563890075e-05
5,1.0,1.0,0.33,0.85,5000,8,-0.3109910021666238,0.0413829904431993,-0.31099100216662,0.0415938872437183,3.774758283725532e-15,0.0002108968005190004
5,1.0,1.0,0.33,0.85,5000,9,-0.2442716594272243,0.0418983584270693,-0.244271659427224,0.0420610671630222,3.0531133177191805e-16,0.0001627087359529003
5,1.0,1.0,0.33,0.85,5000,10,-0.2468145241346056,0.0408032778295919,-0.246814524134606,0.0408008970572719,3.885780586188048e-16,2.380772320002833e-06
5,1.0,1.0,0.33,0.85,5000,11,-0.3660480189136296,0.0420847134658066,-0.366048018913626,0.0422193999390533,3.608224830031759e-15,0.0001346864732467007
5,1.0,1.0,0.33,0.85,5000,12,-0.3363332369125634,0.0418687722307253,-0.336333249338753,0.0419420164596002,1.2426189632819273e-08,7.324422887489829e-05
5,1.0,1.0,0.33,0.85,5000,13,-0.3048550922127633,0.0412439167993674,-0.304855254428543,0.0414321456324095,1.6221577969766088e-07,0.00018822883304210614
5,1.0,1.0,0.33,0.85,5000,14,-0.3482628497256465,0.0416567977333331,-0.348262849725644,0.041795672909641,2.4980018054066022e-15,0.00013887517630790241
5,1.0,1.0,0.33,0.85,5000,15,-0.3045713872108157,0.0417099832332396,-0.304571387210808,0.0417001640659622,7.716050021144838e-15,9.819167277401453e-06
5,1.0,1.0,0.33,0.85,5000,16,-0.366087831950329,0.04151059856742,-0.366087831950318,0.0416022288087773,1.099120794378905e-14,9.163024135729753e-05
5,1.0,1.0,0.33,0.85,5000,17,-0.2774449012126326,0.0415395826891386,-0.277444901212633,0.0409457563894599,3.885780586188048e-16,0.0005938262996786972
5,1.0,1.0,0.33,0.85,5000,18,-0.3134536547724881,0.0414752390626646,-0.313453654772487,0.0413719272970186,1.1102230246251565e-15,0.00010331176564599975
5,1.0,1.0,0.33,0.85,5000,19,-0.3172305562420126,0.0416067752337172,-0.317230556242012,0.0416942175985905,5.551115123125783e-16,8.744236487330526e-05
5,1.0,1.0,0.33,0.85,5000,20,-0.2465083843032636,0.0414111442925578,-0.246508384303264,0.0415187459578855,3.885780586188048e-16,0.00010760166532770149
5,1.0,1.0,0.33,0.85,5000,21,-0.3383558420634628,0.0412272084912764,-0.338355842063464,0.0417027518255324,1.1657341758564144e-15,0.00047554333425599976
5,1.0,1.0,0.33,0.85,5000,22,-0.3180856398641644,0.0417751089199146,-0.318085639864165,0.0418187649751541,6.106226635438361e-16,4.365605523949656e-05
5,1.0,1.0,0.33,0.85,5000,23,-0.3400192503910015,0.0416129477985875,-0.340019250390998,0.0416868416132573,3.497202527569243e-15,7.389381466980233e-05
5,1.0,1.0,0.33,0.85,5000,24,-0.2576600269816859,0.0410063310727498,-0.257660026981685,0.0407964636945649,8.881784197001252e-16,0.00020986737818490253
5,1.0,1.0,0.33,0.85,5000,25,-0.3559225345574852,0.0415965049223299,-0.355922534557482,0.042139596783346,3.164135620181696e-15,0.0005430918610161012
5,1.0,1.0,0.33,0.85,5000,26,-0.2620358922150771,0.0414112284463291,-0.262035892215078,0.041429754339563,8.881784197001252e-16,1.8525893233901913e-05
5,1.0,1.0,0.33,0.85,5000,27,-0.3307670238472637,0.0416282032539291,-0.330766698100235,0.0417945210616474,3.2574702868437555e-07,0.00016631780771829419
5,1.0,1.0,0.33,0.85,5000,28,-0.2493275522347793,0.0415161861207584,-0.249327552234779,0.041736555900152,2.7755575615628914e-16,0.00022036977939360325
5,1.0,1.0,0.33,0.85,5000,29,-0.3622083859940192,0.0419748054185308,-0.362208385994016,0.0421587708601276,3.219646771412954e-15,0.000183965441596802
5,1.0,1.0,0.33,0.85,5000,30,-0.3248789256804043,0.0424314297168856,-0.324878925680406,0.0425720820646634,1.7208456881689926e-15,0.00014065234777779767
5,1.0,1.0,0.33,0.85,5000,31,-0.3667796681029934,0.0417426145436202,-0.366778948840408,0.0414883713625349,7.192625853802426e-07,0.00025424318108530075
5,1.0,1.0,0.33,0.85,5000,32,-0.3429009057051009,0.0417616675669275,-0.342901093280156,0.0414262054733132,1.8757505509947592e-07,0.0003354620936142985
5,1.0,1.0,0.33,0.85,5000,33,-0.2642659918281148,0.0414777397134388,-0.264265991828115,0.0415140972452971,2.220446049250313e-16,3.6357531858301206e-05
5,1.0,1.0,0.33,0.85,5000,34,-0.2721083497182668,0.0418364468203965,-0.272108349718267,0.0419868307536089,1.6653345369377348e-16,0.00015038393321240018
5,1.0,1.0,0.33,0.85,5000,35,-0.3144154563153223,0.0415275783228942,-0.314415456315319,0.0416865094473602,3.3306690738754696e-15,0.00015893112446600105
5,1.0,1.0,0.33,0.85,5000,36,-0.2722973014084087,0.0411406046017422,-0.272297301408409,0.0414925955981024,3.3306690738754696e-16,0.00035199099636019915
5,1.0,1.0,0.33,0.85,5000,37,-0.2975395552156186,0.0417944947059838,-0.297539555215619,0.0418290866147605,3.885780586188048e-16,3.459190877670021e-05
5,1.0,1.0,0.33,0.85,5000,38,-0.3334232286105693,0.0423263035125471,-0.333423228610571,0.0423126868278528,1.7208456881689926e-15,1.3616684694295333e-05
5,1.0,1.0,0.33,0.85,5000,39,-0.3151537356313703,0.0419102094849016,-0.315153903593538,0.0419435863228068,1.6796216772974049e-07,3.337683790519824e-05
5,1.0,1.0,0.33,0.85,5000,40,-0.2439513946939019,0.041445787603631,-0.243951394693902,0.0416001755588885,1.1102230246251565e-16,0.00015438795525750393
5,1.0,1.0,0.33,0.85,5000,41,-0.2711543124501472,0.0416408467614351,-0.271154312450147,0.041855169698611,2.220446049250313e-16,0.00021432293717590228
5,1.0,1.0,0.33,0.85,5000,42,-0.2305617845988073,0.041748726700335,-0.230561784598807,0.0416280845472991,3.0531133177191805e-16,0.00012064215303590059
5,1.0,1.0,0.33,0.85,5000,43,-0.275055424056436,0.0420685384634095,-0.275055612639746,0.0420106446853071,1.8858330996796013e-07,5.789377810239832e-05
5,1.0,1.0,0.33,0.85,5000,44,-0.351100381272625,0.0409849961264087,-0.351100381272618,0.0412506341836634,6.994405055138486e-15,0.0002656380572546996
5,1.0,1.0,0.33,0.85,5000,45,-0.3246317053163319,0.0415785148435489,-0.324631705316332,0.0417105810340908,1.1102230246251565e-16,0.00013206619054190183
5,1.0,1.0,0.33,0.85,5000,46,-0.431559357514427,0.0418245275301533,-0.431559357514377,0.041874045748778,4.9960036108132044e-14,4.951821862469313e-05
5,1.0,1.0,0.33,0.85,5000,47,-0.3263017495434434,0.0410989125006256,-0.326301749543443,0.0410446317273041,3.885780586188048e-16,5.4280773321500886e-05
5,1.0,1.0,0.33,0.85,5000,48,-0.2995783575198897,0.0416034834263582,-0.299578354465194,0.0416094451054049,3.0546957185961787e-09,5.961679046699586e-06
5,1.0,1.0,0.33,0.85,5000,49,-0.2857544807216969,0.0419810121565304,-0.285754480721697,0.042257650961827,1.1102230246251565e-16,0.0002766388052966029
6,0.9,0.9,1.0,1.0,5000,0,0.0191674316110929,0.039195926637973,0.0191674316110836,0.0391310914262294,9.30158727818764e-15,6.483521174360102e-05
6,0.9,0.9,1.0,1.0,5000,1,-0.0761034025999434,0.0395992060550272,-0.0761034025959227,0.039562792500762,4.02070043925562e-12,3.641355426520221e-05
6,0.9,0.9,1.0,1.0,5000,2,0.0784775447189969,0.0395465344361642,0.0784775447143046,0.0393942868767788,4.692302102426993e-12,0.0001522475593854003
6,0.9,0.9,1.0,1.0,5000,3,0.0598167595386534,0.0394585460032962,0.0598167595368122,0.0395569489024962,1.8411938640383596e-12,9.840289919999662e-05
6,0.9,0.9,1.0,1.0,5000,4,-0.0736355293410865,0.0394730263082437,-0.0736355293331978,0.0394799044998854,7.888703579261858e-12,6.878191641697395e-06
6,0.9,0.9,1.0,1.0,5000,5,0.0659853362450371,0.0391122364330556,0.0659853362438712,0.0390354922645178,1.1658868315223003e-12,7.674416853779842e-05
6,0.9,0.9,1.0,1.0,5000,6,-0.017078947586632,0.0391396654366257,-0.0170789475866321,0.0391094519708531,1.0061396160665481e-16,3.021346577259526e-05
6,0.9,0.9,1.0,1.0,5000,7,-0.004387878323748,0.0393673589784286,-0.0043878713869131,0.0394477779940906,6.93683489989827e-09,8.041901566199772e-05
6,0.9,0.9,1.0,1.0,5000,8,0.0291744970293676,0.0394289460258644,0.0291744970293143,0.0395797934284001,5.329764407591142e-14,0.00015084740253570178
6,0.9,0.9,1.0,1.0,5000,9,-0.0301026148996257,0.0396259623561316,-0.0301026148996102,0.0398031778199555,1.5501488981328748e-14,0.0001772154638239043
6,0.9,0.9,1.0,1.0,5000,10,-0.0074727108815847,0.0397193634745004,-0.0074727108815822,0.0395969938849462,2.499736528882579e-15,0.00012236958955420124
6,0.9,0.9,1.0,1.0,5000,11,-0.0362498267015467,0.0393027176863385,-0.0362498267014475,0.039464226135121,9.919842725025774e-14,0.00016150844878250192
6,0.9,0.9,1.0,1.0,5000,12,0.0658122275799112,0.0388600960000658,0.0658125342547062,0.0389286538897473,3.0667479500312567e-07,6.855788968149895e-05
6,0.9,0.9,1.0,1.0,5000,13,0.0666280770119582,0.0394426726270363,0.0666280770072496,0.0394301958449184,4.708608503101175e-12,1.247678211790254e-05
6,0.9,0.9,1.0,1.0,5000,14,-0.0239264450372562,0.0399522483181283,-0.0239264450372499,0.0398983174563813,6.300515664747763e-15,5.393086174699385e-05
6,0.9,0.9,1.0,1.0,5000,15,-0.0141294393716984,0.0391021915871139,-0.0141294393716997,0.0391634425641727,1.2993078835066285e-15,6.125097705880073e-05
6,0.9,0.9,1.0,1.0,5000,16,-0.0096529977517196,0.039037276512706,-0.0096529977517195,0.0387956649218324,9.8879238130678e-17,0.0002416115908735958
6,0.9,0.9,1.0,1.0,5000,17,-0.0167515583559633,0.0395834998055983,-0.0167515578205878,0.0395114942888666,5.35375500876345e-10,7.200551673169908e-05
6,0.9,0.9,1.0,1.0,5000,18,-0.0014788731578143,0.0392443863153389,-0.0014788739239292,0.0391666296449412,7.661149000349338e-10,7.77566703977009e-05
6,0.9,0.9,1.0,1.0,5000,19,-0.0550432658876971,0.0395372557495761,-0.0550432658868765,0.0395992722228246,8.206005319699727e-13,6.201647324849402e-05
6,0.9,0.9,1.0,1.0,5000,20,0.0342136380779456,0.0396811483472905,0.0342138346518563,0.0397076669325398,1.9657391069766161e-07,2.6518585249296622e-05
6,0.9,0.9,1.0,1.0,5000,21,-0.0007000442668632,0.0393307708399312,-0.0007000442668631,0.0394690811440721,9.996344030316351e-17,0.00013831030414089562
6,0.9,0.9,1.0,1.0,5000,22,-0.0610659583149979,0.0387472508313835,-0.0610659583128499,0.0389229616674003,2.1479970579996177e-12,0.0001757108360168
6,0.9,0.9,1.0,1.0,5000,23,0.0006141863284349,0.0387047155129907,0.0006141863284349,0.0388371741161166,0.0,0.0001324586031258984
6,0.9,0.9,1.0,1.0,5000,24,0.0100773355656952,0.0393609804938058,0.0100773196850512,0.0393622546449723,1.5880644001209365e-08,1.2741511664984828e-06
6,0.9,0.9,1.0,1.0,5000,25,0.0545743010608874,0.0391190682719148,0.0545743010597416,0.0390743296926988,1.145798733670489e-12,4.473857921600405e-05
6,0.9,0.9,1.0,1.0,5000,26,-0.0104812908714268,0.0397554032420351,-0.0104812908714274,0.0393726281469705,6.002143226879753e-16,0.0003827750950646039
6,0.9,0.9,1.0,1.0,5000,27,0.0008013275486306,0.0390111368872038,0.0008013276138967,0.0389696282936206,6.526609992469484e-11,4.150859358319908e-05
6,0.9,0.9,1.0,1.0,5000,28,0.0845777715473712,0.0394406836954606,0.0845777715420841,0.0395377311479259,5.2871040878699205e-12,9.704745246529728e-05
6,0.9,0.9,1.0,1.0,5000,29,0.0130099037025414,0.0389608629091626,0.013009903702542,0.0390422673303392,6.002143226879753e-16,8.140442117660074e-05
6,0.9,0.9,1.0,1.0,5000,30,-0.040818587579936,0.0392362165101245,-0.040818587579822,0.0394076520052026,1.1399908794729186e-13,0.00017143549507809414
6,0.9,0.9,1.0,1.0,5000,31,-0.0410494542821086,0.039148234524672,-0.0410494542819771,0.0391688014028055,1.3149897837294588e-13,2.0566878133503053e-05
6,0.9,0.9,1.0,1.0,5000,32,-0.0231071795101431,0.0398999391007627,-0.0231071795104247,0.0397539158003874,2.8160113130226705e-13,0.00014602330037529615
6,0.9,0.9,1.0,1.0,5000,33,0.024033346140448,0.039666647019984,0.0240333461404189,0.0397399152663993,2.9101721032986916e-14,7.326824641529922e-05
6,0.9,0.9,1.0,1.0,5000,34,0.0493141326853061,0.0394097181905842,0.0493141326848533,0.0394736406553784,4.527975216994662e-13,6.39224647942041e-05
6,0.9,0.9,1.0,1.0,5000,35,-0.0385661724111733,0.0394616820568124,-0.0385661724113541,0.0395996233754266,1.8079981956020674e-13,0.00013794131861420006
6,0.9,0.9,1.0,1.0,5000,36,0.0244678513142408,0.0394118110831223,0.0244678513142374,0.039472471680926,3.400058012914542e-15,6.066059780369948e-05
6,0.9,0.9,1.0,1.0,5000,37,0.0171797426077329,0.0393121555348441,0.0171797426077337,0.0393978931149811,8.014422459012849e-16,8.57375801369964e-05
6,0.9,0.9,1.0,1.0,5000,38,0.0227476547824204,0.0394434428026848,0.0227476547823918,0.0394478321845431,2.859865122495364e-14,4.38938185829546e-06
6,0.9,0.9,1.0,1.0,5000,39,0.0256904405631745,0.0392808091639775,0.0256904405631736,0.0391935847515128,8.98586760555986e-16,8.722441246469814e-05
6,0.9,0.9,1.0,1.0,5000,40,-0.0608012655178337,0.039498488150872,-0.0608012655160872,0.0395510954390674,1.7464987789317377e-12,5.2607288195401225e-05
6,0.9,0.9,1.0,1.0,5000,41,0.0138783672903129,0.0395925940534574,0.0138783672903131,0.0396068525240618,2.0122792321330962e-16,1.4258470604398832e-05
6,0.9,0.9,1.0,1.0,5000,42,-0.092012715940581,0.0393694510265671,-0.0920127159280927,0.0392127568456036,1.248830205913265e-11,0.00015669418096350002
6,0.9,0.9,1.0,1.0,5000,43,0.0319281084964083,0.039505247641766,0.0319281084957748,0.0392804426374365,6.335001967450182e-13,0.00022480500432950357
6,0.9,0.9,1.0,1.0,5000,44,0.0338007660820398,0.0391744633747005,0.0338007660820312,0.0392923339512462,8.604228440844963e-15,0.00011787057654569916
6,0.9,0.9,1.0,1.0,5000,45,-0.0158501951714897,0.0390852207413857,-0.0158501951714904,0.0390866126941441,7.008282842946301e-16,1.3919527584033142e-06
6,0.9,0.9,1.0,1.0,5000,46,0.0138474153763162,0.0397298768312247,0.0138474153763123,0.039889870889478,3.899658373995862e-15,0.0001599940582533016
6,0.9,0.9,1.0,1.0,5000,47,0.0095055827468614,0.039383078537835,0.0095055827468627,0.0393152079120193,1.3010426069826053e-15,6.787062581570247e-05
6,0.9,0.9,1.0,1.0,5000,48,0.0771039198101499,0.0400764785024767,0.0771039198004794,0.0398245609909982,9.670500511482771e-12,0.0002519175114784958
6,0.9,0.9,1.0,1.0,5000,49,0.0014890911662599,0.0392107173540884,0.00148909116626,0.039150930565426,9.996344030316351e-17,5.978678866239845e-05
7,0.9,0.9,1.0,0.85,5000,0,-0.1488546858860822,0.0405193209653562,-0.148854685815522,0.0404144467119997,7.056019657447621e-11,0.0001048742533565003
7,0.9,0.9,1.0,0.85,5000,1,-0.1030693390890268,0.0393122800935827,-0.103069359413626,0.0392481182598974,2.0324599198096038e-08,6.416183368530143e-05
7,0.9,0.9,1.0,0.85,5000,2,-0.0999229639385348,0.0400381018683566,-0.0999229638976512,0.0402563868222622,4.088358818155058e-11,0.0002182849539055995
7,0.9,0.9,1.0,0.85,5000,3,-0.118687595358072,0.0404950009592111,-0.118687595324483,0.0404501721524039,3.358899269834126e-11,4.482880680720114e-05
7,0.9,0.9,1.0,0.85,5000,4,-0.103709030718607,0.0402404922614764,-0.103709030709705,0.0402112867961344,8.902004133837238e-12,2.920546534199847e-05
7,0.9,0.9,1.0,0.85,5000,5,-0.0654889393126132,0.0398452524748763,-0.0654889393094941,0.0397839288045719,3.1190883209575304e-12,6.132367030440428e-05
7,0.9,0.9,1.0,0.85,5000,6,-0.0810704763721596,0.0402310850925014,-0.0810703901804115,0.0404382354589724,8.619174809987307e-08,0.0002071503664709956
7,0.9,0.9,1.0,0.85,5000,7,-0.1051636228072195,0.0407419497507332,-0.105163622767285,0.0408542960144106,3.9934500151161956e-11,0.00011234626367740558
7,0.9,0.9,1.0,0.85,5000,8,-0.167054848855235,0.0397630600653867,-0.167054848582966,0.0397995916526692,2.722690128909022e-10,3.653158728249978e-05
7,0.9,0.9,1.0,0.85,5000,9,-0.1251758660974724,0.04000835237189,-0.125176497476435,0.0399954305781482,6.313789626122279e-07,1.2921793741800525e-05
7,0.9,0.9,1.0,0.85,5000,10,-0.1191587803782214,0.0400249628723113,-0.119158780337782,0.0400696495704392,4.043940182718586e-11,4.468669812790482e-05
7,0.9,0.9,1.0,0.85,5000,11,-0.16939608201413,0.0405018145216921,-0.169395912041444,0.0404527385731814,1.6997268600937865e-07,4.907594851070313e-05
7,0.9,0.9,1.0,0.85,5000,12,-0.208392008581576,0.040595550180508,-0.208392008581577,0.040526525105183,9.992007221626409e-16,6.902507532499658e-05
7,0.9,0.9,1.0,0.85,5000,13,-0.1229911252128375,0.0405325947639981,-0.122991125177525,0.0404751539419191,3.531250292176935e-11,5.7440822079000975e-05
7,0.9,0.9,1.0,0.85,5000,14,-0.2117741363558764,0.0405852042761543,-0.211774134797137,0.040774015149823,1.5587394153193657e-09,0.00018881087366869748
7,0.9,0.9,1.0,0.85,5000,15,-0.133504138920065,0.0404757674351196,-0.133503920434684,0.0404814036038994,2.1848538098168113e-07,5.636168779799e-06
7,0.9,0.9,1.0,0.85,5000,16,-0.0643224300004441,0.0393519703058018,-0.0643224300623452,0.039467139839697,6.190109536063915e-11,0.00011516953389519718
7,0.9,0.9,1.0,0.85,5000,17,-0.1023560424662165,0.0403275082660544,-0.102356042360638,0.0402197121387295,1.055785042725077e-10,0.0001077961273249009
7,0.9,0.9,1.0,0.85,5000,18,-0.1162747216141653,0.0404550149061088,-0.116274721605275,0.040452047319408,8.89030515871525e-12,2.967586700798608e-06
7,0.9,0.9,1.0,0.85,5000,19,-0.1090562611235089,0.0402166030907474,-0.109056002167298,0.0402758917128704,2.5895621090510357e-07,5.928862212300351e-05
7,0.9,0.9,1.0,0.85,5000,20,-0.085943172046741,0.0401184880728876,-0.0859436708747767,0.0400498076398304,4.988280356971186e-07,6.868043305720273e-05
7,0.9,0.9,1.0,0.85,5000,21,-0.1274958026086659,0.0402449695898555,-0.127495802282251,0.0403367960217246,3.264148951132029e-10,9.182643186909922e-05
7,0.9,0.9,1.0,0.85,5000,22,-0.1546893972559299,0.0402748171602049,-0.154689397124632,0.0401433680824008,1.3129788922761065e-10,0.0001314490778041022
7,0.9,0.9,1.0,0.85,5000,23,-0.1237602895735671,0.0407027143443903,-0.123760289425623,0.0405912022795865,1.4794410141405478e-10,0.00011151206480380232
7,0.9,0.9,1.0,0.85,5000,24,-0.0927387341416447,0.0396615952672388,-0.0927387341059376,0.0395781937649021,3.570710394029675e-11,8.340150233670379e-05
7,0.9,0.9,1.0,0.85,5000,25,-0.0556362780794326,0.0397589994129271,-0.0556361336342919,0.0396780693911195,1.4444514069567038e-07,8.093002180759729e-05
7,0.9,0.9,1.0,0.85,5000,26,-0.1446076137941932,0.0404259351236809,-0.144607613794193,0.0404396285337878,1.942890293094024e-16,1.369341010689501e-05
7,0.9,0.9,1.0,0.85,5000,27,-0.14028261866488,0.0401440659685788,-0.140282618655914,0.0401734539993736,8.966022368994686e-12,2.9388030794802456e-05
7,0.9,0.9,1.0,0.85,5000,28,-0.1158565447981047,0.0402563563285675,-0.115856785276393,0.0401692420988574,2.404782882964307e-07,8.711422971009741e-05
7,0.9,0.9,1.0,0.85,5000,29,-0.0809737568274621,0.0401706123071875,-0.0809735145331201,0.0400601812603008,2.422943420066215e-07,0.00011043104688669703
7,0.9,0.9,1.0,0.85,5000,30,-0.1347410883590504,0.0404212179274559,-0.134741087871982,0.0402973583626723,4.870684133795322e-10,0.00012385956478359883
7,0.9,0.9,1.0,0.85,5000,31,-0.0909917863383406,0.0405811910512755,-0.0909917863380107,0.040627091590965,3.2990277176736527e-13,4.590053968950292e-05
7,0.9,0.9,1.0,0.85,5000,32,-0.118527985994671,0.040521484311756,-0.118527985959095,0.0404660132278812,3.5576000478876324e-11,5.547108387479738e-05
7,0.9,0.9,1.0,0.85,5000,33,-0.1444018324477702,0.0395862021946089,-0.144401832435332,0.0396491268575999,1.2438189367358632e-11,6.29246629910013e-05
7,0.9,0.9,1.0,0.85,5000,34,-0.1724990020145109,0.0403153309212241,-0.172499002014511,0.0403884284995609,8.326672684688674e-17,7.309757833679625e-05
7,0.9,0.9,1.0,0.85,5000,35,-0.194904145887641,0.0406548018363584,-0.194904145887641,0.0407062689579813,0.0,5.1467121622905676e-05
7,0.9,0.9,1.0,0.85,5000,36,-0.0624583169978755,0.0401822495470278,-0.062458543192814,0.0401516032583811,2.261949385018447e-07,3.064628864669905e-05
7,0.9,0.9,1.0,0.85,5000,37,-0.1754505855080473,0.040432965708276,-0.175450585508048,0.0405162987381596,7.216449660063518e-16,8.333302988360047e-05
7,0.9,0.9,1.0,0.85,5000,38,-0.1534017023240719,0.0403031062787312,-0.153401942591958,0.0402136877046174,2.4026788608688676e-07,8.941857411380594e-05
7,0.9,0.9,1.0,0.85,5000,39,-0.1453068559083953,0.0399070994989753,-0.145306855320507,0.0397969044915184,5.878882936016794e-10,0.00011019500745689664
7,0.9,0.9,1.0,0.85,5000,40,-0.1106739308057723,0.0399229321931697,-0.110673930687426,0.039961708695092,1.1834630497808973e-10,3.877650192230658e-05
7,0.9,0.9,1.0,0.85,5000,41,-0.0899048400111568,0.0400131781628713,-0.0899048425811486,0.0398179466141125,2.569991802703342e-09,0.00019523154875880633
7,0.9,0.9,1.0,0.85,5000,42,-0.1739190179882955,0.0403950099107463,-0.17391901785401,0.0405260197696122,1.3428549938687695e-10,0.00013100985886589644
7,0.9,0.9,1.0,0.85,5000,43,-0.1752524240273679,0.0402265942704094,-0.175252423739083,0.0403265923343439,2.882848959551154e-10,9.99980639345005e-05
7,0.9,0.9,1.0,0.85,5000,44,-0.1402437083528155,0.0399838085448851,-0.140243708792913,0.0398800027440509,4.4009751398732533e-10,0.00010380580083419605
7,0.9,0.9,1.0,0.85,5000,45,-0.1493749514041211,0.0403626732659687,-0.149374549153189,0.040171921337445,4.022509320911194e-07,0.00019075192852369832
7,0.9,0.9,1.0,0.85,5000,46,-0.1082735453671383,0.0401721470539891,-0.108273545355596,0.0400736562727442,1.154230877542517e-11,9.849078124490179e-05
7,0.9,0.9,1.0,0.85,5000,47,-0.1423039790108645,0.0396005755272811,-0.142303978765877,0.0395419430864485,2.4498750250678825e-10,5.8632440832602495e-05
7,0.9,0.9,1.0,0.85,5000,48,-0.1188853573241948,0.0403666731958325,-0.118885357124446,0.0402560643184844,1.9974878695538933e-10,0.00011060887734810204
7,0.9,0.9,1.0,0.85,5000,49,-0.1315929491433269,0.0403161454202766,-0.131592949143327,0.040449880467043,1.1102230246251565e-16,0.0001337350467663992
8,0.9,0.9,0.5,1.0,5000,0,-0.1655799634831547,0.0398766685767695,-0.165579960565899,0.0396728636920086,2.9172557147738587e-09,0.00020380488476089836
8,0.9,0.9,0.5,1.0,5000,1,-0.1297214356481899,0.0395042851183507,-0.129721435319089,0.039543286372343,3.2910088543225413e-10,3.90012539923032e-05
8,0.9,0.9,0.5,1.0,5000,2,-0.1401199793090133,0.0401779475449014,-0.140119979309014,0.040148377532555,6.938893903907228e-16,2.9570012346401275e-05
8,0.9,0.9,0.5,1.0,5000,3,-0.0224501389924596,0.0394398945890779,-0.0224503458571544,0.0393245132051413,2.0686469480099556e-07,0.00011538138393660247
8,0.9,0.9,0.5,1.0,5000,4,-0.0646220064979635,0.0398679334883026,-0.0646220138892278,0.0398297108783875,7.391264295053546e-09,3.822260991510201e-05
8,0.9,0.9,0.5,1.0,5000,5,-0.0935613562438705,0.0397090872155799,-0.0935613562661416,0.0397474702235177,2.2271087751768448e-11,3.8383007937799196e-05
8,0.9,0.9,0.5,1.0,5000,6,-0.1028001014407504,0.0392840146927037,-0.102800101363077,0.0391501641014256,7.767339549324959e-11,0.00013385059127810073
8,0.9,0.9,0.5,1.0,5000,7,-0.0615350842429496,0.0395391430533909,-0.0615350842408726,0.0394235735156818,2.076998295574839e-12,0.00011556953770910233
8,0.9,0.9,0.5,1.0,5000,8,-0.1017576838148858,0.0401660327879073,-0.101757683790329,0.0402372051829232,2.4556801037078912e-11,7.117239501590322e-05
8,0.9,0.9,0.5,1.0,5000,9,-0.0817009047685847,0.039750253161184,-0.0817009047594249,0.0398919661801844,9.1597979201552e-12,0.00014171301900040012
8,0.9,0.9,0.5,1.0,5000,10,-0.0862659353323012,0.0397289136052687,-0.086265935308481,0.0398377053007603,2.3820195815815737e-11,0.00010879169549159878
8,0.9,0.9,0.5,1.0,5000,11,-0.0933845963945883,0.0401685956922794,-0.0933843668524703,0.0401565397840423,2.295421180076307e-07,1.205590823710051e-05
8,0.9,0.9,0.5,1.0,5000,12,-0.1304828100195171,0.0399612685649786,-0.130482810019516,0.0399493140269742,1.0824674490095276e-15,1.1954538004399495e-05
8,0.9,0.9,0.5,1.0,5000,13,-0.0339276966059317,0.0393794847934146,-0.0339276966068902,0.0393514051237594,9.58497170522321e-13,2.8079669655199646e-05
8,0.9,0.9,0.5,1.0,5000,14,-0.0188880355361243,0.0398626993567247,-0.0188880355363422,0.039820338442351,2.179020852643987e-13,4.236091437369999e-05
8,0.9,0.9,0.5,1.0,5000,15,-0.1693250740335087,0.0401993908692861,-0.169325252301863,0.0402759274764789,1.782683543005703e-07,7.653660719279809e-05
8,0.9,0.9,0.5,1.0,5000,16,-0.1442149577627038,0.0400512798740457,-0.144214957220968,0.0401128400722749,5.417357951120749e-10,6.156019822919911e-05
8,0.9,0.9,0.5,1.0,5000,17,-0.1312034984463716,0.0401323272124974,-0.131203308711458,0.0401191393922933,1.8973491361373718e-07,1.3187820204096923e-05
8,0.9,0.9,0.5,1.0,5000,18,-0.0888747898653346,0.0397507563594422,-0.0888747895119943,0.0397158840356314,3.5334030146216833e-10,3.487232381080285e-05
8,0.9,0.9,0.5,1.0,5000,19,-0.0248125440265349,0.0397569397558266,-0.0248119669252317,0.0398008768608109,5.771013032000727e-07,4.393710498429987e-05
8,0.9,0.9,0.5,1.0,5000,20,-0.0288506944509469,0.0395896479110249,-0.0288506944551331,0.0396131012798499,4.186199997757711e-12,2.345336882499799e-05
8,0.9,0.9,0.5,1.0,5000,21,-0.1652949260828418,0.0401952367966692,-0.16529508529318,0.0402937257934081,1.5921033819088493e-07,9.848899673890049e-05
8,0.9,0.9,0.5,1.0,5000,22,-0.1198501006819516,0.0404571521780166,-0.119850100451887,0.0402872614256803,2.300645923769551e-10,0.00016989075233629636
8,0.9,0.9,0.5,1.0,5000,23,-0.1022465528805073,0.0397562123377584,-0.102246979761557,0.0397413299833562,4.268810497032316e-07,1.4882354402195874e-05
8,0.9,0.9,0.5,1.0,5000,24,-0.1004676091589855,0.0391240598436552,-0.100467609090246,0.0394137387748853,6.873950020302999e-11,0.0002896789312301015
8,0.9,0.9,0.5,1.0,5000,25,-0.0626991813111399,0.0395689833368095,-0.0626991813112138,0.0394083594889851,7.389922007661198e-14,0.0001606238478243996
8,0.9,0.9,0.5,1.0,5000,26,-0.1010414429693005,0.0396058061870125,-0.101041639404834,0.039543029424549,1.9643553350601195e-07,6.277676246350256e-05
8,0.9,0.9,0.5,1.0,5000,27,-0.1125785880777501,0.0400508707567794,-0.112578587928807,0.0401918785340536,1.4894310784718812e-10,0.00014100777727420188
8,0.9,0.9,0.5,1.0,5000,28,-0.085205998319742,0.0398411548862931,-0.0852059983137138,0.0399539343682133,6.028205712382828e-12,0.00011277948192019854
8,0.9,0.9,0.5,1.0,5000,29,-0.1073152694175603,0.0396096777692845,-0.107315269199176,0.0397082479565293,2.1838429675735682e-10,9.857018724480221e-05
8,0.9,0.9,0.5,1.0,5000,30,-0.0797607102200426,0.039916763267167,-0.0797607102087883,0.0399140859880044,1.1254289167261788e-11,2.6772791625953585e-06
8,0.9,0.9,0.5,1.0,5000,31,-0.139611552998509,0.0400949269621046,-0.139611552998509,0.0401957798998031,0.0,0.00010085293769850068
8,0.9,0.9,0.5,1.0,5000,32,0.0360898900460493,0.0399681135452995,0.0360898900460459,0.0401073139248601,3.400058012914542e-15,0.00013920037956059728
8,0.9,0.9,0.5,1.0,5000,33,-0.0558479108737667,0.0398433510924144,-0.0558479108841003,0.0398269061254141,1.0333602029621858e-11,1.6444967000303623e-05
8,0.9,0.9,0.5,1.0,5000,34,-0.0986466683157877,0.0397892299169414,-0.0986463130639411,0.0397284110192434,3.552518465926857e-07,6.0818897698003416e-05
8,0.9,0.9,0.5,1.0,5000,35,-0.1637237757882029,0.0397845300939531,-0.163723775788204,0.0399958851948563,1.0824674490095276e-15,0.00021135510090319887
8,0.9,0.9,0.5,1.0,5000,36,-0.1705206215762549,0.0403457485783519,-0.170520621576255,0.0404208820605576,1.1102230246251565e-16,7.513348220569704e-05
8,0.9,0.9,0.5,1.0,5000,37,-0.0531103190938863,0.0404058032143772,-0.053110319093076,0.0402962370775156,8.102962745226705e-13,0.00010956613686160382
8,0.9,0.9,0.5,1.0,5000,38,-0.1217176957280608,0.0397233817168159,-0.121717695728061,0.0397410779039058,1.942890293094024e-16,1.769618708989673e-05
8,0.9,0.9,0.5,1.0,5000,39,-0.0629189593878955,0.0400439358914952,-0.0629189593967793,0.0398738537956465,8.883796476233385e-12,0.000170082095848699
8,0.9,0.9,0.5,1.0,5000,40,-0.0962967924238578,0.0397166950047365,-0.096296792431203,0.0397531548028912,7.345193897556612e-12,3.645979815469769e-05
8,0.9,0.9,0.5,1.0,5000,41,-0.1205185488882327,0.0396846527648916,-0.120518548888233,0.0397108827868386,3.0531133177191805e-16,2.623002194699492e-05
8,0.9,0.9,0.5,1.0,5000,42,-0.0423542099391165,0.0391606816351137,-0.0423542099402098,0.0392033396397686,1.0933060012874307e-12,4.265800465490244e-05
8,0.9,0.9,0.5,1.0,5000,43,-0.0496377068735141,0.0401752886269753,-0.0496377068747915,0.0402441553431981,1.2774017954519934e-12,6.886671622279711e-05
8,0.9,0.9,0.5,1.0,5000,44,-0.1077091824396783,0.0396659587169648,-0.107709386043769,0.0396234115267475,2.0360409071218388e-07,4.254719021730413e-05
8,0.9,0.9,0.5,1.0,5000,45,-0.1503976755007717,0.0399721488928525,-0.15039807718717,0.0399273771279881,4.016863982825303e-07,4.477176486439999e-05
8,0.9,0.9,0.5,1.0,5000,46,-0.092801213578065,0.0396256386153075,-0.092801214678536,0.0394797378041621,1.1004709921103029e-09,0.00014590081114539827
8,0.9,0.9,0.5,1.0,5000,47,-0.0929900826338526,0.0391187595887448,-0.0929900826071766,0.039196823099856,2.667599474648341e-11,7.806351111119825e-05
8,0.9,0.9,0.5,1.0,5000,48,-0.0938045325896841,0.0394923887681916,-0.0938045325476794,0.0394624379333878,4.200470526960487e-11,2.9950834803796345e-05
8,0.9,0.9,0.5,1.0,5000,49,-0.1248534236802665,0.0396225356754995,-0.124853423680267,0.0396566113124751,4.996003610813204e-16,3.407563697560567e-05
9,0.9,0.9,0.5,0.85,5000,0,-0.2178107564627595,0.0405561216167261,-0.21781075646276,0.0404488945200424,4.996003610813204e-16,0.00010722709668370412
9,0.9,0.9,0.5,0.85,5000,1,-0.1985872772570282,0.0400725747363587,-0.198587277257028,0.0401768861815991,2.220446049250313e-16,0.00010431144524039593
9,0.9,0.9,0.5,0.85,5000,2,-0.2219700635812549,0.0407121596829035,-0.221970835317201,0.0407516092067911,7.717359460923667e-07,3.944952388759693e-05
9,0.9,0.9,0.5,0.85,5000,3,-0.2583471946021102,0.0404911046911023,-0.25834719460211,0.0405749000829495,2.220446049250313e-16,8.379539184719814e-05
9,0.9,0.9,0.5,0.85,5000,4,-0.2110765404626323,0.0403959177563847,-0.211076540462632,0.0404049830651765,3.0531133177191805e-16,9.06530879180023e-06
9,0.9,0.9,0.5,0.85,5000,5,-0.2814250163709676,0.0404664716407424,-0.281424768980167,0.0404793484452945,2.473908006228598e-07,1.2876804552100496e-05
9,0.9,0.9,0.5,0.85,5000,6,-0.2244626230680082,0.0411618566889189,-0.224462623068008,0.0408194934384041,2.220446049250313e-16,0.0003423632505147947
9,0.9,0.9,0.5,0.85,5000,7,-0.2066888619714168,0.0406385305383173,-0.206688861971417,0.0405694099207111,1.942890293094024e-16,6.91206176062012e-05
9,0.9,0.9,0.5,0.85,5000,8,-0.2600541060057556,0.0411123801860183,-0.260054106005756,0.0412721404241871,3.885780586188048e-16,0.00015976023816879903
9,0.9,0.9,0.5,0.85,5000,9,-0.2637011672897256,0.0406578722408,-0.263701167289726,0.0407031435612197,3.885780586188048e-16,4.5271320419697225e-05
9,0.9,0.9,0.5,0.85,5000,10,-0.2454158390368834,0.0405567897307446,-0.245415839036883,0.0404194741000233,4.163336342344337e-16,0.00013731563072130054
9,0.9,0.9,0.5,0.85,5000,11,-0.1630330165067298,0.0414976678386053,-0.16303301650673,0.0415011073461582,1.942890293094024e-16,3.439507552903398e-06
9,0.9,0.9,0.5,0.85,5000,12,-0.2001856768186042,0.0407356521743723,-0.200185676818604,0.0406184795210487,1.942890293094024e-16,0.00011717265332359533
9,0.9,0.9,0.5,0.85,5000,13,-0.2830593003204015,0.0409365444037473,-0.283059300320402,0.0407632237807452,4.996003610813204e-16,0.00017332062300209894
9,0.9,0.9,0.5,0.85,5000,14,-0.279554470082698,0.0409625433599151,-0.279554470082698,0.0409192601359434,0.0,4.3283223971700424e-05
9,0.9,0.9,0.5,0.85,5000,15,-0.1979533117013978,0.0409507801541539,-0.197953311701398,0.0410655697647102,1.942890293094024e-16,0.00011478961055630399
9,0.9,0.9,0.5,0.85,5000,16,-0.2669784116952224,0.0409588805201257,-0.266977937955754,0.0407902126781424,4.737394684317664e-07,0.00016866784198329987
9,0.9,0.9,0.5,0.85,5000,17,-0.1823376307210208,0.0406437428137783,-0.182337630721021,0.040669581108795,1.942890293094024e-16,2.583829501669882e-05
9,0.9,0.9,0.5,0.85,5000,18,-0.1944310248862338,0.0409162907236439,-0.194431024886234,0.0406591088228143,2.220446049250313e-16,0.0002571819008296006
9,0.9,0.9,0.5,0.85,5000,19,-0.1520880081002483,0.0412358376445755,-0.15208842728791,0.0413423117039609,4.191876616932433e-07,0.00010647405938540161
9,0.9,0.9,0.5,0.85,5000,20,-0.2622002694634396,0.0405991347698137,-0.262200269463439,0.0406007052354687,6.106226635438361e-16,1.5704656550000196e-06
9,0.9,0.9,0.5,0.85,5000,21,-0.2806948107796296,0.0405815629147756,-0.28069481077963,0.040613831101548,3.885780586188048e-16,3.226818677240506e-05
9,0.9,0.9,0.5,0.85,5000,22,-0.2674400600411575,0.0405901519445399,-0.267440060041157,0.0403031455653753,4.996003610813204e-16,0.00028700637916460187
9,0.9,0.9,0.5,0.85,5000,23,-0.2206042946566782,0.0411113670974767,-0.220604160376388,0.0409452489396949,1.3428029019268983e-07,0.00016611815778180133
9,0.9,0.9,0.5,0.85,5000,24,-0.2635709528494709,0.0405235886097848,-0.263570952849471,0.0407713917540496,1.1102230246251565e-16,0.0002478031442647993
9,0.9,0.9,0.5,0.85,5000,25,-0.148975644346405,0.0400673944236113,-0.148975644346405,0.0400350782888967,0.0,3.23161347145981e-05
9,0.9,0.9,0.5,0.85,5000,26,-0.1866475864561753,0.0408301571749016,-0.186647586456176,0.0408857099326785,6.938893903907228e-16,5.5552757776904105e-05
9,0.9,0.9,0.5,0.85,5000,27,-0.2260798419837921,0.041279617315677,-0.226080513875527,0.0411711940133267,6.718917348880193e-07,0.0001084233023503009
9,0.9,0.9,0.5,0.85,5000,28,-0.2590764987877888,0.0413400730312167,-0.259076498787789,0.0414610257774757,1.6653345369377348e-16,0.0001209527462589996
9,0.9,0.9,0.5,0.85,5000,29,-0.2075396634925763,0.0406108838111247,-0.207539845821722,0.0406638579598713,1.8232914569815684e-07,5.297414874659567e-05
9,0.9,0.9,0.5,0.85,5000,30,-0.1784276321062179,0.0404682302201866,-0.178427632106218,0.0407877333047038,1.1102230246251565e-16,0.00031950308451719756
9,0.9,0.9,0.5,0.85,5000,31,-0.2406213942286672,0.0408933003495203,-0.24062193976864,0.0412220174382369,5.455399727793964e-07,0.0003287170887165958
9,0.9,0.9,0.5,0.85,5000,32,-0.2596193197163756,0.0408310544211285,-0.259619319716376,0.0409664778288418,3.885780586188048e-16,0.0001354234077133032
9,0.9,0.9,0.5,0.85,5000,33,-0.2158489698715539,0.0413252346269585,-0.215848969871554,0.0413504878083047,1.1102230246251565e-16,2.525318134619786e-05
9,0.9,0.9,0.5,0.85,5000,34,-0.1875347374688341,0.0406738725328551,-0.187534736285864,0.0405246804752764,1.1829700830023882e-09,0.00014919205757869813
9,0.9,0.9,0.5,0.85,5000,35,-0.2215004722892657,0.0407161254418489,-0.221500472289266,0.0404747445570136,3.0531133177191805e-16,0.00024138088483529468
9,0.9,0.9,0.5,0.85,5000,36,-0.2340824789749591,0.040679209443509,-0.234082478974959,0.0406996931778271,8.326672684688674e-17,2.0483734318101077e-05
9,0.9,0.9,0.5,0.85,5000,37,-0.2910979250862971,0.0410314275708585,-0.291097925086297,0.0411154805173847,1.1102230246251565e-16,8.405294652619882e-05
9,0.9,0.9,0.5,0.85,5000,38,-0.2774309771109345,0.0409996120014936,-0.277430977110935,0.041070289025342,4.996003610813204e-16,7.067702384840058e-05
9,0.9,0.9,0.5,0.85,5000,39,-0.2024877426408216,0.0407555201830746,-0.202488242354562,0.0404882618595645,4.997137404150198e-07,0.00026725832351010004
9,0.9,0.9,0.5,0.85,5000,40,-0.2650608632097064,0.0407636600360653,-0.265061205763253,0.0409326798761085,3.4255354658396797e-07,0.00016901984004320109
9,0.9,0.9,0.5,0.85,5000,41,-0.2406665569569108,0.0397498910998416,-0.240666310612751,0.0397549412240049,2.4634415979329916e-07,5.050124163297198e-06
9,0.9,0.9,0.5,0.85,5000,42,-0.1771739241873411,0.0403894283161814,-0.177173924187341,0.0406656482648299,1.1102230246251565e-16,0.0002762199486485012
9,0.9,0.9,0.5,0.85,5000,43,-0.2545569099214883,0.0405801248774872,-0.254556909921488,0.040636321239685,2.7755575615628914e-16,5.6196362197794e-05
9,0.9,0.9,0.5,0.85,5000,44,-0.1470848337962114,0.0407232541904346,-0.147084833796212,0.040628366883548,6.106226635438361e-16,9.48873068866013e-05
9,0.9,0.9,0.5,0.85,5000,45,-0.2385705540476428,0.0412162277509022,-0.238570554073029,0.0411156075823042,2.5386193147625136e-11,0.00010062016859799933
9,0.9,0.9,0.5,0.85,5000,46,-0.1994970151597468,0.0410206630821219,-0.199497015159747,0.0408303645857045,1.942890293094024e-16,0.0001902984964173987
9,0.9,0.9,0.5,0.85,5000,47,-0.2746055660137411,0.0401338701507388,-0.274605566013741,0.04021880145813,1.1102230246251565e-16,8.49313073911992e-05
9,0.9,0.9,0.5,0.85,5000,48,-0.2465391134707104,0.0413622333826065,-0.24653911347071,0.0414199543976186,3.885780586188048e-16,5.7721015012099364e-05
9,0.9,0.9,0.5,0.85,5000,49,-0.262939690236889,0.0409529654171636,-0.262939690236889,0.0409243347052415,0.0,2.863071192210631e-05
10,0.9,0.9,0.33,1.0,5000,0,-0.1658603730101406,0.0404844001275691,-0.165860373010141,0.0403441707999285,4.163336342344337e-16,0.0001402293276406008
10,0.9,0.9,0.33,1.0,5000,1,-0.1855270918411402,0.0404171722012506,-0.18552709184114,0.0402633141695686,1.942890293094024e-16,0.00015385803168200402
10,0.9,0.9,0.33,1.0,5000,2,-0.1314363466696299,0.04033489281709,-0.131436167183795,0.0405144823025085,1.7948583488913705e-07,0.00017958948541850484
10,0.9,0.9,0.33,1.0,5000,3,-0.1492872940900548,0.0398081653736522,-0.149287294090054,0.0396929181839235,8.049116928532385e-16,0.00011524718972869691
10,0.9,0.9,0.33,1.0,5000,4,-0.1593442886303253,0.0396770894406757,-0.159344288630325,0.039676087500713,3.0531133177191805e-16,1.0019399627053671e-06
10,0.9,0.9,0.33,1.0,5000,5,-0.1637212884909897,0.0399227757686259,-0.16372128849099,0.040142148915544,2.7755575615628914e-16,0.00021937314691809762
10,0.9,0.9,0.33,1.0,5000,6,-0.1761743457909579,0.039666616958617,-0.176174345790958,0.039589764156087,1.1102230246251565e-16,7.685280253000304e-05
10,0.9,0.9,0.33,1.0,5000,7,-0.1740012274538367,0.0402718330348925,-0.174001227453837,0.0404607304232935,3.0531133177191805e-16,0.00018889738840099923
10,0.9,0.9,0.33,1.0,5000,8,-0.1231140845973866,0.0400577065762357,-0.123114084597387,0.0401631679083029,4.0245584642661925e-16,0.00010546133206719432
10,0.9,0.9,0.33,1.0,5000,9,-0.1096380313377777,0.0405256901497788,-0.109638031258412,0.0405612834722417,7.936570844968571e-11,3.559332246290403e-05
10,0.9,0.9,0.33,1.0,5000,10,-0.0957668231932081,0.0399156840621198,-0.0957668234224878,0.0400664554454071,2.2927969245412072e-10,0.00015077138328729867
10,0.9,0.9,0.33,1.0,5000,11,-0.1601072801757805,0.0399707217365234,-0.16010728017578,0.040034309786752,4.996003610813204e-16,6.358805022860237e-05
10,0.9,0.9,0.33,1.0,5000,12,-0.1968005024393181,0.0401953782203101,-0.196800502439318,0.0403904646641594,1.1102230246251565e-16,0.00019508644384930163
10,0.9,0.9,0.33,1.0,5000,13,-0.1494630640381097,0.0397950566754775,-0.14946306403811,0.0396770045796221,3.0531133177191805e-16,0.00011805209585540044
10,0.9,0.9,0.33,1.0,5000,14,-0.1147453473235479,0.0397435931044592,-0.114745561955211,0.0396739841822102,2.1463166310908832e-07,6.960892224899817e-05
10,0.9,0.9,0.33,1.0,5000,15,-0.1672736635919134,0.0397168533118107,-0.167273663591914,0.0398323761391777,6.106226635438361e-16,0.00011552282736700115
10,0.9,0.9,0.33,1.0,5000,16,-0.1682739710919001,0.0401718638808057,-0.1682739710919,0.0403126168458828,8.326672684688674e-17,0.00014075296507709556
10,0.9,0.9,0.33,1.0,5000,17,-0.0971377369428549,0.0405656956665945,-0.0971377369621022,0.0407050010595064,1.9247312077474987e-11,0.00013930539291189675
10,0.9,0.9,0.33,1.0,5000,18,-0.159321771534042,0.0403560868511517,-0.159321771534042,0.0402635858923531,0.0,9.250095879859838e-05
10,0.9,0.9,0.33,1.0,5000,19,-0.0802984486497027,0.0402490961372957,-0.0802984487063858,0.0402155889028318,5.668310265605214e-11,3.350723446390175e-05
10,0.9,0.9,0.33,1.0,5000,20,-0.1716340374807329,0.040667437053141,-0.171634037480733,0.0407678226724804,1.1102230246251565e-16,0.00010038561933940066
10,0.9,0.9,0.33,1.0,5000,21,-0.1210086179985134,0.0402188619622418,-0.121008617998514,0.040318140687409,6.106226635438361e-16,9.927872516719838e-05
10,0.9,0.9,0.33,1.0,5000,22,-0.1517626497703504,0.0404308979238746,-0.151762649770351,0.040277740232212,6.106226635438361e-16,0.00015315769166260318
10,0.9,0.9,0.33,1.0,5000,23,-0.1092667314355798,0.0404174014521888,-0.109266731339159,0.0403830027658326,9.642080189831148e-11,3.4398686356199026e-05
10,0.9,0.9,0.33,1.0,5000,24,-0.1569992723927534,0.040771866668058,-0.156999272392753,0.0408113845191405,4.163336342344337e-16,3.9517851082498945e-05
10,0.9,0.9,0.33,1.0,5000,25,-0.0681427354175509,0.0403180040866149,-0.0681430390288736,0.0402710217471095,3.0361132269396407e-07,4.6982339505396986e-05
10,0.9,0.9,0.33,1.0,5000,26,-0.1506450420569913,0.0402225126905505,-0.150645042056991,0.0403259810324249,3.0531133177191805e-16,0.00010346834187439924
10,0.9,0.9,0.33,1.0,5000,27,-0.1449141612099913,0.0402611963878776,-0.144914375885704,0.0402462076615308,2.146757127063914e-07,1.4988726346795711e-05
10,0.9,0.9,0.33,1.0,5000,28,-0.1584435847201876,0.0407415760439714,-0.158443584720188,0.0408070228615457,3.885780586188048e-16,6.544681757430365e-05
10,0.9,0.9,0.33,1.0,5000,29,-0.0915990554994493,0.0394235848444525,-0.0915990554715933,0.0394690684123278,2.785599528820626e-11,4.548356787530128e-05
10,0.9,0.9,0.33,1.0,5000,30,-0.2046717330908087,0.0405711181649156,-0.204671733090808,0.0407840896523636,6.938893903907228e-16,0.00021297148744800487
10,0.9,0.9,0.33,1.0,5000,31,-0.0973826099904517,0.0397275844103625,-0.0973826100489598,0.0396348485850125,5.850810114171878e-11,9.273582535000019e-05
10,0.9,0.9,0.33,1.0,5000,32,-0.1734396563853948,0.0411389009899121,-0.173439567193938,0.0409785655637265,8.919145680352791e-08,0.0001603354261856052
10,0.9,0.9,0.33,1.0,5000,33,-0.1377872374897232,0.0401689944792354,-0.137787237489723,0.0404759621594075,2.220446049250313e-16,0.00030696768017209747
10,0.9,0.9,0.33,1.0,5000,34,-0.1412613269822149,0.0403906414585778,-0.141261326982215,0.0403210605750314,8.326672684688674e-17,6.958088354639541e-05
10,0.9,0.9,0.33,1.0,5000,35,-0.1085949788836492,0.0401211537103714,-0.108594978774648,0.0401923672135121,1.090012108351246e-10,7.12135031406963e-05
10,0.9,0.9,0.33,1.0,5000,36,-0.1065530722423996,0.0405429198584748,-0.10655307215057,0.0404180244830902,9.182959948006442e-11,0.0001248953753846052
10,0.9,0.9,0.33,1.0,5000,37,-0.1304536229444499,0.0403467790417238,-0.13045362294445,0.0403424883821724,1.1102230246251565e-16,4.2906595513966805e-06
10,0.9,0.9,0.33,1.0,5000,38,-0.1606121978378732,0.040819863617613,-0.160612197837874,0.0405381359684644,8.049116928532385e-16,0.00028172764914859844
10,0.9,0.9,0.33,1.0,5000,39,-0.0567673632087336,0.0400235333636796,-0.0567673633165461,0.0398510645624758,1.0781250198155234e-10,0.00017246880120379976
10,0.9,0.9,0.33,1.0,5000,40,-0.1039162282633454,0.0397673283235286,-0.103916229466356,0.0395863714882656,1.2030105939198066e-09,0.0001809568352630006
10,0.9,0.9,0.33,1.0,5000,41,-0.1373886879948551,0.040685967301697,-0.137388687472552,0.0404793207047733,5.223030896672753e-10,0.0002066465969236958
10,0.9,0.9,0.33,1.0,5000,42,-0.1530391305165861,0.0401226636942359,-0.153039130516586,0.0400558688549741,1.1102230246251565e-16,6.679483926180091e-05
10,0.9,0.9,0.33,1.0,5000,43,-0.1760243438003473,0.0402983831798444,-0.176024343800348,0.0405887238340974,7.216449660063518e-16,0.00029034065425299904
10,0.9,0.9,0.33,1.0,5000,44,-0.1593014543358369,0.0405211413699123,-0.159301260426132,0.0404862282678567,1.939097049041827e-07,3.491310205559761e-05
10,0.9,0.9,0.33,1.0,5000,45,-0.1522319104114071,0.0399992475006292,-0.15223164380752,0.0398877482974669,2.666038871057541e-07,0.0001114992031623005
10,0.9,0.9,0.33,1.0,5000,46,-0.1589537912871108,0.0400472951186433,-0.158953791287111,0.040027510906944,2.220446049250313e-16,1.9784211699298837e-05
10,0.9,0.9,0.33,1.0,5000,47,-0.1748530215054939,0.0402186452354271,-0.174853021505494,0.0403085935317909,1.1102230246251565e-16,8.994829636380097e-05
10,0.9,0.9,0.33,1.0,5000,48,-0.1088355596461532,0.0401102195817966,-0.108835559524844,0.0402102960805028,1.213091987972703e-10,0.00010007649870619889
10,0.9,0.9,0.33,1.0,5000,49,-0.1184019742574301,0.0397496441608862,-0.118401994192078,0.0398140268345825,1.9934647904618075e-08,6.438267369630185e-05
11,0.9,0.9,0.33,0.85,5000,0,-0.3434225040395386,0.0413068646535704,-0.343422504039535,0.0415538314120492,3.608224830031759e-15,0.00024696675847880184
11,0.9,0.9,0.33,0.85,5000,1,-0.3170694049924341,0.0408884349087843,-0.31706921362298,0.0411318562242211,1.9136945406117434e-07,0.0002434213154368023
11,0.9,0.9,0.33,0.85,5000,2,-0.2351572329556092,0.0406863855687833,-0.235157232955609,0.0406624355849587,1.942890293094024e-16,2.3949983824593513e-05
11,0.9,0.9,0.33,0.85,5000,3,-0.2672518453489726,0.0411388391468828,-0.267251845348973,0.0413311464245088,3.885780586188048e-16,0.00019230727762600125
11,0.9,0.9,0.33,0.85,5000,4,-0.2208524865600791,0.0410480195578744,-0.220852486560079,0.0411478284756739,1.1102230246251565e-16,9.98089177995029e-05
11,0.9,0.9,0.33,0.85,5000,5,-0.2657650415453106,0.0414023526603741,-0.265765041545311,0.0412292251412985,3.885780586188048e-16,0.0001731275190755971
11,0.9,0.9,0.33,0.85,5000,6,-0.2875072598551507,0.040997338981765,-0.287507259855151,0.0412491681178918,3.3306690738754696e-16,0.0002518291361268063
11,0.9,0.9,0.33,0.85,5000,7,-0.2718099163654516,0.0411908460647325,-0.271809916365452,0.0413200151075745,3.885780586188048e-16,0.0001291690428419992
11,0.9,0.9,0.33,0.85,5000,8,-0.2329241788235999,0.0405666928489424,-0.2329241788236,0.0405727229760773,1.1102230246251565e-16,6.030127134903918e-06
11,0.9,0.9,0.33,0.85,5000,9,-0.3079388344498877,0.0414236589594518,-0.30793883444989,0.0415540907149109,2.3314683517128287e-15,0.0001304317554591053
11,0.9,0.9,0.33,0.85,5000,10,-0.1979029103669085,0.0403092719660139,-0.197902910366908,0.0402192335110934,4.996003610813204e-16,9.003845492050466e-05
11,0.9,0.9,0.33,0.85,5000,11,-0.2190828490828414,0.041060223325848,-0.219082849082841,0.0410393034814546,3.885780586188048e-16,2.0919844393403608e-05
11,0.9,0.9,0.33,0.85,5000,12,-0.2160039603760491,0.0413074500633779,-0.216003960376049,0.0413930272439574,1.1102230246251565e-16,8.557718057949915e-05
11,0.9,0.9,0.33,0.85,5000,13,-0.2150414687411793,0.0407492238798638,-0.215041468741179,0.0409194260234399,3.0531133177191805e-16,0.0001702021435760967
11,0.9,0.9,0.33,0.85,5000,14,-0.2294869344464959,0.0409584187105632,-0.229486934446496,0.0410522304205851,1.1102230246251565e-16,9.381171002189465e-05
11,0.9,0.9,0.33,0.85,5000,15,-0.2928390292079726,0.0412582826915179,-0.292838758319791,0.0413587935004756,2.708881816082531e-07,0.00010051080895770448
11,0.9,0.9,0.33,0.85,5000,16,-0.2366490784528746,0.0410036130761597,-0.236648612040895,0.0408900856022053,4.6641197962160597e-07,0.00011352747395439872
11,0.9,0.9,0.33,0.85,5000,17,-0.2929987245506785,0.0412174595031161,-0.29299872455068,0.0411623717012549,1.4988010832439613e-15,5.508780186120471e-05
11,0.9,0.9,0.33,0.85,5000,18,-0.2844005001895018,0.0414020905887653,-0.284400500189502,0.0412162041041383,2.220446049250313e-16,0.00018588648462700141
11,0.9,0.9,0.33,0.85,5000,19,-0.2663481299485276,0.0408799753758184,-0.266348129948527,0.0408246068160653,5.551115123125783e-16,5.536855975310506e-05
11,0.9,0.9,0.33,0.85,5000,20,-0.2724108997632477,0.0411735870173218,-0.272410899763248,0.0410898895420225,2.7755575615628914e-16,8.369747529930055e-05
11,0.9,0.9,0.33,0.85,5000,21,-0.3189909992766676,0.0405621275013783,-0.318990999276664,0.0407723139277634,3.552713678800501e-15,0.000210186426385095
11,0.9,0.9,0.33,0.85,5000,22,-0.2592942279814767,0.0412112082333075,-0.259294227981476,0.041450120235212,7.216449660063518e-16,0.00023891200190450518
11,0.9,0.9,0.33,0.85,5000,23,-0.2641323681359153,0.0412374173184035,-0.264132368135916,0.041122464775942,7.216449660063518e-16,0.00011495254246150083
11,0.9,0.9,0.33,0.85,5000,24,-0.2581682920264406,0.0414250227352652,-0.258168292026441,0.0416197210400296,3.885780586188048e-16,0.0001946983047644013
11,0.9,0.9,0.33,0.85,5000,25,-0.312775283788777,0.0411137860097712,-0.312775283788774,0.0410891376068596,2.9976021664879227e-15,2.464840291159509e-05
11,0.9,0.9,0.33,0.85,5000,26,-0.2507096572031132,0.0410970187534228,-0.250709657203113,0.0412650942726328,2.220446049250313e-16,0.00016807551920999808
11,0.9,0.9,0.33,0.85,5000,27,-0.2445167984795175,0.0411184000960102,-0.244516798479517,0.0410618798506937,4.996003610813204e-16,5.652024531650063e-05
11,0.9,0.9,0.33,0.85,5000,28,-0.2780511115840062,0.0412607066970099,-0.278051111584006,0.0411959315509003,1.6653345369377348e-16,6.477514610959967e-05
11,0.9,0.9,0.33,0.85,5000,29,-0.2058540522603489,0.0410480957354628,-0.205854052260349,0.0412885123414184,1.1102230246251565e-16,0.00024041660595559844
11,0.9,0.9,0.33,0.85,5000,30,-0.2553332316842452,0.0415076909424203,-0.255333188864545,0.041594924097678,4.281970023001236e-08,8.723315525770159e-05
11,0.9,0.9,0.33,0.85,5000,31,-0.2618915794925829,0.0412520374797344,-0.261891579492583,0.0413208280171124,1.1102230246251565e-16,6.87905373779954e-05
11,0.9,0.9,0.33,0.85,5000,32,-0.2981585718569605,0.0411032389031175,-0.298158571856961,0.0412296270285928,4.996003610813204e-16,0.00012638812547530187
11,0.9,0.9,0.33,0.85,5000,33,-0.2011595456648272,0.0409651994735107,-0.201159545664827,0.0407824113366612,1.942890293094024e-16,0.00018278813684949324
11,0.9,0.9,0.33,0.85,5000,34,-0.2702484076590857,0.0413557986927778,-0.270248407659085,0.041488921791403,7.216449660063518e-16,0.00013312309862519717
11,0.9,0.9,0.33,0.85,5000,35,-0.2479387342239796,0.0406149239291812,-0.247938734223979,0.0406080516362368,6.106226635438361e-16,6.872292944402891e-06
11,0.9,0.9,0.33,0.85,5000,36,-0.2260522754434349,0.0409125057981368,-0.226052280397857,0.0410726476826186,4.954422094805011e-09,0.0001601418844817959
11,0.9,0.9,0.33,0.85,5000,37,-0.2042486566296468,0.0408923682277103,-0.204248656629647,0.040883717016681,1.942890293094024e-16,8.651211029303552e-06
11,0.9,0.9,0.33,0.85,5000,38,-0.2232728287303382,0.0409794163401199,-0.223272828730338,0.0409750897097534,2.220446049250313e-16,4.326630366500994e-06
11,0.9,0.9,0.33,0.85,5000,39,-0.2228843540082571,0.0410955585653757,-0.222884354008257,0.0412598519428803,8.326672684688674e-17,0.00016429337750459988
11,0.9,0.9,0.33,0.85,5000,40,-0.2494816832252982,0.0407152156456131,-0.249481537116918,0.0408479984436993,1.4610838020012729e-07,0.0001327827980862062
11,0.9,0.9,0.33,0.85,5000,41,-0.2119304761181115,0.0410052331957265,-0.211930476118112,0.0410623188028806,4.996003610813204e-16,5.708560715410316e-05
11,0.9,0.9,0.33,0.85,5000,42,-0.300291229473645,0.0407205046748966,-0.300291229473643,0.041084165832138,1.9984014443252818e-15,0.0003636611572414017
11,0.9,0.9,0.33,0.85,5000,43,-0.2797812816236766,0.0407162398083292,-0.279781281623677,0.0406433028949765,3.885780586188048e-16,7.29369133526947e-05
11,0.9,0.9,0.33,0.85,5000,44,-0.2533723882063546,0.0408860108532595,-0.253372388206355,0.040802108132936,3.885780586188048e-16,8.390272032349905e-05
11,0.9,0.9,0.33,0.85,5000,45,-0.3191509975513482,0.0414162947188142,-0.319150997551348,0.0414868809789233,1.6653345369377348e-16,7.058626010909841e-05
11,0.9,0.9,0.33,0.85,5000,46,-0.2623448068347072,0.0408091754441495,-0.262344806834707,0.0406924837906749,1.6653345369377348e-16,0.00011669165347459598
11,0.9,0.9,0.33,0.85,5000,47,-0.2255652754089607,0.040921657505875,-0.225565275408961,0.0410225347938255,3.0531133177191805e-16,0.000100877287950496
11,0.9,0.9,0.33,0.85,5000,48,-0.2484962214235501,0.0413593047477213,-0.24849622142355,0.0413737212851518,1.1102230246251565e-16,1.4416537430499143e-05
11,0.9,0.9,0.33,0.85,5000,49,-0.2724234157014271,0.0412465944746406,-0.272422830637227,0.0413586488607247,5.85064200087082e-07,0.00011205438608409557
12,0.75,0.85,1.0,1.0,5000,0,0.0278240434459881,0.0391978470029916,0.0278241838748436,0.0392874754946259,1.4042885549889195e-07,8.962849163429709e-05
12,0.75,0.85,1.0,1.0,5000,1,-0.055315344260907,0.0399525759813962,-0.0553153442492102,0.0399560178513425,1.1696803248195664e-11,3.441869946302356e-06
12,0.75,0.85,1.0,1.0,5000,2,0.0088399521354563,0.0397004752185518,0.0088399521354563,0.0395275794205997,0.0,0.00017289579795209953
12,0.75,0.85,1.0,1.0,5000,3,-0.0436827321986802,0.0394583375645065,-0.043682352333583,0.0393261976889422,3.7986509719700745e-07,0.00013213987556429801
12,0.75,0.85,1.0,1.0,5000,4,-0.0268004017160347,0.0393713067332692,-0.0268000717206812,0.0394731418391658,3.299953534978417e-07,0.0001018351058966055
12,0.75,0.85,1.0,1.0,5000,5,-0.0218608726625697,0.0399508040627611,-0.0218606928295262,0.0399759186981194,1.798330435016926e-07,2.5114635358300386e-05
12,0.75,0.85,1.0,1.0,5000,6,0.0355469882818581,0.0397083608199984,0.0355469882818492,0.0397793020070431,8.902600878712974e-15,7.094118704469715e-05
12,0.75,0.85,1.0,1.0,5000,7,-0.0205933742459962,0.0399016891012071,-0.0205933742347263,0.0397728876928065,1.126990167854558e-11,0.00012880140840060283
12,0.75,0.85,1.0,1.0,5000,8,0.0824829029135596,0.0394963992619236,0.0824829029088142,0.0393333524409468,4.745398518579691e-12,0.00016304682097680046
12,0.75,0.85,1.0,1.0,5000,9,0.0042013470887357,0.0397307000162661,0.0042013470887359,0.0397514507724656,2.0036056147532122e-16,2.0750756199498788e-05
12,0.75,0.85,1.0,1.0,5000,10,0.000965735080861,0.0397364003843302,0.0009660116329758,0.0397863291499423,2.765521148000681e-07,4.992876561209919e-05
12,0.75,0.85,1.0,1.0,5000,11,-0.0017832864449566,0.0393514608618159,-0.0017832861842507,0.0391133755524179,2.6070590001051053e-10,0.00023808530939799927
12,0.75,0.85,1.0,1.0,5000,12,-0.0027455738430356,0.0402188267128435,-0.0027457849254856,0.0402505535270816,2.1108244999991366e-07,3.172681423810331e-05
12,0.75,0.85,1.0,1.0,5000,13,0.0250183912763408,0.0395109249533909,0.025017391505477,0.0392869855758079,9.99770863797933e-07,0.00022393937758299898
12,0.75,0.85,1.0,1.0,5000,14,0.0329455244090845,0.0398333726414674,0.0329455244090835,0.0396823342380675,9.992007221626409e-16,0.000151038403399896
12,0.75,0.85,1.0,1.0,5000,15,0.0479805052858558,0.0398236283569221,0.0479805052858517,0.0394566033898704,4.093947403305265e-15,0.0003670249670517031
12,0.75,0.85,1.0,1.0,5000,16,-0.0737269346310388,0.0401795061924058,-0.0737269346259304,0.0402296780522564,5.108399814268694e-12,5.0171859850595135e-05
12,0.75,0.85,1.0,1.0,5000,17,0.004278715114995,0.0395300332066237,0.0042796661139345,0.0394291820630232,9.50998939500125e-07,0.00010085114360050551
12,0.75,0.85,1.0,1.0,5000,18,0.0368534013054063,0.0399800060889217,0.0368534013053641,0.0399169365992585,4.2195413829659856e-14,6.306948966320475e-05
12,0.75,0.85,1.0,1.0,5000,19,0.0153260119023666,0.0395280128404655,0.0153260373431258,0.03959112846422,2.5440759198955276e-08,6.311562375450191e-05
12,0.75,0.85,1.0,1.0,5000,20,-0.0039634430180614,0.039588064482284,-0.0039633302818142,0.0396054127191511,1.1273624720038733e-07,1.7348236867102684e-05
12,0.75,0.85,1.0,1.0,5000,21,-0.0029536305147025,0.0398246901961783,-0.0029540091038083,0.0396021786031731,3.78589105800263e-07,0.00022251159300520212
12,0.75,0.85,1.0,1.0,5000,22,-0.0186628700268935,0.0399494687975006,-0.0186628700268985,0.039688634095261,4.999473057765158e-15,0.00026083470223960126
12,0.75,0.85,1.0,1.0,5000,23,-0.0312135633778551,0.0398403827835041,-0.0312135633776356,0.0398581912651707,2.195015003092493e-13,1.78084816665966e-05
12,0.75,0.85,1.0,1.0,5000,24,0.0057690123912666,0.0397262934351302,0.0057690123912666,0.0396082099226165,0.0,0.00011808351251369614
12,0.75,0.85,1.0,1.0,5000,25,-0.0009036278442729,0.0399280644485894,-0.0009028766772979,0.0398370126660157,7.511669750000227e-07,9.1051782573702e-05
12,0.75,0.85,1.0,1.0,5000,26,-0.1067529294600086,0.0398006317983657,-0.106752929414794,0.0397377646719966,4.521459595618893e-11,6.286712636910385e-05
12,0.75,0.85,1.0,1.0,5000,27,-0.0206685571536055,0.0388397037001073,-0.0206685571536074,0.0388954406581362,1.9012569296705806e-15,5.573695802889994e-05
12,0.75,0.85,1.0,1.0,5000,28,0.0662765448021316,0.0396586386369904,0.0662765448013936,0.039627198545175,7.38006877831765e-13,3.144009181540314e-05
12,0.75,0.85,1.0,1.0,5000,29,0.06761685216654,0.040227628139374,0.0676168521651286,0.0398770076921108,1.4113987756303459e-12,0.0003506204472632016
12,0.75,0.85,1.0,1.0,5000,30,0.0005053507091214,0.0391519893185342,0.0005051540439602,0.039028174402052,1.9666516119993312e-07,0.00012381491648219556
12,0.75,0.85,1.0,1.0,5000,31,-0.0330286628563233,0.0392382934274264,-0.0330286628563025,0.039152474718172,2.0795865030009963e-14,8.581870925439966e-05
12,0.75,0.85,1.0,1.0,5000,32,-0.0335768834271658,0.0388444511231113,-0.0335766254003027,0.0388371866153929,2.580268630980598e-07,7.264507718401925e-06
12,0.75,0.85,1.0,1.0,5000,33,0.0358699863254326,0.039755121857737,0.0358696211022822,0.0396458737020182,3.652231503961656e-07,0.00010924815571879826
12,0.75,0.85,1.0,1.0,5000,34,0.0221332115799392,0.0398024634214663,0.0221338001004133,0.0398631394599011,5.885204741006012e-07,6.067603843479957e-05
12,0.75,0.85,1.0,1.0,5000,35,-0.0345233680211025,0.0397843464654885,-0.0345231871427302,0.0397088083967991,1.8087837230090775e-07,7.553806868940138e-05
12,0.75,0.85,1.0,1.0,5000,36,0.048528525234378,0.0397398328042342,0.0485285252343689,0.0397937122037651,9.096889908022376e-15,5.387939953089421e-05
12,0.75,0.85,1.0,1.0,5000,37,0.0359946425795455,0.0397124224749847,0.0359946425802002,0.0397013600341474,6.546985176214548e-13,1.1062440837303344e-05
12,0.75,0.85,1.0,1.0,5000,38,-0.04060125587282,0.0394830126810212,-0.0406012558715245,0.0394444107844715,1.2954984307533834e-12,3.860189654970175e-05
12,0.75,0.85,1.0,1.0,5000,39,-0.0319838103864621,0.0395922294465066,-0.0319838103857098,0.0396424616975935,7.523009992738139e-13,5.023225108689855e-05
12,0.75,0.85,1.0,1.0,5000,40,0.0043852454238902,0.039497523358242,0.0043852454238899,0.0395452398746931,3.0010716134398763e-16,4.7716516451100366e-05
12,0.75,0.85,1.0,1.0,5000,41,-0.0220467878570229,0.0399894913267906,-0.0220488223606728,0.0398563406868399,2.034503649901015e-06,0.00013315063995069515
12,0.75,0.85,1.0,1.0,5000,42,0.0361009565816841,0.0391232505359342,0.0361009565814818,0.039155984922396,2.0230345176841524e-13,3.27343864617996e-05
12,0.75,0.85,1.0,1.0,5000,43,-0.0032838721549138,0.039278125281892,-0.0032838721549138,0.0393552542446922,0.0,7.712896280020337e-05
12,0.75,0.85,1.0,1.0,5000,44,-0.02027934524184,0.0394457509171533,-0.0202793452418992,0.0394872451365301,5.919917334118452e-14,4.1494219376797536e-05
12,0.75,0.85,1.0,1.0,5000,45,0.051460420241397,0.0398806068257604,0.0514604238771668,0.0397635675951189,3.63576980327851e-09,0.00011703923064149829
12,0.75,0.85,1.0,1.0,5000,46,-0.0229849915111603,0.0397634418111758,-0.0229849915111617,0.0396068907220588,1.3981871216373065e-15,0.00015655108911699633
12,0.75,0.85,1.0,1.0,5000,47,0.0254279098543668,0.0396844271651798,0.0254280217547481,0.0397949108865744,1.1190038129785251e-07,0.00011048372139459833
12,0.75,0.85,1.0,1.0,5000,48,-0.0101077371772956,0.0396891021906549,-0.0101077371772969,0.0395445296481623,1.2993078835066285e-15,0.00014457254249260199
12,0.75,0.85,1.0,1.0,5000,49,0.0348892671366317,0.0397650643499831,0.0348892671365917,0.039563671810096,4.000272335602517e-14,0.00020139253988710193
13,0.75,0.85,1.0,0.85,5000,0,-0.1268544294593857,0.0405162501898884,-0.126854429397641,0.0404868154127325,6.174469269204508e-11,2.9434777155896985e-05
13,0.75,0.85,1.0,0.85,5000,1,-0.0641401606302022,0.040939069330757,-0.0641401606271626,0.040737385547336,3.0395963523943692e-12,0.0002016837834210028
13,0.75,0.85,1.0,0.85,5000,2,-0.1692205298928422,0.040620546299904,-0.169223076704787,0.0405627852989822,2.546811944809102e-06,5.7761000921800754e-05
13,0.75,0.85,1.0,0.85,5000,3,-0.0579687997563973,0.0406260833093742,-0.0579687997563249,0.0407669684323254,7.240041899336802e-14,0.00014088512295119815
13,0.75,0.85,1.0,0.85,5000,4,-0.062846687555394,0.0407945580507222,-0.0628466875547936,0.0408563571127775,6.004086117172847e-13,6.179906205529967e-05
13,0.75,0.85,1.0,0.85,5000,5,-0.0933980672697601,0.0407840834138326,-0.0933980672514801,0.0408052193103963,1.8280002511694704e-11,2.1135896563703738e-05
13,0.75,0.85,1.0,0.85,5000,6,-0.1582916779032279,0.0406743945691335,-0.158291677227519,0.0406476804710402,6.75708905495398e-10,2.671409809330144e-05
13,0.75,0.85,1.0,0.85,5000,7,-0.1373106332120217,0.0410508996708185,-0.137310632719337,0.0411073062770791,4.926846985942035e-10,5.640660626059918e-05
13,0.75,0.85,1.0,0.85,5000,8,-0.0730757814343142,0.0404053250452872,-0.0730756689053554,0.0405331682575392,1.1252895880387026e-07,0.00012784321225199624
13,0.75,0.85,1.0,0.85,5000,9,-0.1394950480078058,0.0407902813519006,-0.139495047843263,0.0406678689192121,1.6454279605504496e-10,0.00012241243268849844
13,0.75,0.85,1.0,0.85,5000,10,-0.0897198765568937,0.0404240043016637,-0.0897198765302422,0.0404713751935773,2.665150045100262e-11,4.73708919135965e-05
13,0.75,0.85,1.0,0.85,5000,11,-0.0897290719919969,0.0403077487767986,-0.0897290719709428,0.0405045170914974,2.1054089027749967e-11,0.00019676831469879474
13,0.75,0.85,1.0,0.85,5000,12,-0.135296226415811,0.0405881453738321,-0.135296225977231,0.0405685947175874,4.385799778905408e-10,1.9550656244704534e-05
13,0.75,0.85,1.0,0.85,5000,13,-0.1092171430314687,0.0406772697355944,-0.109217142976397,0.0406297739678837,5.507171108032338e-11,4.749576771070213e-05
13,0.75,0.85,1.0,0.85,5000,14,-0.1120836984908764,0.0400773118873396,-0.112083698202532,0.0401255854002627,2.883444039092353e-10,4.827351292310128e-05
13,0.75,0.85,1.0,0.85,5000,15,-0.1077585245381903,0.040674757242353,-0.107758524537176,0.040827275970337,1.014299755297543e-12,0.00015251872798400373
13,0.75,0.85,1.0,0.85,5000,16,-0.0260051558469213,0.040365893231487,-0.0260051558469216,0.0404499261018552,3.0184188481996443e-16,8.40328703681989e-05
13,0.75,0.85,1.0,0.85,5000,17,-0.0838752585583723,0.0404567950856155,-0.0838752585394356,0.0403536220200489,1.8936699430760484e-11,0.00010317306556659883
13,0.75,0.85,1.0,0.85,5000,18,-0.0670287893475001,0.0407128787446381,-0.0670286617174548,0.0407733189677077,1.2763004531013422e-07,6.04402230695994e-05
13,0.75,0.85,1.0,0.85,5000,19,-0.1428204882624956,0.0409052597278569,-0.142820488061519,0.0409015307638148,2.009765964761101e-10,3.7289640420976045e-06
13,0.75,0.85,1.0,0.85,5000,20,-0.1228159253789313,0.0404944928624771,-0.122815925199127,0.0404483682758835,1.7980429645181317e-10,4.6124586593594696e-05
13,0.75,0.85,1.0,0.85,5000,21,-0.1373087695215246,0.0405956030620644,-0.137308769420964,0.0406038714189386,1.0056058763474596e-10,8.268356874195637e-06
13,0.75,0.85,1.0,0.85,5000,22,-0.172620180643233,0.0405222077683607,-0.172620180643233,0.0402656225477347,0.0,0.00025658522062600025
13,0.75,0.85,1.0,0.85,5000,23,-0.0582869433299596,0.0402864119064186,-0.0582869433279798,0.0402929413460608,1.9798052086628104e-12,6.529439642195822e-06
13,0.75,0.85,1.0,0.85,5000,24,-0.0391885355496377,0.0404296917413318,-0.0391885355499217,0.0404128297776718,2.8400198859301895e-13,1.686196365999898e-05
13,0.75,0.85,1.0,0.85,5000,25,-0.0788422024035413,0.0405698298667813,-0.0788422024022805,0.0402181680806891,1.2607970223399434e-12,0.0003516617860922014
13,0.75,0.85,1.0,0.85,5000,26,-0.1063245444676571,0.040589650180746,-0.106324544409333,0.0406663871641191,5.832409555317497e-11,7.673698337309909e-05
13,0.75,0.85,1.0,0.85,5000,27,-0.0759280564173527,0.0401638285833783,-0.0759280564166265,0.040067217091715,7.261968804073149e-13,9.661149166330374e-05
13,0.75,0.85,1.0,0.85,5000,28,-0.1317671802102458,0.0407486036990685,-0.131767180079746,0.0407321409648967,1.3049980540635886e-10,1.6462734171801552e-05
13,0.75,0.85,1.0,0.85,5000,29,-0.0357778764390251,0.0406242466875635,-0.0357778764387859,0.040475016000454,2.392044895493939e-13,0.00014923068710950144
13,0.75,0.85,1.0,0.85,5000,30,-0.0823033013766842,0.0408320424053699,-0.0823033013595864,0.0408453932609474,1.7097795401710414e-11,1.3350855577499987e-05
13,0.75,0.85,1.0,0.85,5000,31,-0.0462628432269873,0.0405720670940896,-0.0462628432266978,0.0404464413412912,2.895045314588174e-13,0.00012562575279839727
13,0.75,0.85,1.0,0.85,5000,32,-0.0889061132899078,0.0407241196970319,-0.0889061132600816,0.0407971166874121,2.982619706770606e-11,7.299699038020024e-05
13,0.75,0.85,1.0,0.85,5000,33,-0.0698315366323053,0.0404703723951327,-0.0698315366315476,0.04042227602901,7.576994587310537e-13,4.8096366122699075e-05
13,0.75,0.85,1.0,0.85,5000,34,-0.1103524443252276,0.0405121976225146,-0.110352444321711,0.0404806036269013,3.5166036749245677e-12,3.1593995613303505e-05
13,0.75,0.85,1.0,0.85,5000,35,-0.1007387656728512,0.040175278912538,-0.100738765621815,0.0400324853073375,5.1036203041476824e-11,0.00014279360520049605
13,0.75,0.85,1.0,0.85,5000,36,-0.0865363467567597,0.0405639764114295,-0.0865363467438899,0.0405524683415011,1.286980244596947e-11,1.1508069928403697e-05
13,0.75,0.85,1.0,0.85,5000,37,-0.0311335071968815,0.0403433438778151,-0.0311335071968661,0.0404433473020702,1.539740557277014e-14,0.00010000342425509762
13,0.75,0.85,1.0,0.85,5000,38,-0.0913487363023297,0.0410085342738462,-0.0913487362894086,0.0409622890686628,1.292110862749496e-11,4.62452051834053e-05
13,0.75,0.85,1.0,0.85,5000,39,-0.1273111572655989,0.0408660010511582,-0.127311157257157,0.0407980295413832,8.441913834644765e-12,6.7971509775e-05
13,0.75,0.85,1.0,0.85,5000,40,-0.1522270541914018,0.0405224523308408,-0.152227053653753,0.0404709213732228,5.376488143582492e-10,5.1530957617999806e-05
13,0.75,0.85,1.0,0.85,5000,41,-0.1218019050412195,0.0406348402655527,-0.121801904971813,0.0406081254223931,6.940650831843698e-11,2.6714843159601764e-05
13,0.75,0.85,1.0,0.85,5000,42,-0.0746593968541196,0.0411278271421157,-0.0746593968436265,0.0411166603097927,1.0493092506003165e-11,1.116683232300214e-05
13,0.75,0.85,1.0,0.85,5000,43,-0.1482236092750499,0.0402451709143396,-0.148223236601742,0.040248796999955,3.726733079079114e-07,3.626085615396346e-06
13,0.75,0.85,1.0,0.85,5000,44,-0.1163261581352352,0.0404147526354054,-0.116326159528599,0.0403621544597394,1.393363799340186e-09,5.25981756660035e-05
13,0.75,0.85,1.0,0.85,5000,45,-0.1559838202373292,0.0406097360996543,-0.155983820328074,0.0406981544442626,9.074480056270318e-11,8.841834460830006e-05
13,0.75,0.85,1.0,0.85,5000,46,-0.1421231384246307,0.0409017597936624,-0.142123137674531,0.0408932690780208,7.500997045717384e-10,8.49071564160142e-06
13,0.75,0.85,1.0,0.85,5000,47,-0.0896749042592191,0.0400253175184293,-0.0896749042448665,0.0400042591873209,1.435260243987102e-11,2.1058331108395056e-05
13,0.75,0.85,1.0,0.85,5000,48,-0.0363901427824532,0.0403572735502024,-0.0363908960607511,0.0404121482667763,7.532782978977859e-07,5.4874716573900806e-05
13,0.75,0.85,1.0,0.85,5000,49,-0.0963981905378223,0.0407899858523493,-0.096398190510476,0.0407926623648104,2.734629189760085e-11,2.67651246109446e-06
14,0.75,0.85,0.5,1.0,5000,0,-0.0776818515028464,0.0400822763795943,-0.0776815410437893,0.0400733111202255,3.104590571012533e-07,8.96525936880388e-06
14,0.75,0.85,0.5,1.0,5000,1,-0.1116708649457063,0.0407428640043908,-0.111670864802532,0.0408055957952552,1.4317430574450896e-10,6.273179086440511e-05
14,0.75,0.85,0.5,1.0,5000,2,-0.0897030048713092,0.0396126156271168,-0.0897030048400692,0.039496533955214,3.123999670062716e-11,0.00011608167190280128
14,0.75,0.85,0.5,1.0,5000,3,-0.0213711002234398,0.0402975316289026,-0.0213711002235517,0.0402903554027531,1.1190007254135992e-13,7.176226149499532e-06
14,0.75,0.85,0.5,1.0,5000,4,-0.1041416827783989,0.0399893375166162,-0.104141682690078,0.0398734924200506,8.83209061441903e-11,0.0001158450965655991
14,0.75,0.85,0.5,1.0,5000,5,-0.0539842492117835,0.0396828939039059,-0.0539842492131307,0.0396483273988058,1.3472001292313962e-12,3.45665051001004e-05
14,0.75,0.85,0.5,1.0,5000,6,-0.0562060894112421,0.0404458262655713,-0.0562060894102758,0.0404044414507331,9.662964872703128e-13,4.1384814838195394e-05
14,0.75,0.85,0.5,1.0,5000,7,-0.0972791097906736,0.0397874309028495,-0.0972791097372834,0.0398617452070487,5.3390195042801736e-11,7.431430419919949e-05
14,0.75,0.85,0.5,1.0,5000,8,-0.0499770893747269,0.0399686427126545,-0.0499770901582694,0.0400041337541615,7.835425017144182e-10,3.549104150700477e-05
14,0.75,0.85,0.5,1.0,5000,9,-0.0732401099573264,0.0395832808972386,-0.0732402142941027,0.0394844958033545,1.0433677630206084e-07,9.878509388409895e-05
14,0.75,0.85,0.5,1.0,5000,10,-0.0559308607035839,0.0396432079108294,-0.0559308607281086,0.0397200308787704,2.4524701713879438e-11,7.682296794100235e-05
14,0.75,0.85,0.5,1.0,5000,11,-0.0760244565442433,0.0396920774873667,-0.0760248175380963,0.0397911014329492,3.6099385300469855e-07,9.902394558249789e-05
14,0.75,0.85,0.5,1.0,5000,12,-0.0972180801294245,0.0405209654037651,-0.0972180801418425,0.0404362769829874,1.2417997186098262e-11,8.468842077769684e-05
14,0.75,0.85,0.5,1.0,5000,13,-0.0510820095868904,0.0402612759449196,-0.0510820095863286,0.040184256253593,5.618006060359448e-13,7.701969132659775e-05
14,0.75,0.85,0.5,1.0,5000,14,-0.0664788330008827,0.0399383874813187,-0.0664788329969848,0.0398257020655245,3.89789589494427e-12,0.00011268541579419894
14,0.75,0.85,0.5,1.0,5000,15,-0.1163782460661756,0.0402358956240573,-0.116378248275494,0.040190210147239,2.2093184087745854e-09,4.568547681829682e-05
14,0.75,0.85,0.5,1.0,5000,16,0.0016845447819531,0.040358275834453,0.0016845447819531,0.0402660277856006,0.0,9.224804885239746e-05
14,0.75,0.85,0.5,1.0,5000,17,-0.0409332028128209,0.0401998733741769,-0.0409332028154287,0.040219731843156,2.6077959236481263e-12,1.985846897909621e-05
14,0.75,0.85,0.5,1.0,5000,18,-0.1361900715037714,0.0400373037827891,-0.136190071244604,0.0398911088798706,2.591674097551788e-10,0.00014619490291849918
14,0.75,0.85,0.5,1.0,5000,19,-0.0196067980520503,0.0394757850758937,-0.0196067901973146,0.0394291566319075,7.854735698670234e-09,4.662844398620192e-05
14,0.75,0.85,0.5,1.0,5000,20,-0.1313047895881528,0.0403967383200514,-0.131304789323052,0.0404402807122895,2.6510080242125866e-10,4.354239223810369e-05
14,0.75,0.85,0.5,1.0,5000,21,-0.1204124399581128,0.0400272439236039,-0.120412619336788,0.0400039301164322,1.7937867520523287e-07,2.3313807171701506e-05
14,0.75,0.85,0.5,1.0,5000,22,-0.0557393322558025,0.0401659144892712,-0.0557393322594666,0.0400591826606217,3.66409680374602e-12,0.00010673182864949504
14,0.75,0.85,0.5,1.0,5000,23,-0.0346132098528268,0.0395183254342535,-0.0346132098568495,0.0395611129869889,4.022698840699945e-12,4.278755273540158e-05
14,0.75,0.85,0.5,1.0,5000,24,-0.0696828512985598,0.0396538539959315,-0.0696828513000577,0.0392804100371892,1.4978990270364534e-12,0.0003734439587423019
14,0.75,0.85,0.5,1.0,5000,25,-0.0275009963712474,0.0393171616252077,-0.0275009963714202,0.0392706731790213,1.727992748890017e-13,4.6488446186404575e-05
14,0.75,0.85,0.5,1.0,5000,26,-0.1161004867451831,0.0397131433817907,-0.116100486627014,0.0397651872790331,1.1816909950557175e-10,5.204389724240005e-05
14,0.75,0.85,0.5,1.0,5000,27,-0.0474999628467434,0.0406572046283836,-0.0474999625540799,0.0404613395272892,2.9266349760304067e-10,0.00019586510109440014
14,0.75,0.85,0.5,1.0,5000,28,-0.1144975441144554,0.0401929598988942,-0.114497543983461,0.0400367899042151,1.3099439588604156e-10,0.00015616999467910064
14,0.75,0.85,0.5,1.0,5000,29,-0.0807617243242646,0.0405914099165496,-0.0807613315130934,0.0405841990789513,3.9281117118761255e-07,7.210837598303765e-06
14,0.75,0.85,0.5,1.0,5000,30,0.0096054128048415,0.0401034844259783,0.0096054128048379,0.0399674011294656,3.599551212651875e-15,0.0001360832965127054
14,0.75,0.85,0.5,1.0,5000,31,-0.0378850413814801,0.0394299394710487,-0.0378850413814054,0.0393788127949882,7.469719287556131e-14,5.112667606049781e-05
14,0.75,0.85,0.5,1.0,5000,32,-0.0913622983781953,0.0408030458208239,-0.0913622983818621,0.0407358484196964,3.6668029723685436e-12,6.719740112749728e-05
14,0.75,0.85,0.5,1.0,5000,33,-0.043337707226465,0.0399577684261307,-0.0433377072262901,0.0400654597511534,1.749017597418856e-13,0.00010769132502270323
14,0.75,0.85,0.5,1.0,5000,34,-0.0458966781086225,0.0398357422086622,-0.0458962420274874,0.0399005740797201,4.3608113510507085e-07,6.483187105790073e-05
14,0.75,0.85,0.5,1.0,5000,35,-0.0383609457901749,0.0398209557376502,-0.0383609457901221,0.0397644670848201,5.27980437148301e-14,5.648865283010285e-05
14,0.75,0.85,0.5,1.0,5000,36,-0.0370569396187783,0.039975411269212,-0.0370569396188694,0.0399697580862254,9.10937991704941e-14,5.653182986599392e-06
14,0.75,0.85,0.5,1.0,5000,37,-0.0353664548095113,0.0398296343760768,-0.0353664548094668,0.0398233803076797,4.4499126605757056e-14,6.25406839709769e-06
14,0.75,0.85,0.5,1.0,5000,38,-0.1145799735292619,0.0401860085559589,-0.114579973371902,0.0401987340600555,1.5735990288590074e-10,1.2725504096602891e-05
14,0.75,0.85,0.5,1.0,5000,39,-0.1524953999404778,0.0400559205421282,-0.152495399940478,0.0398337492239473,1.942890293094024e-16,0.00022217131818089847
14,0.75,0.85,0.5,1.0,5000,40,-0.0854663918796502,0.0400842867431714,-0.0854663918928114,0.040094169151398,1.316119435657015e-11,9.882408226594142e-06
14,0.75,0.85,0.5,1.0,5000,41,-0.0277024757811881,0.0399805113104971,-0.0277024757812234,0.0398846943262078,3.529815328917607e-14,9.581698428929447e-05
14,0.75,0.85,0.5,1.0,5000,42,-0.0059459521168477,0.0397452866415956,-0.005945952116846,0.0398665916895942,1.700029006457271e-15,0.00012130504799860026
14,0.75,0.85,0.5,1.0,5000,43,-0.0855133984273311,0.0400063329138919,-0.0855133984110036,0.0400567674092486,1.6327508789437672e-11,5.043449535670208e-05
14,0.75,0.85,0.5,1.0,5000,44,-0.0885357939930383,0.0399268452648199,-0.0885357939657351,0.0400240478182524,2.7303201366457586e-11,9.720255343250578e-05
14,0.75,0.85,0.5,1.0,5000,45,-0.0066447516878921,0.0399230328834786,-0.0066447516878922,0.0399524668970403,9.974659986866641e-17,2.9434013561702166e-05
14,0.75,0.85,0.5,1.0,5000,46,-0.0821881881454676,0.0404187770418346,-0.0821881881286171,0.0403733447461388,1.6850507100762968e-11,4.543229569579921e-05
14,0.75,0.85,0.5,1.0,5000,47,-0.0813688311800608,0.0399510552987572,-0.0813689636357402,0.0399951804521862,1.324556793969034e-07,4.412515342900464e-05
14,0.75,0.85,0.5,1.0,5000,48,-0.0340469953139107,0.0394050663359496,-0.0340469953138996,0.0393063536332547,1.1102230246251565e-14,9.871270269489613e-05
14,0.75,0.85,0.5,1.0,5000,49,-0.1312930209154201,0.0399567104895672,-0.13129302076499,0.0398765033797114,1.5043011281079544e-10,8.020710985579688e-05
15,0.75,0.85,0.5,0.85,5000,0,-0.1741442137016325,0.0407296646119112,-0.174144213701632,0.0408735242452678,4.996003610813204e-16,0.00014385963335659946
15,0.75,0.85,0.5,0.85,5000,1,-0.1257274728393337,0.0406033934465942,-0.125727472508817,0.0407094100104941,3.3051669734440736e-10,0.00010601656389989944
15,0.75,0.85,0.5,0.85,5000,2,-0.1503788141812221,0.0406096566506437,-0.150378814181222,0.0407007679717427,8.326672684688674e-17,9.111132109899944e-05
15,0.75,0.85,0.5,0.85,5000,3,-0.1148458984170361,0.0403480125020176,-0.114846425918918,0.0404096599513642,5.275018818973187e-07,6.164744934660654e-05
15,0.75,0.85,0.5,0.85,5000,4,-0.2456800491790826,0.0411612180060623,-0.245680049179083,0.0413728950557844,4.163336342344337e-16,0.0002116770497220949
15,0.75,0.85,0.5,0.85,5000,5,-0.1979634685464552,0.0409562613233624,-0.197963468546455,0.0409558820448703,1.942890293094024e-16,3.7927849209917763e-07
15,0.75,0.85,0.5,0.85,5000,6,-0.1628804469184294,0.0410168774382647,-0.162880446498469,0.0412723900737356,4.199603997889767e-10,0.00025551263547089753
15,0.75,0.85,0.5,0.85,5000,7,-0.1645867465620877,0.0413244396800799,-0.16458652793401,0.0411754034498493,2.1862807769723602e-07,0.0001490362302305967
15,0.75,0.85,0.5,0.85,5000,8,-0.1260112500570125,0.040713638896756,-0.126011250060297,0.0407233717240095,3.2845115516266787e-12,9.73282725350022e-06
15,0.75,0.85,0.5,0.85,5000,9,-0.1161937412846099,0.0408443911547353,-0.116193740925957,0.040711247491002,3.586528990462412e-10,0.00013314366373329972
15,0.75,0.85,0.5,0.85,5000,10,-0.146322078294689,0.0407923018119491,-0.146322078110223,0.0408010449851422,1.8446599803212393e-10,8.743173193097309e-06
15,0.75,0.85,0.5,0.85,5000,11,-0.1774382926291754,0.0412990016739665,-0.177438292629175,0.0412818451247163,4.163336342344337e-16,1.7156549250205155e-05
15,0.75,0.85,0.5,0.85,5000,12,-0.1123471920018012,0.0404817969668343,-0.112347191931162,0.0405225300541014,7.06392028204661e-11,4.0733087267097456e-05
15,0.75,0.85,0.5,0.85,5000,13,-0.1639690707216363,0.0416318803888556,-0.163969070721636,0.0414710688129876,3.0531133177191805e-16,0.00016081157586799594
15,0.75,0.85,0.5,0.85,5000,14,-0.1894482564248047,0.0411692991621237,-0.189448463683307,0.0412100394304927,2.0725850230496334e-07,4.074026836899808e-05
15,0.75,0.85,0.5,0.85,5000,15,-0.1843544449038564,0.0415260506756971,-0.184354444903856,0.041344581244917,4.163336342344337e-16,0.0001814694307800957
15,0.75,0.85,0.5,0.85,5000,16,-0.1325943617772215,0.0417220474069031,-0.132594361594711,0.0414996401078599,1.8251050670770042e-10,0.00022240729904320078
15,0.75,0.85,0.5,0.85,5000,17,-0.1964543189376262,0.0405495654281653,-0.196454318937626,0.0405500336977838,1.942890293094024e-16,4.68269618504602e-07
15,0.75,0.85,0.5,0.85,5000,18,-0.2521276659937482,0.0414226505662996,-0.25212782454768,0.0413335682290179,1.585539318171847e-07,8.908233728169984e-05
15,0.75,0.85,0.5,0.85,5000,19,-0.1252590370318529,0.0407394564959835,-0.125259036797636,0.0406888245311945,2.342168958779922e-10,5.063196478900106e-05
15,0.75,0.85,0.5,0.85,5000,20,-0.1676853338783846,0.0417759836262617,-0.167685333207455,0.0417730368314301,6.709296174189916e-10,2.9467948316000414e-06
15,0.75,0.85,0.5,0.85,5000,21,-0.1109736827761475,0.0402229319772648,-0.110973682771955,0.040244621470636,4.192493574528555e-12,2.168949337119641e-05
15,0.75,0.85,0.5,0.85,5000,22,-0.0801953634809714,0.0406454384789507,-0.0801953634680624,0.0406627503583916,1.2908993318738737e-11,1.7311879440901068e-05
15,0.75,0.85,0.5,0.85,5000,23,-0.1433100064614117,0.0404461308782466,-0.143310006461412,0.0404826394823231,3.0531133177191805e-16,3.6508604076501694e-05
15,0.75,0.85,0.5,0.85,5000,24,-0.0923937784588135,0.040598964110953,-0.0923937784448969,0.0406000668434489,1.3916590102525106e-11,1.102732495900094e-06
15,0.75,0.85,0.5,0.85,5000,25,-0.1933644974807819,0.0412841548944405,-0.193364497480782,0.0412774473448375,8.326672684688674e-17,6.7075496029966875e-06
15,0.75,0.85,0.5,0.85,5000,26,-0.0838291168035024,0.040662684884493,-0.0838297289352011,0.0406440084666985,6.121316987045544e-07,1.8676417794495637e-05
15,0.75,0.85,0.5,0.85,5000,27,-0.1985434186023552,0.0409864790225523,-0.198543418602355,0.0408798761392175,1.942890293094024e-16,0.00010660288333479845
15,0.75,0.85,0.5,0.85,5000,28,-0.1387159292030818,0.0408728656947108,-0.138715928657845,0.040987404177185,5.452368001535035e-10,0.00011453848247420378
15,0.75,0.85,0.5,0.85,5000,29,-0.1249626961884105,0.0413042018180305,-0.124962695987845,0.0412587750935303,2.0056549476787922e-10,4.5426724500204074e-05
15,0.75,0.85,0.5,0.85,5000,30,-0.3203178878607196,0.0415512434096675,-0.320317727185063,0.0418089917584801,1.6067565655752958e-07,0.00025774834881259895
15,0.75,0.85,0.5,0.85,5000,31,-0.1416784025449612,0.0411286193240178,-0.141678402200295,0.0411356057094272,3.446661844819232e-10,6.9863854094062705e-06
15,0.75,0.85,0.5,0.85,5000,32,-0.1453776456474842,0.0409183571364649,-0.145377645647485,0.041040982454358,8.049116928532385e-16,0.00012262531789310194
15,0.75,0.85,0.5,0.85,5000,33,-0.1374841472976223,0.0412994970792928,-0.137483992588172,0.04138521177345,1.547094502785118e-07,8.571469415719762e-05
15,0.75,0.85,0.5,0.85,5000,34,-0.150788247968238,0.0404759985379444,-0.150788247968238,0.0405232020737963,0.0,4.720353585189324e-05
15,0.75,0.85,0.5,0.85,5000,35,-0.1446956744390005,0.0410768200659377,-0.14469567389206,0.0410359003067867,5.46940492895942e-10,4.091975915099938e-05
15,0.75,0.85,0.5,0.85,5000,36,-0.2338039754947577,0.0410354458965247,-0.233803975494758,0.0411408833767943,3.0531133177191805e-16,0.00010543748026960176
15,0.75,0.85,0.5,0.85,5000,37,-0.1949987079778692,0.0410955059865442,-0.194998707977869,0.0411069185151327,1.942890293094024e-16,1.141252858850167e-05
15,0.75,0.85,0.5,0.85,5000,38,-0.164123929539992,0.0411846011224574,-0.164123929539992,0.0411563601096318,0.0,2.8241012825599987e-05
15,0.75,0.85,0.5,0.85,5000,39,-0.1968877803902005,0.0407892430221189,-0.196887780390201,0.0407283575126084,4.996003610813204e-16,6.088550951049987e-05
15,0.75,0.85,0.5,0.85,5000,40,-0.0696182095270768,0.0408783034524166,-0.0696182095251641,0.0408530188676964,1.9127061046120275e-12,2.528458472020323e-05
15,0.75,0.85,0.5,0.85,5000,41,-0.1533714943539397,0.0408774998242166,-0.15337149435394,0.0409236350170633,3.0531133177191805e-16,4.6135192846699646e-05
15,0.75,0.85,0.5,0.85,5000,42,-0.1851018218238289,0.0408458492423419,-0.185101821823829,0.0408035742238974,1.1102230246251565e-16,4.227501844449727e-05
15,0.75,0.85,0.5,0.85,5000,43,-0.1638855170023681,0.0410831458616488,-0.163885517002368,0.0411432294364308,8.326672684688674e-17,6.0083574781995275e-05
15,0.75,0.85,0.5,0.85,5000,44,-0.1679489356726011,0.0411808837591946,-0.167948744414051,0.0412721662888137,1.9125855010848625e-07,9.12825296191036e-05
15,0.75,0.85,0.5,0.85,5000,45,-0.2029989798992056,0.0411352938079588,-0.202998979899206,0.0411634165324107,4.163336342344337e-16,2.8122724451899728e-05
15,0.75,0.85,0.5,0.85,5000,46,-0.1879554785940784,0.0405983547294007,-0.187955478898155,0.0403966576654307,3.040765972350812e-10,0.0002016970639700036
15,0.75,0.85,0.5,0.85,5000,47,-0.1681255031728001,0.0420181341820823,-0.1681255031728,0.0418858470793902,8.326672684688674e-17,0.00013228710269209965
15,0.75,0.85,0.5,0.85,5000,48,-0.1189971462698057,0.0404582420371297,-0.118996611742626,0.0405012503612068,5.345271796991513e-07,4.300832407710259e-05
15,0.75,0.85,0.5,0.85,5000,49,-0.1475606925558635,0.0410345096671389,-0.147560691952667,0.0410875210401037,6.031964927544209e-10,5.301137296479658e-05
16,0.75,0.85,0.33,1.0,5000,0,-0.0728306650102384,0.0402609361526536,-0.0728306650202533,0.0402293362003977,1.0014905571509303e-11,3.1599952255899344e-05
16,0.75,0.85,0.33,1.0,5000,1,-0.1047403325513774,0.0408252710350174,-0.104740332516334,0.0407365152883586,3.504339873838802e-11,8.875574665880015e-05
16,0.75,0.85,0.33,1.0,5000,2,-0.0556182268478852,0.0397672488973464,-0.0556182268506465,0.0398814874624839,2.761298134590362e-12,0.00011423856513750191
16,0.75,0.85,0.33,1.0,5000,3,-0.1470249028667878,0.0406662598846201,-0.147024900265644,0.0406148259188944,2.6011438003514797e-09,5.14339657257043e-05
16,0.75,0.85,0.33,1.0,5000,4,-0.1115574422471262,0.0404575151132119,-0.111557446489857,0.0404339012531875,4.2427308055703605e-09,2.3613860024397637e-05
16,0.75,0.85,0.33,1.0,5000,5,-0.068552700568328,0.0406612614331299,-0.0685527006022055,0.0407752223682155,3.387749802907791e-11,0.00011396093508560245
16,0.75,0.85,0.33,1.0,5000,6,-0.1216528136991105,0.0400752511805514,-0.121652813439353,0.0401736774723616,2.597575071705549e-10,9.842629181019968e-05
16,0.75,0.85,0.33,1.0,5000,7,-0.0737578027514379,0.0403198711974746,-0.0737578027671662,0.0403176797151559,1.5728307545259668e-11,2.1914823186974797e-06
16,0.75,0.85,0.33,1.0,5000,8,-0.1494868296977982,0.0407446345448602,-0.149486829697798,0.040813873261767,1.942890293094024e-16,6.923871690679706e-05
16,0.75,0.85,0.33,1.0,5000,9,-0.0147831019348193,0.0402397379432796,-0.014783375797711,0.0400702271192816,2.7386289169935296e-07,0.0001695108239979995
16,0.75,0.85,0.33,1.0,5000,10,-0.1058811535287729,0.040285308603758,-0.105881153478432,0.0403005131866674,5.034091199451751e-11,1.5204582909399134e-05
16,0.75,0.85,0.33,1.0,5000,11,-0.0231700431241396,0.0405378575201668,-0.0231700431246974,0.040578290177653,5.578003337003423e-13,4.04326574861974e-05
16,0.75,0.85,0.33,1.0,5000,12,-0.1489334442464096,0.0405959205719337,-0.14893344424641,0.0406372988739047,3.885780586188048e-16,4.1378301970998455e-05
16,0.75,0.85,0.33,1.0,5000,13,-0.0854442035571418,0.0410523991280459,-0.0854442035384976,0.0409802329600672,1.864419729713518e-11,7.21661679786989e-05
16,0.75,0.85,0.33,1.0,5000,14,-0.0935416317814375,0.0407022670590233,-0.0935414979239294,0.0407692141656435,1.3385750809169483e-07,6.694710662019654e-05
16,0.75,0.85,0.33,1.0,5000,15,-0.1160643900736618,0.0406775720936408,-0.116064394156438,0.0407621717085397,4.082776200453608e-09,8.459961489890033e-05
16,0.75,0.85,0.33,1.0,5000,16,-0.0821941344809271,0.0402455601684745,-0.0821941344999443,0.040317636755525,1.9017190600045808e-11,7.207658705050274e-05
16,0.75,0.85,0.33,1.0,5000,17,-0.0601797964410606,0.0400029308210724,-0.0601797964475767,0.0399698235840965,6.516100159448257e-12,3.310723697589474e-05
16,0.75,0.85,0.33,1.0,5000,18,-0.0425603002142351,0.0398151612397988,-0.0425603002143737,0.0397354386025785,1.3860440573054689e-13,7.972263722030165e-05
16,0.75,0.85,0.33,1.0,5000,19,-0.0941991175840531,0.0407269847102877,-0.0941991175449157,0.040685285707409,3.913740165284452e-11,4.169900287869649e-05
16,0.75,0.85,0.33,1.0,5000,20,-0.1024112778163816,0.0405554057426318,-0.102411646840381,0.0404763695436649,3.690239993997535e-07,7.903619896689612e-05
16,0.75,0.85,0.33,1.0,5000,21,-0.0882584548911312,0.0409556439058966,-0.0882584549482181,0.0409031641876887,5.708690464789612e-11,5.247971820790398e-05
16,0.75,0.85,0.33,1.0,5000,22,-0.0960332096626978,0.040237008396436,-0.0960332096189825,0.0401895782636799,4.371529527258389e-11,4.7430132756098864e-05
16,0.75,0.85,0.33,1.0,5000,23,-0.1084962998483017,0.0402947408722748,-0.108496299830015,0.0403245529429977,1.828669160541807e-11,2.9812070722903816e-05
16,0.75,0.85,0.33,1.0,5000,24,-0.0942802845943871,0.0404091293714399,-0.0942802847154164,0.0403984246014799,1.210292976949745e-10,1.0704769959998806e-05
16,0.75,0.85,0.33,1.0,5000,25,-0.1532273066866932,0.0404048413502465,-0.153227306686694,0.040345131216538,7.771561172376096e-16,5.9710133708500146e-05
16,0.75,0.85,0.33,1.0,5000,26,-0.0738686364457794,0.04063387287099,-0.0738686364392295,0.0406793782930763,6.549899511654189e-12,4.550542208630465e-05
16,0.75,0.85,0.33,1.0,5000,27,-0.0960198193751161,0.0410434019320969,-0.0960198194613936,0.0412627869864301,8.627749903400428e-11,0.00021938505433320016
16,0.75,0.85,0.33,1.0,5000,28,-0.0654624075233551,0.0399205430828,-0.0654624075287186,0.0399169985407699,5.363501309751939e-12,3.5445420300955766e-06
16,0.75,0.85,0.33,1.0,5000,29,-0.0826874887860558,0.0403343618543397,-0.0826874887872047,0.0404344746954422,1.1489004192455354e-12,0.00010011284110249957
16,0.75,0.85,0.33,1.0,5000,30,-0.1585699168457437,0.0407194023502469,-0.158569628492688,0.0406619040236897,2.883530557107328e-07,5.7498326557200996e-05
16,0.75,0.85,0.33,1.0,5000,31,-0.0765478582487211,0.0404354816323126,-0.0765478582383911,0.0404206517893558,1.033000074368573e-11,1.4829842956802508e-05
16,0.75,0.85,0.33,1.0,5000,32,-0.1033697321261232,0.0407136813982182,-0.103369732062587,0.0406462236586964,6.353620407573146e-11,6.745773952180484e-05
16,0.75,0.85,0.33,1.0,5000,33,-0.1206989318598301,0.0405894644713799,-0.120698931625584,0.040637878740426,2.3424610862132766e-10,4.8414269046101466e-05
16,0.75,0.85,0.33,1.0,5000,34,-0.1239971503395153,0.04014789459379,-0.123997150339516,0.0402699011500953,6.938893903907228e-16,0.00012200655630530133
16,0.75,0.85,0.33,1.0,5000,35,-0.0986644433052796,0.0406161583287103,-0.0986644432447004,0.0405499107980749,6.05791944385814e-11,6.624753063540212e-05
16,0.75,0.85,0.33,1.0,5000,36,-0.1127367051516231,0.0402577029930761,-0.112736574842341,0.0402975968058894,1.3030928210089332e-07,3.9893812813301954e-05
16,0.75,0.85,0.33,1.0,5000,37,-0.1991712083393516,0.0406528224035868,-0.199171208321339,0.0406115691239727,1.8012591418425927e-11,4.1253279614100746e-05
16,0.75,0.85,0.33,1.0,5000,38,-0.1346781033552369,0.0404304107116674,-0.134678103355235,0.0404207558806648,1.887379141862766e-15,9.654831002597897e-06
16,0.75,0.85,0.33,1.0,5000,39,-0.1401708531439585,0.0406768644311088,-0.140170853143959,0.0407218600888826,4.996003610813204e-16,4.499565777379977e-05
16,0.75,0.85,0.33,1.0,5000,40,-0.0793569795908817,0.0405071170367674,-0.0793567698499879,0.0404915129171989,2.0974089380565442e-07,1.560411956849639e-05
16,0.75,0.85,0.33,1.0,5000,41,-0.0733835960532266,0.040134227278832,-0.0733837600142318,0.0401039369465171,1.6396100520343904e-07,3.029033231490008e-05
16,0.75,0.85,0.33,1.0,5000,42,-0.0875821438973702,0.0404487299451909,-0.0875821438709911,0.040476229170719,2.637909335412303e-11,2.749922552809647e-05
16,0.75,0.85,0.33,1.0,5000,43,-0.1024523226088858,0.0400538790304033,-0.10245232258098,0.0400578003598222,2.7905802668648505e-11,3.921329418898889e-06
16,0.75,0.85,0.33,1.0,5000,44,-0.1224334436474883,0.0403414605252307,-0.122433443382232,0.04033859135467,2.652563030336452e-10,2.869170560700074e-06
16,0.75,0.85,0.33,1.0,5000,45,-0.0801115236909236,0.0402391347639178,-0.0801115236889736,0.0403080077350699,1.949995720451625e-12,6.887297115210078e-05
16,0.75,0.85,0.33,1.0,5000,46,-0.0978683778600669,0.0404781602301994,-0.0978683779022271,0.0406604024543223,4.216020588199143e-11,0.00018224222412289992
16,0.75,0.85,0.33,1.0,5000,47,-0.1409923252439336,0.0400467867724281,-0.140992325218018,0.0400843760406084,2.591560299691764e-11,3.758926818029501e-05
16,0.75,0.85,0.33,1.0,5000,48,-0.1226406883823471,0.0398992980561019,-0.122640688382347,0.0399460664669567,9.71445146547012e-17,4.6768410854797215e-05
16,0.75,0.85,0.33,1.0,5000,49,-0.1278648111571811,0.0405138987753604,-0.127864810556658,0.0405572875747237,6.005231034666991e-10,4.338879936329615e-05
17,0.75,0.85,0.33,0.85,5000,0,-0.2194289163181382,0.0408438162479028,-0.219428807611492,0.0409137375028199,1.0870664621243087e-07,6.992125491710188e-05
17,0.75,0.85,0.33,0.85,5000,1,-0.2098002133758528,0.0413360114340019,-0.209800213375853,0.0414326094213631,1.942890293094024e-16,9.659798736119662e-05
17,0.75,0.85,0.33,0.85,5000,2,-0.1513814321723496,0.0408500810819227,-0.15138143217235,0.0407947410448084,4.163336342344337e-16,5.534003711429869e-05
17,0.75,0.85,0.33,0.85,5000,3,-0.1493824048868728,0.0406489093541755,-0.149382404886873,0.0407764625357344,1.942890293094024e-16,0.00012755318155890233
17,0.75,0.85,0.33,0.85,5000,4,-0.1512983151014241,0.0411751682694467,-0.151298315101424,0.0412390772622103,1.1102230246251565e-16,6.39089927636019e-05
17,0.75,0.85,0.33,0.85,5000,5,-0.1976956331984798,0.041011788934802,-0.19769563319848,0.0411020855703604,1.942890293094024e-16,9.029663555840117e-05
17,0.75,0.85,0.33,0.85,5000,6,-0.1926745530908007,0.0416966332884254,-0.192673981518701,0.0416686905411581,5.715720997057083e-07,2.7942747267299672e-05
17,0.75,0.85,0.33,0.85,5000,7,-0.1663440777314234,0.0419008535602699,-0.166344223198277,0.0419983795913287,1.454668535905146e-07,9.752603105879498e-05
17,0.75,0.85,0.33,0.85,5000,8,-0.1603144961866582,0.0409816813834189,-0.160314496186658,0.0410121106908608,1.942890293094024e-16,3.0429307441896813e-05
17,0.75,0.85,0.33,0.85,5000,9,-0.1362862235086438,0.0413926255270765,-0.136286223508644,0.0414610387991392,1.942890293094024e-16,6.84132720626951e-05
17,0.75,0.85,0.33,0.85,5000,10,-0.1460808793352955,0.0410850438295893,-0.146080878776503,0.0412328937764841,5.587925122618742e-10,0.0001478499468947972
17,0.75,0.85,0.33,0.85,5000,11,-0.1244221161831344,0.0413347942695016,-0.124422116086138,0.0413006471171374,9.69963970254284e-11,3.414715236420285e-05
17,0.75,0.85,0.33,0.85,5000,12,-0.2840108448682539,0.0419353175057187,-0.284010844868254,0.0419419738411795,1.1102230246251565e-16,6.656335460798746e-06
17,0.75,0.85,0.33,0.85,5000,13,-0.2151969287525128,0.0417346415602541,-0.215196928752513,0.0418382028587411,1.942890293094024e-16,0.00010356129848699408
17,0.75,0.85,0.33,0.85,5000,14,-0.1537476172290291,0.041525998392429,-0.153747617229029,0.0413508189438169,1.1102230246251565e-16,0.00017517944861210333
17,0.75,0.85,0.33,0.85,5000,15,-0.2041525562110435,0.0414468220438703,-0.204152556211044,0.0414569626200424,4.996003610813204e-16,1.0140576172101845e-05
17,0.75,0.85,0.33,0.85,5000,16,-0.1661079155529788,0.0410731211326463,-0.166107915017417,0.0411175503342422,5.355617893609832e-10,4.4429201595898304e-05
17,0.75,0.85,0.33,0.85,5000,17,-0.1582272214165578,0.041264035227388,-0.158227221416558,0.0412251395514231,2.220446049250313e-16,3.8895675964899235e-05
17,0.75,0.85,0.33,0.85,5000,18,-0.1861553920111842,0.0418436609649827,-0.186155392011184,0.0418951321377621,1.942890293094024e-16,5.147117277939928e-05
17,0.75,0.85,0.33,0.85,5000,19,-0.2277642914291971,0.0412290100907107,-0.227764291429198,0.0412723277366252,8.881784197001252e-16,4.331764591450349e-05
17,0.75,0.85,0.33,0.85,5000,20,-0.1154775222126,0.0413881355608541,-0.115477522028556,0.0412728268728417,1.840440022604639e-10,0.00011530868801239852
17,0.75,0.85,0.33,0.85,5000,21,-0.1588145874885308,0.0414110925053712,-0.158814587488531,0.041548078056464,1.942890293094024e-16,0.00013698555109280253
17,0.75,0.85,0.33,0.85,5000,22,-0.2236844221335941,0.0414767543131606,-0.223684422133594,0.0414598268521553,1.1102230246251565e-16,1.692746100529635e-05
17,0.75,0.85,0.33,0.85,5000,23,-0.2526208902532492,0.0416306026263484,-0.252620890253249,0.0416494710338988,1.6653345369377348e-16,1.8868407550401423e-05
17,0.75,0.85,0.33,0.85,5000,24,-0.1065286813491521,0.0417174963929594,-0.106528248569183,0.0418695925493601,4.3277996909785177e-07,0.0001520961564007023
17,0.75,0.85,0.33,0.85,5000,25,-0.1810016497013511,0.041492203740508,-0.181001649701351,0.0413148007021859,1.1102230246251565e-16,0.00017740303832210202
17,0.75,0.85,0.33,0.85,5000,26,-0.1972268708051087,0.041460489588625,-0.197226870805109,0.041599815706447,3.0531133177191805e-16,0.00013932611782200427
17,0.75,0.85,0.33,0.85,5000,27,-0.2142954190102313,0.0413865623060482,-0.214295419010232,0.0414434340886556,6.938893903907228e-16,5.687178260739556e-05
17,0.75,0.85,0.33,0.85,5000,28,-0.15741853496004,0.0413844956427598,-0.15741853496004,0.0414782936970747,0.0,9.379805431490584e-05
17,0.75,0.85,0.33,0.85,5000,29,-0.2552584495182722,0.0419049000155868,-0.255258182989958,0.0421011793506193,2.665283141967123e-07,0.00019627933503250233
17,0.75,0.85,0.33,0.85,5000,30,-0.1229215255539041,0.0411335845490401,-0.122921525272411,0.041112480090111,2.81493106601971e-10,2.110445892909707e-05
17,0.75,0.85,0.33,0.85,5000,31,-0.1799892942124498,0.0411735844258518,-0.179990099826355,0.0412961228623079,8.056139051970668e-07,0.0001225384364561058
17,0.75,0.85,0.33,0.85,5000,32,-0.1465272488802061,0.0413575784238255,-0.146527248880206,0.04135506189618,1.1102230246251565e-16,2.516527645504696e-06
17,0.75,0.85,0.33,0.85,5000,33,-0.1456712292500349,0.0408357826763907,-0.145671229250036,0.040798484336557,1.1102230246251565e-15,3.7298339833700955e-05
17,0.75,0.85,0.33,0.85,5000,34,-0.2063378778318442,0.0408142241668798,-0.206337877831844,0.040970228585423,1.942890293094024e-16,0.00015600441854320135
17,0.75,0.85,0.33,0.85,5000,35,-0.1364027883756917,0.0408439337423406,-0.136402788011777,0.0408649004593114,3.639147039269375e-10,2.0966716970799437e-05
17,0.75,0.85,0.33,0.85,5000,36,-0.1376596747297726,0.041502677951514,-0.137659674729772,0.0416401449800367,6.106226635438361e-16,0.00013746702852270032
17,0.75,0.85,0.33,0.85,5000,37,-0.1791193381422759,0.040969448677056,-0.179119142962544,0.0410038125888798,1.9517973190441573e-07,3.436391182379955e-05
17,0.75,0.85,0.33,0.85,5000,38,-0.168207030420891,0.041698450480224,-0.168207181724229,0.0417208765846252,1.5130333799739937e-07,2.2426104401201963e-05
17,0.75,0.85,0.33,0.85,5000,39,-0.1917057809981599,0.0413241762146624,-0.191705781007458,0.0413466272889536,9.29809007566007e-12,2.2451074291197914e-05
17,0.75,0.85,0.33,0.85,5000,40,-0.218086837253115,0.0409956942623128,-0.218086837253115,0.0410839919609013,0.0,8.829769858850062e-05
17,0.75,0.85,0.33,0.85,5000,41,-0.1716309485536078,0.041189102557659,-0.171630948553608,0.0410876728989216,1.942890293094024e-16,0.00010142965873739807
17,0.75,0.85,0.33,0.85,5000,42,-0.1181963161909434,0.0410417520379591,-0.118196315980875,0.0411675365816135,2.10068393236007e-10,0.00012578454365439612
17,0.75,0.85,0.33,0.85,5000,43,-0.2405833339973744,0.0417576013010308,-0.240583333997374,0.0417738358498506,3.885780586188048e-16,1.6234548819799022e-05
17,0.75,0.85,0.33,0.85,5000,44,-0.2308041186329145,0.0412243041694273,-0.230804118632915,0.0414556667537952,4.996003610813204e-16,0.00023136258436790014
17,0.75,0.85,0.33,0.85,5000,45,-0.184092548196238,0.0413994681393474,-0.184092548196238,0.0413485760591694,0.0,5.089208017800689e-05
17,0.75,0.85,0.33,0.85,5000,46,-0.1729379954112808,0.0411584042636273,-0.17293799541128,0.0410472977595137,8.049116928532385e-16,0.00011110650411360473
17,0.75,0.85,0.33,0.85,5000,47,-0.1751425265523458,0.0412733330762851,-0.175142526552346,0.0413936709051513,1.942890293094024e-16,0.00012033782886620298
17,0.75,0.85,0.33,0.85,5000,48,-0.1788404049804658,0.0408982331139701,-0.178840404980466,0.0407869189181952,1.942890293094024e-16,0.00011131419577490448
17,0.75,0.85,0.33,0.85,5000,49,-0.1798250948352988,0.0409909808497028,-0.179825094835299,0.0408096051175342,1.942890293094024e-16,0.0001813757321685941
18,1.0,1.0,1.0,1.0,50000,0,-0.0113544308131522,0.0125726308546425,-0.011354396622957,0.0125632651718929,3.419019520105315e-08,9.365682749600673e-06
18,1.0,1.0,1.0,1.0,50000,1,-0.0168408196867116,0.0125877178226467,-0.0168408162229703,0.012579039459444,3.4637413007243545e-09,8.678363202700365e-06
18,1.0,1.0,1.0,1.0,50000,2,0.0070545484489792,0.0126092970718206,0.0070545482268475,0.0125854764232679,2.2213170018658968e-10,2.3820648552700177e-05
18,1.0,1.0,1.0,1.0,50000,3,-0.0005602010877745,0.0126229538016412,-0.0005602275814391,0.0126148033006747,2.649366460005971e-08,8.150500966501092e-06
18,1.0,1.0,1.0,1.0,50000,4,0.0141427824339686,0.0125580691519423,0.0141427553494946,0.0125529500467302,2.708447400037728e-08,5.119105212100794e-06
18,1.0,1.0,1.0,1.0,50000,5,0.0067515594115811,0.0125663037161718,0.0067515307925847,0.0125698486256718,2.8618996400150976e-08,3.5449095000007758e-06
18,1.0,1.0,1.0,1.0,50000,6,-0.010369558568099,0.0124900644348514,-0.01036956043946,0.0125109396143816,1.871361000188587e-09,2.0875179530199794e-05
18,1.0,1.0,1.0,1.0,50000,7,0.0024871941787004,0.0125616519535105,0.0024872059531922,0.01256767574647,1.1774491799967923e-08,6.023792959500979e-06
18,1.0,1.0,1.0,1.0,50000,8,0.0055162749638047,0.0125465666558704,0.0055162866280079,0.0125380717868043,1.1664203199666934e-08,8.49486906609985e-06
18,1.0,1.0,1.0,1.0,50000,9,0.0239603713685369,0.0125676067659498,0.0239603571667643,0.0125406150379924,1.420177260166855e-08,2.6991727957399736e-05
18,1.0,1.0,1.0,1.0,50000,10,-0.0003739255952776,0.0125288510624374,-0.0003739260072322,0.0125273274817091,4.1195459998984163e-10,1.5235807283003194e-06
18,1.0,1.0,1.0,1.0,50000,11,0.0093788845793359,0.0125702631455943,0.0093788967147424,0.0125402976700939,1.2135406500871082e-08,2.996547550040106e-05
18,1.0,1.0,1.0,1.0,50000,12,0.0105510870631254,0.0125476179251766,0.0105510980517317,0.0125450946145997,1.0988606300929571e-08,2.5233105769000702e-06
18,1.0,1.0,1.0,1.0,50000,13,0.010544803760065,0.0125806202461359,0.0105448004019603,0.0126045075470518,3.3581047005626363e-09,2.388730091590005e-05
18,1.0,1.0,1.0,1.0,50000,14,0.0019784150073709,0.0125948172460105,0.0019784358161582,0.0125849797831302,2.0808787299601145e-08,9.837462880300449e-06
18,1.0,1.0,1.0,1.0,50000,15,-0.0073698422119124,0.0125441848381449,-0.0073698220498115,0.0125505791087502,2.0162100899424884e-08,6.394270605300165e-06
18,1.0,1.0,1.0,1.0,50000,16,0.0012644725065051,0.0125753991416462,0.0012644561798485,0.0125881662353442,1.6326656600024886e-08,1.276709369800108e-05
18,1.0,1.0,1.0,1.0,50000,17,0.0177598131406877,0.0125543777726574,0.0177598100038854,0.0125515741022702,3.1368023005462486e-09,2.8036703871997526e-06
18,1.0,1.0,1.0,1.0,50000,18,0.0034186083859956,0.0126022882026893,0.0034185903763173,0.0126250047891908,1.8009678300328485e-08,2.271658650149916e-05
18,1.0,1.0,1.0,1.0,50000,19,0.0136983758399069,0.012598104877124,0.0136983836633951,0.012603656821047,7.823488201025297e-09,5.5519439229999995e-06
18,1.0,1.0,1.0,1.0,50000,20,0.0001696274963406,0.012586274247933,0.0001696420760468,0.0125801788978253,1.4579706200012121e-08,6.095350107700875e-06
18,1.0,1.0,1.0,1.0,50000,21,-0.0053857893830125,0.0126072313016827,-0.0053857917749145,0.0126135188028729,2.3919019993823287e-09,6.287501190201106e-06
18,1.0,1.0,1.0,1.0,50000,22,-0.0186995515047909,0.0125836971564755,-0.018699529818695,0.0125899510154682,2.168609589819903e-08,6.253858992699354e-06
18,1.0,1.0,1.0,1.0,50000,23,-0.0091138571637143,0.0125662542030129,-0.0091138616347984,0.0125500675595896,4.471084100177158e-09,1.618664342330038e-05
18,1.0,1.0,1.0,1.0,50000,24,-0.0083757888041245,0.0126351501493595,-0.008375816193862,0.0126440646368743,2.7389737500618794e-08,8.914487514799854e-06
18,1.0,1.0,1.0,1.0,50000,25,-0.0001225830036204,0.0125653735806391,-0.000122583000893,0.0125504475706643,2.727399984461462e-12,1.4926009974800675e-05
18,1.0,1.0,1.0,1.0,50000,26,0.0100502736945569,0.0126212329909371,0.0100502615474197,0.0126376497183948,1.2147137200615998e-08,1.641672745769998e-05
18,1.0,1.0,1.0,1.0,50000,27,0.0183829155342987,0.0125413110523521,0.0183829132967942,0.0125379385825929,2.2375044976541414e-09,3.372469759200039e-06
18,1.0,1.0,1.0,1.0,50000,28,0.011822268711462,0.0125005937160961,0.0118222385508734,0.0124809262083722,3.016058860126625e-08,1.966750772390037e-05
18,1.0,1.0,1.0,1.0,50000,29,0.0259577982233361,0.0125914789167905,0.0259577950106374,0.0126022976670152,3.212698700821859e-09,1.0818750224699317e-05
18,1.0,1.0,1.0,1.0,50000,30,0.0023128507223923,0.0125309572018083,0.0023128683935282,0.0125081218971088,1.7671135900051982e-08,2.283530469950057e-05
18,1.0,1.0,1.0,1.0,50000,31,-0.0092485205155745,0.012594470279019,-0.009248540636813,0.0125861464213654,2.012123850002323e-08,8.323857653600233e-06
18,1.0,1.0,1.0,1.0,50000,32,0.0013733527795624,0.0125810049298726,0.0013733233001432,0.0125839105905945,2.9479419200000023e-08,2.9056607219000302e-06
18,1.0,1.0,1.0,1.0,50000,33,-0.0029999230677559,0.0125799612739993,-0.0029999213449278,0.0125718712691235,1.722828100233359e-09,8.090004875799944e-06
18,1.0,1.0,1.0,1.0,50000,34,0.0046093384598665,0.0125849979924615,0.0046093346687616,0.0126074922539516,3.791104900494058e-09,2.2494261490100045e-05
18,1.0,1.0,1.0,1.0,50000,35,-0.0217201876054215,0.0125746304345025,-0.021720177278597,0.0125887399199996,1.0326824499695686e-08,1.4109485497100852e-05
18,1.0,1.0,1.0,1.0,50000,36,0.0120853494119331,0.0125805655284918,0.0120853704440925,0.0125872851195771,2.1032159401232486e-08,6.7195910852992785e-06
18,1.0,1.0,1.0,1.0,50000,37,-0.0124069866279116,0.0125958853051125,-0.0124069699406827,0.0126168931990256,1.6687228899039952e-08,2.1007893913099762e-05
18,1.0,1.0,1.0,1.0,50000,38,-0.0054084585366946,0.0125662657408174,-0.005408451781629,0.0125571075874675,6.755065599765853e-09,9.158153349900916e-06
18,1.0,1.0,1.0,1.0,50000,39,0.0110181447587764,0.01253176297795,0.0110181204079571,0.0125369993509034,2.435081930020344e-08,5.236372953399543e-06
18,1.0,1.0,1.0,1.0,50000,40,0.0059344249804639,0.0126173125655301,0.0059345106679708,0.0126115688987049,8.568750689986332e-08,5.743666825199986e-06
18,1.0,1.0,1.0,1.0,50000,41,-0.0039597655156432,0.0125797238591329,-0.0039597356013175,0.0125711963448371,2.991432569970226e-08,8.527514295799885e-06
18,1.0,1.0,1.0,1.0,50000,42,0.0006542285434847,0.0125485770392513,0.0006542249489924,0.0125276303790367,3.5944923000531467e-09,2.0946660214600857e-05
18,1.0,1.0,1.0,1.0,50000,43,-0.000978691777052,0.0125668293356788,-0.0009786929539174,0.0125859867394393,1.1768653998371625e-09,1.9157403760499542e-05
18,1.0,1.0,1.0,1.0,50000,44,0.0268591063571873,0.0125803299389191,0.0268591510095029,0.0125792342961885,4.4652315598497916e-08,1.095642730599214e-06
18,1.0,1.0,1.0,1.0,50000,45,-0.0002206260409076,0.0125814680887124,-0.0002206363472306,0.0125953801714088,1.0306323000000735e-08,1.391208269639968e-05
18,1.0,1.0,1.0,1.0,50000,46,0.0067332792688488,0.0125554482664888,0.0067332629805632,0.0125616132136636,1.628828559963741e-08,6.164947174799873e-06
18,1.0,1.0,1.0,1.0,50000,47,0.0017392544191734,0.0126053354845297,0.0017392568343014,0.0125976493274613,2.4151280001490777e-09,7.686157068399757e-06
18,1.0,1.0,1.0,1.0,50000,48,-0.0021587501072706,0.0125674350324674,-0.0021587004695627,0.0125674173522652,4.963770790017072e-08,1.768020219984623e-08
18,1.0,1.0,1.0,1.0,50000,49,-0.0112771147941924,0.0125634626422509,-0.0112771173768691,0.0125702188440194,2.5826766992392836e-09,6.756201768501335e-06
19,1.0,1.0,1.0,0.85,50000,0,-0.1473674745864066,0.0129184409813796,-0.147367460013791,0.0129307389827584,1.4572615586461168e-08,1.2298001378798981e-05
19,1.0,1.0,1.0,0.85,50000,1,-0.154387586457755,0.0128798626744781,-0.15438758562544,0.0128850016956892,8.323149947031538e-10,5.1390212111000755e-06
19,1.0,1.0,1.0,0.85,50000,2,-0.1603386993443079,0.0128048053227878,-0.160338660116067,0.0128425229467221,3.9228240877875464e-08,3.771762393429967e-05
19,1.0,1.0,1.0,0.85,50000,3,-0.1766263593061201,0.0128793264681878,-0.176626331131723,0.0128743872197957,2.8174397120883654e-08,4.939248392099235e-06
19,1.0,1.0,1.0,0.85,50000,4,-0.1505486957865708,0.0128920591746699,-0.150548678706833,0.0128693469307536,1.707973779074834e-08,2.2712243916299737e-05
19,1.0,1.0,1.0,0.85,50000,5,-0.1453123357444126,0.0128536491169922,-0.145312341933401,0.0128392933009271,6.1889884050980726e-09,1.4355816065099794e-05
19,1.0,1.0,1.0,0.85,50000,6,-0.1531420341846332,0.0128562107259354,-0.153141997770285,0.0128463490164461,3.6414348203450686e-08,9.86170948930054e-06
19,1.0,1.0,1.0,0.85,50000,7,-0.1759394890022912,0.0128821371534094,-0.17593949509698,0.0128623879708496,6.094688809188398e-09,1.974918255980007e-05
19,1.0,1.0,1.0,0.85,50000,8,-0.1448562807702023,0.0128521641469898,-0.144856252556534,0.0128692896525497,2.8213668290533178e-08,1.7125505559901014e-05
19,1.0,1.0,1.0,0.85,50000,9,-0.1752968256290227,0.0129363262474697,-0.17529684216959,0.0129262935900886,1.6540567276956963e-08,1.003265738110104e-05
19,1.0,1.0,1.0,0.85,50000,10,-0.1628204894477899,0.0128248703347986,-0.162820454947379,0.0128472756763129,3.4500410889259925e-08,2.2405341514299126e-05
19,1.0,1.0,1.0,0.85,50000,11,-0.1597905190746661,0.0128190613516527,-0.159790493805868,0.0128158957434709,2.526879810949012e-08,3.1656081817994786e-06
19,1.0,1.0,1.0,0.85,50000,12,-0.1676423694937089,0.0128649983436869,-0.167642353558661,0.012854343338639,1.5935047892323695e-08,1.0655005047899638e-05
19,1.0,1.0,1.0,0.85,50000,13,-0.1792885620584897,0.0128910040584388,-0.179288529472747,0.0128894924453953,3.258574268749648e-08,1.5116130435005593e-06
19,1.0,1.0,1.0,0.85,50000,14,-0.1710745716473856,0.012844171044537,-0.171074547737383,0.012839226606395,2.3910002588944934e-08,4.944438141999893e-06
19,1.0,1.0,1.0,0.85,50000,15,-0.1489831172440152,0.0128351222770201,-0.148983117064086,0.0128243870187421,1.799291826642957e-10,1.0735258278000981e-05
19,1.0,1.0,1.0,0.85,50000,16,-0.1667452518930144,0.0128612201942337,-0.166745211947741,0.0128591155579586,3.9945273394570435e-08,2.1046362750996167e-06
19,1.0,1.0,1.0,0.85,50000,17,-0.1940639493926494,0.0128589360131768,-0.194063962263999,0.0128695764674506,1.2871349597265436e-08,1.0640454273800129e-05
19,1.0,1.0,1.0,0.85,50000,18,-0.1626607453837503,0.0129010798042419,-0.162660757068159,0.0128994144162528,1.1684408690593173e-08,1.6653879891005696e-06
19,1.0,1.0,1.0,0.85,50000,19,-0.1773110982476732,0.0128797095894078,-0.177311108904274,0.01287960480749,1.065660082399944e-08,1.047819178003756e-07
19,1.0,1.0,1.0,0.85,50000,20,-0.1675467870081262,0.0128490250808808,-0.167546746519275,0.012844964658854,4.048885118845824e-08,4.060422026800833e-06
19,1.0,1.0,1.0,0.85,50000,21,-0.1782578770840676,0.012878028140107,-0.178257895143771,0.012892796133234,1.805970339940899e-08,1.476799312699964e-05
19,1.0,1.0,1.0,0.85,50000,22,-0.1675797459075557,0.0128655512504997,-0.167579739204983,0.0128614500000837,6.702572691308362e-09,4.101250415999846e-06
19,1.0,1.0,1.0,0.85,50000,23,-0.1293913961472598,0.0128097490929206,-0.129391386208159,0.0128106949543079,9.939100820144375e-09,9.458613872987548e-07
19,1.0,1.0,1.0,0.85,50000,24,-0.1407044227411855,0.012820553849444,-0.140704402345374,0.0128026186252388,2.0395811484164028e-08,1.7935224205199718e-05
19,1.0,1.0,1.0,0.85,50000,25,-0.1558729291067493,0.0128891568374706,-0.155872935746844,0.0128992709425919,6.640094696308552e-09,1.0114105121299122e-05
19,1.0,1.0,1.0,0.85,50000,26,-0.1480621518752159,0.0128374706281279,-0.14806221379683,0.0128259845991953,6.192161408624663e-08,1.1486028932600895e-05
19,1.0,1.0,1.0,0.85,50000,27,-0.1626870707860727,0.0128717587024439,-0.162687053313429,0.0128526526812479,1.7472643693006162e-08,1.910602119600119e-05
19,1.0,1.0,1.0,0.85,50000,28,-0.1661434741286889,0.0129026778184628,-0.166143422772466,0.0129107731652549,5.135622291319031e-08,8.095346792099875e-06
19,1.0,1.0,1.0,0.85,50000,29,-0.1799911519050853,0.0129083200803837,-0.179991178979313,0.0129300829499102,2.7074227693102415e-08,2.1762869526499237e-05
19,1.0,1.0,1.0,0.85,50000,30,-0.1916976775969951,0.0129118592914447,-0.191697675023674,0.0128889368275027,2.5733211117540122e-09,2.2922463941999274e-05
19,1.0,1.0,1.0,0.85,50000,31,-0.1504512819200991,0.0128599696090872,-0.15045127867397,0.0128647222935711,3.2461290877527915e-09,4.7526844839003435e-06
19,1.0,1.0,1.0,0.85,50000,32,-0.1886294501999898,0.012875931642046,-0.188629452455009,0.0128795774254433,2.2550191991488333e-09,3.6457833973001924e-06
19,1.0,1.0,1.0,0.85,50000,33,-0.1453572922898154,0.0128094587095973,-0.145357162030987,0.0128203365529988,1.302588283902395e-07,1.0877843401499096e-05
19,1.0,1.0,1.0,0.85,50000,34,-0.1654346356613741,0.0128798203084254,-0.165434640448242,0.0128501954203395,4.786867902062397e-09,2.9624888085900622e-05
19,1.0,1.0,1.0,0.85,50000,35,-0.1380051895683952,0.0128355904421999,-0.138005227815775,0.0128308590779715,3.8247379818834304e-08,4.731364228400051e-06
19,1.0,1.0,1.0,0.85,50000,36,-0.143417750855018,0.0128918953312748,-0.143417719023011,0.0128989920424386,3.183200700251909e-08,7.096711163799563e-06
19,1.0,1.0,1.0,0.85,50000,37,-0.1587413204401619,0.0128577314674942,-0.158741277870145,0.0128619047208421,4.257001690044504e-08,4.1732533478996275e-06
19,1.0,1.0,1.0,0.85,50000,38,-0.1736419903495618,0.0128300068089357,-0.173642002308721,0.0128415885814655,1.1959159218477566e-08,1.1581772529800638e-05
19,1.0,1.0,1.0,0.85,50000,39,-0.162012272144759,0.0128519555356768,-0.162012294449515,0.0128556421143443,2.2304756014390748e-08,3.6865786675003426e-06
19,1.0,1.0,1.0,0.85,50000,40,-0.1599204264797735,0.0128327608746794,-0.159920437203658,0.0128387105432047,1.0723884502628067e-08,5.94966852529924e-06
19,1.0,1.0,1.0,0.85,50000,41,-0.1677093113146312,0.0128908208761925,-0.167709333044127,0.0128958394164944,2.1729495786049213e-08,5.018540301901173e-06
19,1.0,1.0,1.0,0.85,50000,42,-0.1646506203211122,0.0128748802730298,-0.164650645918992,0.0128697772453632,2.5597879815819624e-08,5.103027666601007e-06
19,1.0,1.0,1.0,0.85,50000,43,-0.1485864795476562,0.0128858480033928,-0.148586510263633,0.0128842068473066,3.0715976817585755e-08,1.6411560861996632e-06
19,1.0,1.0,1.0,0.85,50000,44,-0.1640719368898515,0.0128705744632425,-0.164071942276748,0.012868356819134,5.386896512193928e-09,2.2176441085014487e-06
19,1.0,1.0,1.0,0.85,50000,45,-0.1614890290999907,0.0128838126705918,-0.161489015048522,0.0128645029326937,1.4051468683051738e-08,1.93097378981006e-05
19,1.0,1.0,1.0,0.85,50000,46,-0.1623457856832496,0.0128465967900009,-0.162345779857084,0.0128601862954209,5.826165577760278e-09,1.3589505420000605e-05
19,1.0,1.0,1.0,0.85,50000,47,-0.1697551748630115,0.0128873008242066,-0.169755199915934,0.0128747624122906,2.5052922486556994e-08,1.2538411915999012e-05
19,1.0,1.0,1.0,0.85,50000,48,-0.1645251764706113,0.0128026879566598,-0.164525154653123,0.0127943073186373,2.181748828822272e-08,8.380638022499956e-06
19,1.0,1.0,1.0,0.85,50000,49,-0.1552145461390907,0.0128807776532382,-0.155214537855243,0.0128816644189685,8.283847691137325e-09,8.867657303006371e-07
20,1.0,1.0,0.5,1.0,50000,0,-0.1365155805115654,0.0127052890759825,-0.136515585498233,0.0127040497963177,4.986667606621253e-09,1.2392796648000998e-06
20,1.0,1.0,0.5,1.0,50000,1,-0.1392594873672432,0.0126879520185737,-0.139259495602032,0.0126802047281235,8.234788795302705e-09,7.747290450201005e-06
20,1.0,1.0,0.5,1.0,50000,2,-0.1237368738933911,0.0127065954150031,-0.123736846374045,0.0127001294763542,2.7519346093574093e-08,6.465938648900563e-06
20,1.0,1.0,0.5,1.0,50000,3,-0.1343248487227261,0.0127108523095179,-0.134324862422682,0.0127236577180699,1.369995589195483e-08,1.2805408551998937e-05
20,1.0,1.0,0.5,1.0,50000,4,-0.1092221333846038,0.0127242748633797,-0.109222134076791,0.012732065052845,6.921871964493675e-10,7.790189465299927e-06
20,1.0,1.0,0.5,1.0,50000,5,-0.0918046143345451,0.0126910892081599,-0.0918045499471826,0.0126958488545418,6.438736251113131e-08,4.759646381899407e-06
20,1.0,1.0,0.5,1.0,50000,6,-0.1099794247824995,0.0127582892356284,-0.109979429718643,0.01276994038245,4.936143493949885e-09,1.1651146821599692e-05
20,1.0,1.0,0.5,1.0,50000,7,-0.1335288590346594,0.0127093428406102,-0.133528833284746,0.0127172108858818,2.574991339598931e-08,7.868045271600121e-06
20,1.0,1.0,0.5,1.0,50000,8,-0.1166656296343142,0.0127171949597694,-0.116665611850614,0.0127392900490342,1.778370020688591e-08,2.2095089264800166e-05
20,1.0,1.0,0.5,1.0,50000,9,-0.1143175163229126,0.0127620792183236,-0.114317505039966,0.0127509638650968,1.1282946590918108e-08,1.1115353226799282e-05
20,1.0,1.0,0.5,1.0,50000,10,-0.0975160002686185,0.0126931653676609,-0.0975160195953624,0.0126902558532716,1.932674389970579e-08,2.9095143892991088e-06
20,1.0,1.0,0.5,1.0,50000,11,-0.1204728781226342,0.0127392317588802,-0.120472884246313,0.012737890916365,6.123678800151744e-09,1.3408425152006825e-06
20,1.0,1.0,0.5,1.0,50000,12,-0.1264977229859147,0.0127062445788335,-0.126497738238148,0.0127008530050691,1.5252233309670515e-08,5.3915737644009976e-06
20,1.0,1.0,0.5,1.0,50000,13,-0.1169535221576542,0.012738393215406,-0.116953539664939,0.0127499972572178,1.7507284802431577e-08,1.1604041811800678e-05
20,1.0,1.0,0.5,1.0,50000,14,-0.1212313976708498,0.01272594041242,-0.121231395755005,0.0127292227098582,1.9158448022471575e-09,3.2822974381993553e-06
20,1.0,1.0,0.5,1.0,50000,15,-0.1322058423061246,0.0127472954362674,-0.132205839825424,0.0127472936402325,2.480700589391205e-09,1.7960348989293218e-09
20,1.0,1.0,0.5,1.0,50000,16,-0.1111598406333867,0.0127143836038198,-0.111159834662583,0.0127152703074832,5.970803698684968e-09,8.867036633986719e-07
20,1.0,1.0,0.5,1.0,50000,17,-0.1159114157810547,0.0127247921444265,-0.115911413065216,0.0127015188533047,2.71583869282388e-09,2.3273291121801015e-05
20,1.0,1.0,0.5,1.0,50000,18,-0.1176293074400366,0.0126827539932893,-0.117629309205912,0.0126902279721905,1.765875390358218e-09,7.473978901200579e-06
20,1.0,1.0,0.5,1.0,50000,19,-0.1081082990964113,0.0126702366090475,-0.108108291434759,0.0126600883353181,7.661652298707189e-09,1.0148273729400012e-05
20,1.0,1.0,0.5,1.0,50000,20,-0.1120182615631359,0.0126758025941612,-0.112018282420953,0.0126681661733744,2.085781709848522e-08,7.636420786799603e-06
20,1.0,1.0,0.5,1.0,50000,21,-0.0915523453780082,0.0127652037660603,-0.0915523567378441,0.0127785046943239,1.1359835905278004e-08,1.3300928263600478e-05
20,1.0,1.0,0.5,1.0,50000,22,-0.1254302191878722,0.0127032741941337,-0.125430212277805,0.0126929898494625,6.910067212873017e-09,1.0284344671198861e-05
20,1.0,1.0,0.5,1.0,50000,23,-0.1161804248241333,0.0127271858698302,-0.11618043824305,0.0127369600806546,1.3418916700036476e-08,9.774210824400192e-06
20,1.0,1.0,0.5,1.0,50000,24,-0.1299550988295657,0.0127047192309418,-0.12995510292112,0.0127161986217175,4.09155428982011e-09,1.1479390775699996e-05
20,1.0,1.0,0.5,1.0,50000,25,-0.1216830360454943,0.0127602377869044,-0.121683060575585,0.0127769143183697,2.4530090708685393e-08,1.667653146530078e-05
20,1.0,1.0,0.5,1.0,50000,26,-0.1051895238845726,0.012723547073241,-0.105189512911171,0.0126972474936391,1.0973401604053024e-08,2.6299579601899922e-05
20,1.0,1.0,0.5,1.0,50000,27,-0.1217679688264806,0.0127101045863979,-0.121767957077102,0.0127042075367808,1.1749378595049542e-08,5.897049617099859e-06
20,1.0,1.0,0.5,1.0,50000,28,-0.11942399673751,0.0127594095896994,-0.119423987835348,0.0127725618023748,8.90216200755134e-09,1.315221267540051e-05
20,1.0,1.0,0.5,1.0,50000,29,-0.0814149678209572,0.0126891515961656,-0.0814149937585513,0.0127108535927181,2.5937594100300387e-08,2.1701996552499214e-05
20,1.0,1.0,0.5,1.0,50000,30,-0.1283012355168205,0.0127270056271571,-0.128301208996251,0.0127606867404727,2.6520569490484647e-08,3.368111331560064e-05
20,1.0,1.0,0.5,1.0,50000,31,-0.1256153479221539,0.0127394381117369,-0.125615340752308,0.0127288786319733,7.1698458836699785e-09,1.0559479763598903e-05
20,1.0,1.0,0.5,1.0,50000,32,-0.1169708600645575,0.0127573775955289,-0.116970622053677,0.0127795842688325,2.3801088049058006e-07,2.2206673303598948e-05
20,1.0,1.0,0.5,1.0,50000,33,-0.1040151547986968,0.0127341351652011,-0.104015148536959,0.0127302844604891,6.261737794943656e-09,3.850704712000247e-06
20,1.0,1.0,0.5,1.0,50000,34,-0.1092773215331244,0.0126966872079675,-0.109277307050017,0.0127073707638024,1.4483107407814444e-08,1.0683555834899855e-05
20,1.0,1.0,0.5,1.0,50000,35,-0.1171465161263356,0.0127136619051167,-0.117146526195291,0.0127158797769119,1.0068955405562185e-08,2.2178717952008042e-06
20,1.0,1.0,0.5,1.0,50000,36,-0.1264605310469433,0.0126919784803218,-0.126460511488648,0.0126750777603555,1.9558295288879535e-08,1.6900719966298633e-05
20,1.0,1.0,0.5,1.0,50000,37,-0.1132020030786427,0.0127197897556514,-0.113202036157631,0.0127159871729033,3.30789882985183e-08,3.8025827480987068e-06
20,1.0,1.0,0.5,1.0,50000,38,-0.0998318181383147,0.0126929493590631,-0.0998318096195038,0.01271285223602,8.518810892810258e-09,1.990287695689992e-05
20,1.0,1.0,0.5,1.0,50000,39,-0.1201829360710038,0.0127246018759842,-0.120182908406253,0.0127174596407342,2.7664750809619498e-08,7.142235249999948e-06
20,1.0,1.0,0.5,1.0,50000,40,-0.1166599708950855,0.0127318112848548,-0.116659927365642,0.0127230877112504,4.3529443494172426e-08,8.7235736044005e-06
20,1.0,1.0,0.5,1.0,50000,41,-0.0951508350319949,0.0126864006864984,-0.0951508468003619,0.0126565287957891,1.1768367003117675e-08,2.9871890709300478e-05
20,1.0,1.0,0.5,1.0,50000,42,-0.1326432899627501,0.0127325407005425,-0.132643296000625,0.0127297061865354,6.037874894504469e-09,2.8345140070992064e-06
20,1.0,1.0,0.5,1.0,50000,43,-0.099120915500058,0.0126462398381748,-0.0991209269787289,0.0126383911742875,1.1478670902675958e-08,7.848663887300572e-06
20,1.0,1.0,0.5,1.0,50000,44,-0.124356970690626,0.0126994946533941,-0.124356959805868,0.0127164702733549,1.0884757997708938e-08,1.697561996080038e-05
20,1.0,1.0,0.5,1.0,50000,45,-0.1501415723802809,0.0127553005064033,-0.150141559605249,0.012775637816124,1.2775031893452748e-08,2.033730972069922e-05
20,1.0,1.0,0.5,1.0,50000,46,-0.1277513768924243,0.0127186355773763,-0.12775138327437,0.0127188854754475,6.3819456941338615e-09,2.498980711997806e-07
20,1.0,1.0,0.5,1.0,50000,47,-0.101515043295555,0.0127075681035964,-0.101515013798778,0.0127095697205457,2.9496776993154228e-08,2.0016169493004138e-06
20,1.0,1.0,0.5,1.0,50000,48,-0.1045507691404619,0.0127462633842319,-0.104550762893122,0.0127460272909925,6.24733989540438e-09,2.3609323940125548e-07
20,1.0,1.0,0.5,1.0,50000,49,-0.1109081858500288,0.0126623106713333,-0.11090818543102,0.012655831852912,4.1900879987899486e-10,6.4788184212984795e-06
21,1.0,1.0,0.5,0.85,50000,0,-0.2716998110760252,0.0130502091647627,-0.271699805906469,0.0130552925350949,5.169556172024414e-09,5.083370332200146e-06
21,1.0,1.0,0.5,0.85,50000,1,-0.2526082333738343,0.0130467640671663,-0.252608222374284,0.0130481667275385,1.0999550326129537e-08,1.402660372200673e-06
21,1.0,1.0,0.5,0.85,50000,2,-0.2564502622618405,0.0129525424310848,-0.256450233962196,0.0129568224223603,2.829964446116051e-08,4.279991275498579e-06
21,1.0,1.0,0.5,0.85,50000,3,-0.2616675391304413,0.0130539107253443,-0.261667548746585,0.0130649622703217,9.616143714641368e-09,1.1051544977399783e-05
21,1.0,1.0,0.5,0.85,50000,4,-0.2634197617341681,0.0130717992599964,-0.263419737384555,0.0130791856769154,2.4349613103602508e-08,7.38641691900091e-06
21,1.0,1.0,0.5,0.85,50000,5,-0.2921769197583108,0.0130684926800413,-0.292176917766335,0.0130702028319598,1.9919758065256588e-09,1.7101519184988673e-06
21,1.0,1.0,0.5,0.85,50000,6,-0.2560964878876606,0.0130701895773645,-0.256096473725614,0.0130706429068016,1.4162046590993072e-08,4.5332943710008067e-07
21,1.0,1.0,0.5,0.85,50000,7,-0.2908718796863712,0.0130737179502768,-0.290871880552811,0.0130740600845282,8.664398087887548e-10,3.4213425140032505e-07
21,1.0,1.0,0.5,0.85,50000,8,-0.2690292850906663,0.0130274271178777,-0.269029224097715,0.0130145177765118,6.099295130068683e-08,1.2909341365899274e-05
21,1.0,1.0,0.5,0.85,50000,9,-0.2657711909022952,0.013011362037364,-0.26577118405174,0.0130058624654997,6.850555178683493e-09,5.499571864299793e-06
21,1.0,1.0,0.5,0.85,50000,10,-0.2660062831092455,0.0130782394252778,-0.26600629632083,0.0131082965165202,1.3211584493078021e-08,3.0057091242400788e-05
21,1.0,1.0,0.5,0.85,50000,11,-0.285179527919984,0.0130174088405981,-0.285179534253085,0.0130162869726404,6.333100988076268e-09,1.1218679576985302e-06
21,1.0,1.0,0.5,0.85,50000,12,-0.2768576831019287,0.0130591051431768,-0.276857661357737,0.0130585506909598,2.174419172495945e-08,5.544522169997901e-07
21,1.0,1.0,0.5,0.85,50000,13,-0.2707262108935825,0.0130655517966503,-0.270726208371189,0.0130786817502881,2.5223935162799194e-09,1.3129953637801284e-05
21,1.0,1.0,0.5,0.85,50000,14,-0.256329943854745,0.0130478963977119,-0.256329948279748,0.0130322889964806,4.4250029751502495e-09,1.5607401231299e-05
21,1.0,1.0,0.5,0.85,50000,15,-0.2613167818598186,0.0130382741825297,-0.261316779148577,0.0130801484936569,2.71124162010139e-09,4.187431112719943e-05
21,1.0,1.0,0.5,0.85,50000,16,-0.2743203442899261,0.0130572272175455,-0.274320325100788,0.0130710295127435,1.9189138056319166e-08,1.3802295197999984e-05
21,1.0,1.0,0.5,0.85,50000,17,-0.2563268307815937,0.0130487020301532,-0.256326815716613,0.0130496583382533,1.5064980707357734e-08,9.56308100100861e-07
21,1.0,1.0,0.5,0.85,50000,18,-0.2777258502913091,0.0130549175904065,-0.277725839468931,0.013056328007194,1.0822378104791142e-08,1.410416787498911e-06
21,1.0,1.0,0.5,0.85,50000,19,-0.280436936526908,0.0130249748722885,-0.280436906361716,0.0130273808089172,3.0165192010933595e-08,2.4059366287004086e-06
21,1.0,1.0,0.5,0.85,50000,20,-0.2847862160392475,0.0130362321899066,-0.284786191744658,0.013031372674015,2.4294589451301363e-08,4.859515891599692e-06
21,1.0,1.0,0.5,0.85,50000,21,-0.2676142578598926,0.0129989361474487,-0.267614241854142,0.0130080529803692,1.6005750613778957e-08,9.116832920499918e-06
21,1.0,1.0,0.5,0.85,50000,22,-0.2866910640525655,0.0130813043201092,-0.28669108829827,0.0130974876204659,2.4245704499659126e-08,1.618330035670079e-05
21,1.0,1.0,0.5,0.85,50000,23,-0.2858697369380604,0.013030531773845,-0.285869729824446,0.0129940952074903,7.113614419740344e-09,3.643656635470005e-05
21,1.0,1.0,0.5,0.85,50000,24,-0.2677640708712434,0.0129946421963448,-0.267764111995615,0.0129865636751124,4.1124371630285594e-08,8.078521232400895e-06
21,1.0,1.0,0.5,0.85,50000,25,-0.2687238620349376,0.0130309403844046,-0.268723860064703,0.0130374440324805,1.9702345865901805e-09,6.503648075899954e-06
21,1.0,1.0,0.5,0.85,50000,26,-0.2936478162008286,0.0130284662867013,-0.293647817798968,0.0130368701523297,1.5981393985953218e-09,8.403865628399398e-06
21,1.0,1.0,0.5,0.85,50000,27,-0.2768211869952856,0.0130803969163744,-0.276821176495612,0.0130801292316292,1.0499673575026236e-08,2.6768474519975327e-07
21,1.0,1.0,0.5,0.85,50000,28,-0.2639010589594155,0.0130324180371975,-0.26390102157614,0.013053054691349,3.73832755307113e-08,2.0636654151499553e-05
21,1.0,1.0,0.5,0.85,50000,29,-0.2696755027317913,0.0130795165920207,-0.269675485835461,0.0130949483488039,1.6896330279347893e-08,1.543175678320012e-05
21,1.0,1.0,0.5,0.85,50000,30,-0.2652738016569461,0.01303991642445,-0.265273790081105,0.0130661308798154,1.1575841063482528e-08,2.62144553654e-05
21,1.0,1.0,0.5,0.85,50000,31,-0.2654837750007431,0.0130224617128965,-0.265483753376033,0.0130712758485282,2.1624710078160803e-08,4.881413563169977e-05
21,1.0,1.0,0.5,0.85,50000,32,-0.2902071433514437,0.0130136301505371,-0.290207126073678,0.0130364085656447,1.7277765718137772e-08,2.277841510760041e-05
21,1.0,1.0,0.5,0.85,50000,33,-0.263292010528305,0.0130113792799548,-0.263292017264025,0.0130134008925075,6.735720037287507e-09,2.0216125526991563e-06
21,1.0,1.0,0.5,0.85,50000,34,-0.276419036071992,0.0130276226249027,-0.276419046499011,0.0130352570027364,1.0427019025982531e-08,7.63437783369951e-06
21,1.0,1.0,0.5,0.85,50000,35,-0.2701719367375887,0.0130338804485595,-0.270171920449492,0.0130449004500913,1.6288096704730748e-08,1.1020001531799467e-05
21,1.0,1.0,0.5,0.85,50000,36,-0.2821154889524427,0.0130515231203025,-0.282115476193923,0.0130467499857518,1.2758519685185377e-08,4.7731345507000256e-06
21,1.0,1.0,0.5,0.85,50000,37,-0.267390653794552,0.0130662573702339,-0.267390645061042,0.0130669898042161,8.733510026281976e-09,7.324339821989517e-07
21,1.0,1.0,0.5,0.85,50000,38,-0.2662700317206342,0.0130972799118269,-0.266269994547535,0.0131024762904671,3.717309915440836e-08,5.19637864019977e-06
21,1.0,1.0,0.5,0.85,50000,39,-0.2836686025500202,0.0130862288695766,-0.283668551371914,0.0130901008884235,5.117810619736929e-08,3.8720188468999855e-06
21,1.0,1.0,0.5,0.85,50000,40,-0.2651333555272833,0.0130398927670603,-0.265133328584524,0.0130456690522121,2.6942759301373798e-08,5.776285151800481e-06
21,1.0,1.0,0.5,0.85,50000,41,-0.2787463496668019,0.0130496269544924,-0.278746363504825,0.01308977370603,1.3838023116274911e-08,4.014675153760083e-05
21,1.0,1.0,0.5,0.85,50000,42,-0.2668238214979565,0.0130277926771965,-0.26682380386168,0.0130388965644831,1.7636276550270225e-08,1.110388728660025e-05
21,1.0,1.0,0.5,0.85,50000,43,-0.2404936541240292,0.0129809562494578,-0.2404936662956,0.013000734789298,1.2171570806795984e-08,1.977853984020013e-05
21,1.0,1.0,0.5,0.85,50000,44,-0.2568671301145895,0.0130853845472961,-0.256867073325505,0.0131044305357868,5.678908449047171e-08,1.904598849070127e-05
21,1.0,1.0,0.5,0.85,50000,45,-0.2646905573884159,0.0130055305985156,-0.264690572399328,0.0129593473743846,1.501091206890237e-08,4.6183224131000206e-05
21,1.0,1.0,0.5,0.85,50000,46,-0.2496912984327396,0.0130831386772518,-0.249691321448882,0.0130826303164547,2.301614240862726e-08,5.083607970985532e-07
21,1.0,1.0,0.5,0.85,50000,47,-0.2615852222664794,0.0130560399624864,-0.261585219290648,0.0130623214389849,2.9758314146199893e-09,6.281476498500721e-06
21,1.0,1.0,0.5,0.85,50000,48,-0.270861573812804,0.0130387933949873,-0.270861569249901,0.0130400498424593,4.562902999882823e-09,1.2564474720002522e-06
21,1.0,1.0,0.5,0.85,50000,49,-0.2472668488396755,0.0130128105760402,-0.24726685290951,0.013006731676938,4.0698344971890066e-09,6.078899102200316e-06
22,1.0,1.0,0.33,1.0,50000,0,-0.1805878081431365,0.0128294211454387,-0.180587792806928,0.0128390196046167,1.533620849758499e-08,9.598459178000729e-06
22,1.0,1.0,0.33,1.0,50000,1,-0.1889845775600371,0.0129314393256193,-0.188984472098885,0.0129445139882872,1.0546115208898144e-07,1.3074662667899792e-05
22,1.0,1.0,0.33,1.0,50000,2,-0.1814770892265362,0.0128582999066362,-0.181477054996633,0.0128668696305743,3.422990318968644e-08,8.569723938100376e-06
22,1.0,1.0,0.33,1.0,50000,3,-0.172465605699232,0.0128642156414034,-0.172465600322417,0.0128811739788191,5.3768149932409415e-09,1.6958337415700492e-05
22,1.0,1.0,0.33,1.0,50000,4,-0.180637356641662,0.0127943268188335,-0.180637380269061,0.0128018037376149,2.3627399009518157e-08,7.476918781400971e-06
22,1.0,1.0,0.33,1.0,50000,5,-0.1556261238253943,0.0128311516753947,-0.15562611727862,0.0128381641063384,6.546774317106596e-09,7.0124309437015475e-06
22,1.0,1.0,0.33,1.0,50000,6,-0.1776387315112635,0.0128263467080607,-0.177638631399027,0.01285009189334,1.0011223650074896e-07,2.3745185279300945e-05
22,1.0,1.0,0.33,1.0,50000,7,-0.1732434032663388,0.0128416633935273,-0.173243410686718,0.0128770812190694,7.42037919998495e-09,3.541782554209935e-05
22,1.0,1.0,0.33,1.0,50000,8,-0.1365588892440921,0.0127924941614594,-0.136558874052947,0.0127841413876964,1.519114509185293e-08,8.352773762999519e-06
22,1.0,1.0,0.33,1.0,50000,9,-0.1845037807673118,0.0128524944886036,-0.184503777835329,0.0128773046433033,2.9319827954399358e-09,2.4810154699701076e-05
22,1.0,1.0,0.33,1.0,50000,10,-0.1599897667117475,0.0128556065573631,-0.15998972959311,0.012879868865944,3.711863749700228e-08,2.426230858089927e-05
22,1.0,1.0,0.33,1.0,50000,11,-0.1506515085066937,0.0128269822449717,-0.150651381428367,0.0128319288209138,1.2707832669489605e-07,4.946575942100032e-06
22,1.0,1.0,0.33,1.0,50000,12,-0.174334085743665,0.0128929239556165,-0.174334119533006,0.0128861192101981,3.378934101960773e-08,6.80474541839976e-06
22,1.0,1.0,0.33,1.0,50000,13,-0.1715997357714389,0.0128732619111173,-0.171599717603848,0.0128922700625403,1.8167590876139172e-08,1.9008151423000053e-05
22,1.0,1.0,0.33,1.0,50000,14,-0.14816369519043,0.0128120424903622,-0.148163689850571,0.0128330841215596,5.339858999420244e-09,2.104163119740106e-05
22,1.0,1.0,0.33,1.0,50000,15,-0.179768365509069,0.0128491818584319,-0.179768363410278,0.0128564483469989,2.0987910021030842e-09,7.266488566999921e-06
22,1.0,1.0,0.33,1.0,50000,16,-0.1559702758749513,0.0127770949321141,-0.155970266720973,0.0127753401009577,9.153978297593568e-09,1.7548311564002939e-06
22,1.0,1.0,0.33,1.0,50000,17,-0.1748832910510667,0.0128343770680298,-0.174883299972026,0.0128257048813182,8.92095930460357e-09,8.67218671160054e-06
22,1.0,1.0,0.33,1.0,50000,18,-0.1824306308933469,0.0127945213933926,-0.182430647120079,0.0128348362893396,1.6226732096891183e-08,4.0314895947000245e-05
22,1.0,1.0,0.33,1.0,50000,19,-0.1638375685740415,0.0128263682285703,-0.163837570858865,0.012845529838876,2.2848234970673786e-09,1.9161610305700252e-05
22,1.0,1.0,0.33,1.0,50000,20,-0.1555607217187258,0.0128620392507232,-0.155560727358698,0.0128931354356808,5.639972211479716e-09,3.109618495760087e-05
22,1.0,1.0,0.33,1.0,50000,21,-0.1917825630327656,0.0128846488732007,-0.191782468930494,0.0128995127599421,9.410227161388285e-08,1.486388674140117e-05
22,1.0,1.0,0.33,1.0,50000,22,-0.170679659938333,0.0128666004050267,-0.170679679265971,0.0128891726815293,1.9327637990063096e-08,2.2572276502600547e-05
22,1.0,1.0,0.33,1.0,50000,23,-0.1866917927619859,0.0128578770036573,-0.186691790960638,0.0128747175487008,1.8013478764178359e-09,1.6840545043498786e-05
22,1.0,1.0,0.33,1.0,50000,24,-0.171087070954558,0.0128203375840326,-0.171087063981763,0.0128367076955061,6.972795008053367e-09,1.6370111473500495e-05
22,1.0,1.0,0.33,1.0,50000,25,-0.1808104434610272,0.0128181376740431,-0.180810401106599,0.0128319148355782,4.235442821465263e-08,1.3777161535100807e-05
22,1.0,1.0,0.33,1.0,50000,26,-0.1592802222733034,0.0128650534147674,-0.159280223606002,0.012887273456784,1.3326985903727717e-09,2.2220042016600147e-05
22,1.0,1.0,0.33,1.0,50000,27,-0.1695539069631581,0.0128550077669352,-0.169553896042897,0.0128958446780218,1.0920261112046248e-08,4.083691108660095e-05
22,1.0,1.0,0.33,1.0,50000,28,-0.148464149902697,0.0127944463746338,-0.148464160227723,0.0127983824945441,1.0325026000845838e-08,3.936119910299962e-06
22,1.0,1.0,0.33,1.0,50000,29,-0.1540231397172023,0.0127991936206029,-0.154023127140334,0.012807357331342,1.2576868296809707e-08,8.16371073910152e-06
22,1.0,1.0,0.33,1.0,50000,30,-0.1764723067910441,0.0128617894060632,-0.176472294497968,0.0129008028361511,1.229307608485719e-08,3.9013430087898524e-05
22,1.0,1.0,0.33,1.0,50000,31,-0.1812835480020125,0.0128790901611738,-0.181283539187173,0.0128872375740622,8.814839497217619e-09,8.147412888400568e-06
22,1.0,1.0,0.33,1.0,50000,32,-0.1529153531155638,0.0128348343885611,-0.152915337452721,0.0128441230059435,1.5662842800523435e-08,9.288617382400069e-06
22,1.0,1.0,0.33,1.0,50000,33,-0.185643499262524,0.0128609909530895,-0.18564350196429,0.0128837783972689,2.7017660053640924e-09,2.2787444179399666e-05
22,1.0,1.0,0.33,1.0,50000,34,-0.1852159918764257,0.012846418399878,-0.185215987391275,0.0128822636570034,4.485150695288098e-09,3.5845257125398725e-05
22,1.0,1.0,0.33,1.0,50000,35,-0.1703254950611258,0.0128346544372699,-0.170325568009268,0.012833981490495,7.29481422212519e-08,6.729467748999712e-07
22,1.0,1.0,0.33,1.0,50000,36,-0.1523893178757165,0.0128432442826542,-0.152389336247735,0.0128665050698057,1.8372018517620603e-08,2.3260787151499138e-05
22,1.0,1.0,0.33,1.0,50000,37,-0.1873578503355098,0.0128152922381237,-0.187357843036428,0.0128264444110672,7.299081811185104e-09,1.1152172943500183e-05
22,1.0,1.0,0.33,1.0,50000,38,-0.1680503321583305,0.0128822751344207,-0.168050299243482,0.0129126169112401,3.291484851342119e-08,3.0341776819400174e-05
22,1.0,1.0,0.33,1.0,50000,39,-0.165669415200344,0.0129229506784099,-0.16566939699685,0.0129512995566813,1.8203494017710042e-08,2.8348878271399272e-05
22,1.0,1.0,0.33,1.0,50000,40,-0.1692325266757626,0.0128423338967347,-0.169232524268202,0.0128755489182228,2.4075605953299828e-09,3.321502148810086e-05
22,1.0,1.0,0.33,1.0,50000,41,-0.1859794854528641,0.0128275908159418,-0.185979478820441,0.0128357688952515,6.632423110719543e-09,8.178079309700478e-06
22,1.0,1.0,0.33,1.0,50000,42,-0.1767985994935587,0.0128622693138258,-0.176798591742484,0.0128813816415516,7.751074698747473e-09,1.9112327725801306e-05
22,1.0,1.0,0.33,1.0,50000,43,-0.1881427966581162,0.0128070511073674,-0.18814277869428,0.0128339106983037,1.796383619634412e-08,2.6859590936300498e-05
22,1.0,1.0,0.33,1.0,50000,44,-0.1678838077515407,0.0128462029882301,-0.167883813189863,0.0128776745104714,5.438322320250322e-09,3.147152224130048e-05
22,1.0,1.0,0.33,1.0,50000,45,-0.1881029264293846,0.0129009226943674,-0.188102932414457,0.0129167861564164,5.9850724098975405e-09,1.5863462048999397e-05
22,1.0,1.0,0.33,1.0,50000,46,-0.1785029546682211,0.0129000553317883,-0.178502958655154,0.0129356719922544,3.9869328949393434e-09,3.5616660466098946e-05
22,1.0,1.0,0.33,1.0,50000,47,-0.1938201000045513,0.0128431955828361,-0.193820050915417,0.0128405575188405,4.9089134285251745e-08,2.6380639955997376e-06
22,1.0,1.0,0.33,1.0,50000,48,-0.1801195486527871,0.0128709734469844,-0.180119550402759,0.012900407185591,1.7499719173752482e-09,2.9433738606600077e-05
22,1.0,1.0,0.33,1.0,50000,49,-0.1561401487889077,0.012803785324778,-0.156140191401472,0.0128181337201567,4.261256431048466e-08,1.4348395378701098e-05
23,1.0,1.0,0.33,0.85,50000,0,-0.3506903460195166,0.0131842306633198,-0.350690319064057,0.013234817450449,2.6955459586641695e-08,5.0586787129200395e-05
23,1.0,1.0,0.33,0.85,50000,1,-0.2966169178541558,0.0131321789412503,-0.296616883872276,0.0131578900251634,3.398187975456324e-08,2.571108391309987e-05
23,1.0,1.0,0.33,0.85,50000,2,-0.311291883319377,0.0131598310581477,-0.311291884615133,0.0131810806610996,1.2957560024950965e-09,2.124960295189944e-05
23,1.0,1.0,0.33,0.85,50000,3,-0.2988204648687095,0.0131869514343,-0.298820486416912,0.0132211823624177,2.1548202500110136e-08,3.4230928117700427e-05
23,1.0,1.0,0.33,0.85,50000,4,-0.3219709375178636,0.0132151016818758,-0.32197093682062,0.013204229519203,6.972435961927204e-10,1.0872162672800889e-05
23,1.0,1.0,0.33,0.85,50000,5,-0.3281317923472897,0.0131358233778423,-0.328131816543043,0.0131533027870837,2.419575334533519e-08,1.747940924140025e-05
23,1.0,1.0,0.33,0.85,50000,6,-0.3132890480788998,0.013141582454736,-0.313289034937811,0.0131531565309544,1.31410887727057e-08,1.1574076218399953e-05
23,1.0,1.0,0.33,0.85,50000,7,-0.3233051724930071,0.0132744907215485,-0.323305175617238,0.0133110780704449,3.124230874007594e-09,3.658734889640074e-05
23,1.0,1.0,0.33,0.85,50000,8,-0.3020539946728707,0.0131950250772884,-0.302054029174541,0.0132148820391403,3.4501670298503484e-08,1.9856961851898863e-05
23,1.0,1.0,0.33,0.85,50000,9,-0.3656258757183404,0.0132574624125127,-0.365625880394843,0.0132908189915205,4.676502629585855e-09,3.335657900780005e-05
23,1.0,1.0,0.33,0.85,50000,10,-0.3318195856185775,0.0132246831591875,-0.331819582742847,0.0132597930926248,2.875730487073014e-09,3.5109933437301594e-05
23,1.0,1.0,0.33,0.85,50000,11,-0.305840718861846,0.0131866788174416,-0.305840716641173,0.0131997241145207,2.2206729788365465e-09,1.3045297079098891e-05
23,1.0,1.0,0.33,0.85,50000,12,-0.3254998918596024,0.0131460510848471,-0.325499894337381,0.0131684328424,2.477778648923845e-09,2.238175755289902e-05
23,1.0,1.0,0.33,0.85,50000,13,-0.3149327175744977,0.0131424151355213,-0.31493268918291,0.0131246255963763,2.8391587691967146e-08,1.778953914500017e-05
23,1.0,1.0,0.33,0.85,50000,14,-0.3179589201887089,0.0131520421713999,-0.317958869601854,0.0131700837833732,5.058685492720372e-08,1.804161197330005e-05
23,1.0,1.0,0.33,0.85,50000,15,-0.3172591411425042,0.0131486019327487,-0.317259154135245,0.0131569066360635,1.2992740827666438e-08,8.304703314799405e-06
23,1.0,1.0,0.33,0.85,50000,16,-0.345528181208466,0.0131795597018748,-0.345528170826657,0.01321462255496,1.0381809023574107e-08,3.506285308520034e-05
23,1.0,1.0,0.33,0.85,50000,17,-0.310061599584391,0.0131740036067537,-0.310061589973124,0.0131966551925168,9.61126700449455e-09,2.2651585763099752e-05
23,1.0,1.0,0.33,0.85,50000,18,-0.3196098807565439,0.0131335400156376,-0.319609875447542,0.013167381824338,5.309001904763022e-09,3.384180870039978e-05
23,1.0,1.0,0.33,0.85,50000,19,-0.3105885322639807,0.013118591318895,-0.310588531150613,0.0131456752470709,1.113367675831256e-09,2.708392817589965e-05
23,1.0,1.0,0.33,0.85,50000,20,-0.3026833072565531,0.0131361509396827,-0.302683303861683,0.0131673836422769,3.3948701072539222e-09,3.123270259419893e-05
23,1.0,1.0,0.33,0.85,50000,21,-0.3179367993018199,0.0131988956150809,-0.317936789785837,0.0132490745131842,9.515982890562213e-09,5.017889810329974e-05
23,1.0,1.0,0.33,0.85,50000,22,-0.3260483037761768,0.0132136739815407,-0.326048297564946,0.0132089127223777,6.211230751951291e-09,4.761259162999049e-06
23,1.0,1.0,0.33,0.85,50000,23,-0.3296746613040366,0.0131626032036004,-0.329674620899845,0.0131716341029325,4.0404191603560236e-08,9.030899332100259e-06
23,1.0,1.0,0.33,0.85,50000,24,-0.3051779016315168,0.0131371115837827,-0.305177901433654,0.0131395396338186,1.9786283722567077e-10,2.428050035901269e-06
23,1.0,1.0,0.33,0.85,50000,25,-0.3393206410545445,0.0131930569271168,-0.33932063608998,0.0132452423918169,4.964564537246474e-09,5.218546470009931e-05
23,1.0,1.0,0.33,0.85,50000,26,-0.310683104343342,0.0132867521042504,-0.310683118194931,0.0132866061750826,1.3851588986923957e-08,1.459291677999991e-07
23,1.0,1.0,0.33,0.85,50000,27,-0.318305543418606,0.0131380490481818,-0.318305542947388,0.0131633514336526,4.712180090571394e-10,2.530238547080073e-05
23,1.0,1.0,0.33,0.85,50000,28,-0.3218221079050815,0.0131598938100333,-0.321822126370122,0.0131828639052033,1.8465040496629115e-08,2.297009517000098e-05
23,1.0,1.0,0.33,0.85,50000,29,-0.3091448149778362,0.0131618026369422,-0.309144792975739,0.0131876963693026,2.2002097199713688e-08,2.589373236039881e-05
23,1.0,1.0,0.33,0.85,50000,30,-0.3452401758017992,0.0131497464079906,-0.345240150913306,0.0131539630765023,2.4888493210806217e-08,4.216668511700453e-06
23,1.0,1.0,0.33,0.85,50000,31,-0.3381683983212412,0.0131899114341163,-0.338168379072998,0.0132085688908273,1.924824316601459e-08,1.865745671099893e-05
23,1.0,1.0,0.33,0.85,50000,32,-0.3246219698839081,0.0132041820429978,-0.324621972060723,0.0132319077609393,2.176814895005208e-09,2.7725717941500666e-05
23,1.0,1.0,0.33,0.85,50000,33,-0.3083312807872586,0.0131661283126059,-0.308331280144086,0.0131984498992524,6.431725707578551e-10,3.2321586646498826e-05
23,1.0,1.0,0.33,0.85,50000,34,-0.3490809473429033,0.013172935583121,-0.349080959682217,0.0131945956334325,1.2339313681941633e-08,2.1660050311501228e-05
23,1.0,1.0,0.33,0.85,50000,35,-0.3266935003964817,0.0131435517429646,-0.326693491380669,0.013168892613789,9.015812707513504e-09,2.534087082440087e-05
23,1.0,1.0,0.33,0.85,50000,36,-0.31691072962662,0.0131262309249807,-0.316910685143656,0.0131656421537518,4.448296397896456e-08,3.94112287710989e-05
23,1.0,1.0,0.33,0.85,50000,37,-0.3059329127337986,0.0132422469753428,-0.305932852632088,0.0132813926058111,6.010171055281788e-08,3.914563046829994e-05
23,1.0,1.0,0.33,0.85,50000,38,-0.3464912938294699,0.0132145798248844,-0.346491304851168,0.0132335855011675,1.1021698109736633e-08,1.9005676283101458e-05
23,1.0,1.0,0.33,0.85,50000,39,-0.3496872544747243,0.0132021217611405,-0.349687246054802,0.0132580554973507,8.419922314928385e-09,5.593373621019977e-05
23,1.0,1.0,0.33,0.85,50000,40,-0.3193539113727964,0.0132246027076545,-0.319353912426351,0.0132479867416557,1.0535546324241807e-09,2.3384034001200718e-05
23,1.0,1.0,0.33,0.85,50000,41,-0.3141069573071513,0.0131582186629477,-0.314106945344157,0.0131906704543347,1.196299431738268e-08,3.2451791387000384e-05
23,1.0,1.0,0.33,0.85,50000,42,-0.2998019849551195,0.0131429479669479,-0.299801961458981,0.0131168840150903,2.3496138479295325e-08,2.60639518576012e-05
23,1.0,1.0,0.33,0.85,50000,43,-0.3194246588208859,0.0131839136345566,-0.31942464169211,0.013207789304747,1.7128775897656823e-08,2.3875670190399295e-05
23,1.0,1.0,0.33,0.85,50000,44,-0.3042246906888006,0.0131054872190968,-0.304224680647162,0.0131647561332673,1.00416385762081e-08,5.926891417049919e-05
23,1.0,1.0,0.33,0.85,50000,45,-0.3330126050362165,0.0132025964445807,-0.333012617659363,0.0132273649793401,1.262314652805685e-08,2.476853475939962e-05
23,1.0,1.0,0.33,0.85,50000,46,-0.3133121307014852,0.0131668086597079,-0.313312109743376,0.0131878471149977,2.09581092480704e-08,2.1038455289799918e-05
23,1.0,1.0,0.33,0.85,50000,47,-0.3142709312747802,0.0131838085103364,-0.314270958707445,0.0132084886412474,2.7432664806426033e-08,2.4680130910999937e-05
23,1.0,1.0,0.33,0.85,50000,48,-0.3209519404442834,0.0131864893904197,-0.320951929949114,0.0132280696840616,1.0495169400215332e-08,4.158029364190012e-05
23,1.0,1.0,0.33,0.85,50000,49,-0.3164166960361856,0.0131550134035196,-0.316416706466113,0.0131992424504518,1.042992736621784e-08,4.422904693220098e-05
